call_id,caller_number,receiver_number,call_type,duration_seconds,data_usage_mb,call_date,region,cell_tower_id,call_status
1,08122561951,08134400368,data,0,2951.1,2025-11-19 00:22:42,Palembang,PLM-006,completed
2,08122153038,08134086463,data,0,1422.1,2025-11-19 00:50:46,Medan,MDN-004,completed
3,08127772864,08132145049,voice,179,0.0,2025-11-19 01:58:04,Bandung,BDG-005,completed
4,08123861273,08135108727,data,0,4823.8,2025-11-19 02:19:36,Jakarta,JKT-006,completed
5,08121476478,08132546588,voice,265,0.0,2025-11-19 07:07:51,Jakarta,JKT-004,completed
6,08129152462,08131411328,data,0,2136.9,2025-11-19 07:26:37,Yogyakarta,YOG-006,completed
7,08122102236,08133773951,data,0,1064.4,2025-11-19 09:20:17,Makassar,MKS-004,failed
8,08123819221,08131538795,voice,461,0.0,2025-11-19 10:37:17,Makassar,MKS-002,dropped
9,08125085916,08138556704,data,0,1135.1,2025-11-19 10:48:17,Makassar,MKS-004,dropped
10,08121040858,08132546588,data,0,4303.1,2025-11-19 10:54:27,Balikpapan,BPN-001,completed
11,08127009027,08132310425,voice,656,0.0,2025-11-19 11:07:10,Semarang,SMG-006,completed
12,08122534297,08138670118,data,0,3012.7,2025-11-19 11:11:17,Makassar,MKS-006,failed
13,08122561951,08135528971,sms,0,0.0,2025-11-19 11:45:08,Makassar,MKS-004,completed
14,08128682106,08138670118,data,0,3291.9,2025-11-19 11:50:17,Makassar,MKS-002,dropped
15,08122561951,08131312961,voice,47,0.0,2025-11-19 11:54:17,Makassar,MKS-001,dropped
16,08127603074,08133171407,voice,182,0.0,2025-11-19 12:01:53,Bandung,BDG-006,completed
17,08128682106,08131312961,voice,118,0.0,2025-11-19 12:08:17,Makassar,MKS-001,dropped
18,08129221446,08132686161,data,0,2577.2,2025-11-19 12:24:17,Makassar,MKS-001,failed
19,08121291312,08132686161,voice,626,0.0,2025-11-19 12:53:17,Makassar,MKS-004,dropped
20,08123359932,08136444787,sms,0,0.0,2025-11-19 12:58:17,Makassar,MKS-003,dropped
21,08124028773,08136475969,voice,635,0.0,2025-11-19 13:09:17,Makassar,MKS-002,dropped
22,08125737520,08138245839,voice,621,0.0,2025-11-19 13:12:17,Makassar,MKS-004,dropped
23,08121040858,08134492186,voice,293,0.0,2025-11-19 13:21:17,Makassar,MKS-004,failed
24,08126409986,08133617221,data,0,4547.1,2025-11-19 13:29:17,Makassar,MKS-005,dropped
25,08126705235,08134400368,voice,674,0.0,2025-11-19 13:43:02,Balikpapan,BPN-003,completed
26,08123755069,08139434563,voice,38,0.0,2025-11-19 13:53:17,Makassar,MKS-006,dropped
27,08127603074,08137966871,sms,0,0.0,2025-11-19 14:09:17,Makassar,MKS-003,failed
28,08127803551,08132904772,data,0,1205.7,2025-11-19 14:29:53,Surabaya,SBY-004,completed
29,08121040858,08134309599,voice,80,0.0,2025-11-19 14:33:17,Makassar,MKS-005,dropped
30,08122102236,08131723779,data,0,4261.6,2025-11-19 14:42:39,Palembang,PLM-003,completed
31,08124028773,08132160948,voice,404,0.0,2025-11-19 14:44:17,Makassar,MKS-004,failed
32,08123755069,08139238095,voice,388,0.0,2025-11-19 14:47:35,Makassar,MKS-001,completed
33,08123755069,08134116449,voice,257,0.0,2025-11-19 14:48:17,Makassar,MKS-001,dropped
34,08128753866,08131369129,voice,580,0.0,2025-11-19 15:15:17,Makassar,MKS-004,failed
35,08126851078,08136146599,data,0,2222.1,2025-11-19 15:48:17,Makassar,MKS-001,dropped
36,08129221446,08136757515,sms,0,0.0,2025-11-19 15:54:17,Makassar,MKS-001,failed
37,08129282643,08135256740,data,0,3961.2,2025-11-19 17:11:44,Bandung,BDG-001,completed
38,08122561951,08131538795,voice,313,0.0,2025-11-19 17:29:56,Semarang,SMG-003,completed
39,08126781597,08131595943,data,0,2487.8,2025-11-19 20:37:58,Balikpapan,BPN-005,completed
40,08129282643,08132091000,voice,490,0.0,2025-11-19 22:41:07,Jakarta,JKT-003,failed
41,08127009027,08131595943,voice,270,0.0,2025-11-19 23:16:07,Jakarta,JKT-002,dropped
42,08122102236,08131595943,voice,214,0.0,2025-11-20 00:20:07,Jakarta,JKT-002,dropped
43,08128809498,08134400368,voice,189,0.0,2025-11-20 00:23:07,Jakarta,JKT-004,dropped
44,08123819221,08134445123,sms,0,0.0,2025-11-20 00:23:09,Yogyakarta,YOG-002,completed
45,08125737520,08133171407,data,0,2394.3,2025-11-20 01:13:07,Jakarta,JKT-002,failed
46,08123819221,08134400368,voice,473,0.0,2025-11-20 01:22:07,Jakarta,JKT-005,dropped
47,08127772864,08132091000,voice,713,0.0,2025-11-20 01:42:07,Jakarta,JKT-001,dropped
48,08129329387,08136179863,voice,184,0.0,2025-11-20 01:53:07,Jakarta,JKT-002,failed
49,08123861273,08139238095,sms,0,0.0,2025-11-20 02:27:07,Jakarta,JKT-003,failed
50,08124007520,08138245839,data,0,534.6,2025-11-20 02:38:07,Jakarta,JKT-003,failed
51,08129221446,08138153511,sms,0,0.0,2025-11-20 02:43:07,Jakarta,JKT-001,dropped
52,08129282643,08136179863,sms,0,0.0,2025-11-20 03:01:07,Jakarta,JKT-002,failed
53,08129996828,08135528971,voice,332,0.0,2025-11-20 03:27:07,Jakarta,JKT-004,failed
54,08129373756,08131889916,data,0,1928.6,2025-11-20 03:30:17,Semarang,SMG-006,completed
55,08123722577,08138556704,voice,230,0.0,2025-11-20 03:33:07,Jakarta,JKT-004,failed
56,08129282643,08136475969,data,0,4808.5,2025-11-20 03:40:07,Jakarta,JKT-001,dropped
57,08121040858,08138245839,sms,0,0.0,2025-11-20 03:43:07,Jakarta,JKT-003,failed
58,08121899899,08139516217,data,0,1601.7,2025-11-20 03:45:53,Denpasar,DPS-004,completed
59,08126351163,08133773951,voice,407,0.0,2025-11-20 03:54:07,Jakarta,JKT-006,failed
60,08127232704,08132353532,voice,431,0.0,2025-11-20 04:14:07,Jakarta,JKT-002,dropped
61,08129282643,08132546588,voice,624,0.0,2025-11-20 04:15:07,Jakarta,JKT-004,failed
62,08122102236,08134086463,voice,305,0.0,2025-11-20 04:25:07,Jakarta,JKT-001,failed
63,08123741962,08133617221,sms,0,0.0,2025-11-20 04:26:07,Jakarta,JKT-001,dropped
64,08122534297,08131538795,data,0,4313.2,2025-11-20 04:34:07,Jakarta,JKT-005,dropped
65,08125916355,08134086463,data,0,3351.7,2025-11-20 05:04:07,Jakarta,JKT-006,failed
66,08121476478,08138556704,sms,0,0.0,2025-11-20 05:12:07,Jakarta,JKT-001,dropped
67,08127772864,08131723779,sms,0,0.0,2025-11-20 05:18:07,Jakarta,JKT-004,failed
68,08125916355,08136179863,voice,638,0.0,2025-11-20 05:19:17,Yogyakarta,YOG-003,completed
69,08121626747,08131369129,sms,0,0.0,2025-11-20 05:23:07,Jakarta,JKT-001,dropped
70,08123010002,08133550005,voice,240,0.0,2025-11-20 05:42:07,Jakarta,JKT-002,dropped
71,08127129850,08131595943,sms,0,0.0,2025-11-20 05:54:07,Jakarta,JKT-005,failed
72,08123741962,08133550005,voice,536,0.0,2025-11-20 06:22:53,Semarang,SMG-004,completed
73,08127772864,08133550005,data,0,262.2,2025-11-20 06:39:08,Jakarta,JKT-002,completed
74,08129329387,08139516217,voice,241,0.0,2025-11-20 07:16:07,Jakarta,JKT-003,failed
75,08123502196,08139238095,voice,471,0.0,2025-11-20 08:26:07,Jakarta,JKT-004,failed
76,08127803551,08134309599,voice,683,0.0,2025-11-20 08:44:07,Jakarta,JKT-006,dropped
77,08124193747,08133171407,sms,0,0.0,2025-11-20 09:11:42,Makassar,MKS-003,completed
78,08129282643,08134492186,data,0,4422.1,2025-11-20 11:29:31,Bandung,BDG-005,dropped
79,08128682106,08139434563,voice,513,0.0,2025-11-20 12:24:31,Bandung,BDG-006,dropped
80,08124028773,08135108727,data,0,4598.4,2025-11-20 12:26:31,Bandung,BDG-004,failed
81,08129282643,08138120117,data,0,1357.5,2025-11-20 12:38:20,Yogyakarta,YOG-006,completed
82,08128682106,08139434563,voice,300,0.0,2025-11-20 12:54:31,Bandung,BDG-003,failed
83,08126851078,08131931137,voice,29,0.0,2025-11-20 13:03:31,Bandung,BDG-002,dropped
84,08123502196,08131723779,voice,457,0.0,2025-11-20 13:26:31,Bandung,BDG-002,dropped
85,08123359932,08133773951,data,0,3243.9,2025-11-20 13:51:04,Balikpapan,BPN-003,completed
86,08127009027,08136757515,voice,152,0.0,2025-11-20 13:53:31,Bandung,BDG-006,dropped
87,08127803551,08132904772,voice,457,0.0,2025-11-20 13:54:31,Bandung,BDG-003,failed
88,08123861273,08135677762,data,0,4463.6,2025-11-20 14:04:31,Bandung,BDG-006,dropped
89,08127803551,08136444787,sms,0,0.0,2025-11-20 14:04:31,Bandung,BDG-004,failed
90,08123359932,08139434563,data,0,3132.2,2025-11-20 14:27:31,Bandung,BDG-004,failed
91,08127232704,08135528971,data,0,4592.3,2025-11-20 14:52:31,Bandung,BDG-001,dropped
92,08122713684,08135528971,voice,115,0.0,2025-11-20 15:02:31,Bandung,BDG-002,dropped
93,08125085916,08133617221,sms,0,0.0,2025-11-20 15:34:32,Denpasar,DPS-006,completed
94,08128753866,08131140163,data,0,1233.1,2025-11-20 15:36:15,Surabaya,SBY-004,failed
95,08129329387,08132160948,sms,0,0.0,2025-11-20 15:44:31,Bandung,BDG-001,failed
96,08125737520,08135677762,data,0,2338.3,2025-11-20 15:50:31,Bandung,BDG-005,dropped
97,08125916355,08134116449,voice,565,0.0,2025-11-20 15:57:46,Yogyakarta,YOG-002,completed
98,08124028773,08134309599,voice,381,0.0,2025-11-20 16:00:31,Bandung,BDG-002,dropped
99,08125737520,08131140163,data,0,4462.3,2025-11-20 16:08:15,Surabaya,SBY-002,dropped
100,08129373756,08138120117,sms,0,0.0,2025-11-20 16:21:31,Surabaya,SBY-005,completed
101,08121291312,08134445123,voice,633,0.0,2025-11-20 16:24:15,Surabaya,SBY-004,dropped
102,08128809498,08137966871,voice,51,0.0,2025-11-20 16:35:31,Bandung,BDG-002,dropped
103,08123010002,08132160948,voice,80,0.0,2025-11-20 16:45:31,Bandung,BDG-002,dropped
104,08123819221,08136179863,data,0,2683.9,2025-11-20 16:47:25,Denpasar,DPS-006,completed
105,08121040858,08131538795,data,0,3950.6,2025-11-20 16:49:31,Bandung,BDG-004,dropped
106,08129373756,08131595943,voice,311,0.0,2025-11-20 17:02:15,Surabaya,SBY-003,failed
107,08123010002,08136475969,voice,368,0.0,2025-11-20 17:08:09,Yogyakarta,YOG-002,completed
108,08122480627,08133617221,voice,365,0.0,2025-11-20 17:12:15,Surabaya,SBY-001,dropped
109,08128682106,08132546588,voice,640,0.0,2025-11-20 17:29:31,Bandung,BDG-004,dropped
110,08126409986,08136054797,voice,379,0.0,2025-11-20 17:32:15,Surabaya,SBY-005,dropped
111,08123502196,08135108727,voice,705,0.0,2025-11-20 17:36:15,Surabaya,SBY-005,dropped
112,08122480627,08136444787,voice,203,0.0,2025-11-20 17:38:31,Bandung,BDG-001,dropped
113,08129282643,08132091000,voice,335,0.0,2025-11-20 18:08:15,Surabaya,SBY-003,failed
114,08126409986,08133171407,voice,646,0.0,2025-11-20 18:59:31,Bandung,BDG-001,failed
115,08126851078,08136475969,voice,598,0.0,2025-11-20 19:19:16,Semarang,SMG-004,completed
116,08123340178,08133550005,voice,699,0.0,2025-11-20 19:57:15,Surabaya,SBY-001,dropped
117,08127129850,08131312961,data,0,3025.4,2025-11-20 20:07:15,Surabaya,SBY-002,dropped
118,08123741962,08138245839,voice,62,0.0,2025-11-20 20:25:15,Surabaya,SBY-004,dropped
119,08121078308,08134492186,data,0,4635.7,2025-11-20 20:30:25,Surabaya,SBY-001,completed
120,08121476478,08139516217,voice,86,0.0,2025-11-20 20:37:15,Surabaya,SBY-002,dropped
121,08123502196,08133550005,voice,419,0.0,2025-11-20 20:37:15,Surabaya,SBY-002,dropped
122,08128809498,08137966871,sms,0,0.0,2025-11-20 20:44:15,Surabaya,SBY-001,dropped
123,08129152462,08132686161,voice,651,0.0,2025-11-20 21:00:15,Surabaya,SBY-003,failed
124,08127129850,08133783250,data,0,3203.1,2025-11-20 21:09:15,Surabaya,SBY-001,dropped
125,08125916355,08136475969,data,0,2773.7,2025-11-20 21:13:15,Surabaya,SBY-004,dropped
126,08121899899,08136444787,voice,646,0.0,2025-11-20 21:33:15,Surabaya,SBY-001,dropped
127,08129282643,08133617221,data,0,1290.0,2025-11-20 22:08:11,Palembang,PLM-001,completed
128,08128310846,08134309599,sms,0,0.0,2025-11-20 22:38:15,Surabaya,SBY-004,failed
129,08121291312,08134086463,sms,0,0.0,2025-11-20 22:51:15,Surabaya,SBY-002,dropped
130,08121476478,08134116449,voice,54,0.0,2025-11-21 01:06:13,Balikpapan,BPN-001,completed
131,08128682106,08131312961,voice,52,0.0,2025-11-21 01:08:54,Semarang,SMG-003,completed
132,08127232704,08135528971,voice,663,0.0,2025-11-21 03:32:21,Semarang,SMG-003,completed
133,08127603074,08131723779,voice,117,0.0,2025-11-21 05:08:14,Denpasar,DPS-006,completed
134,08123861273,08134116449,voice,225,0.0,2025-11-21 05:28:24,Makassar,MKS-002,completed
135,08125737520,08136475969,data,0,3961.9,2025-11-21 08:06:21,Palembang,PLM-003,completed
136,08121899899,08133617221,data,0,711.8,2025-11-21 08:20:45,Denpasar,DPS-002,completed
137,08122480627,08133171407,voice,604,0.0,2025-11-21 08:22:10,Palembang,PLM-004,completed
138,08126705235,08132686161,voice,234,0.0,2025-11-21 10:08:59,Surabaya,SBY-002,completed
139,08129996828,08134400368,data,0,3662.5,2025-11-21 10:43:23,Surabaya,SBY-005,completed
140,08129152462,08131369129,sms,0,0.0,2025-11-21 10:43:58,Surabaya,SBY-001,completed
141,08122480627,08136444787,data,0,3398.2,2025-11-21 12:00:58,Bandung,BDG-001,dropped
142,08123340178,08133617221,data,0,4431.0,2025-11-21 13:13:58,Bandung,BDG-004,failed
143,08127232704,08131411328,voice,145,0.0,2025-11-21 13:55:58,Bandung,BDG-001,dropped
144,08122534297,08139434563,voice,417,0.0,2025-11-21 14:31:58,Bandung,BDG-004,dropped
145,08124193747,08132686161,sms,0,0.0,2025-11-21 14:43:58,Bandung,BDG-001,dropped
146,08127129850,08139434563,voice,418,0.0,2025-11-21 15:44:58,Bandung,BDG-001,dropped
147,08129221446,08138245839,data,0,1931.0,2025-11-21 15:46:58,Bandung,BDG-003,failed
148,08121291312,08131140163,data,0,3297.8,2025-11-21 15:50:58,Bandung,BDG-003,dropped
149,08123727379,08136475969,voice,658,0.0,2025-11-21 16:25:58,Bandung,BDG-003,failed
150,08127803551,08132160948,voice,526,0.0,2025-11-21 16:28:58,Bandung,BDG-005,dropped
151,08122480627,08135528971,sms,0,0.0,2025-11-21 16:29:58,Bandung,BDG-001,failed
152,08129996828,08139516217,voice,665,0.0,2025-11-21 16:42:58,Bandung,BDG-003,failed
153,08122534297,08138120117,data,0,4728.4,2025-11-21 16:43:58,Bandung,BDG-003,dropped
154,08126781597,08132546588,voice,150,0.0,2025-11-21 16:48:58,Bandung,BDG-001,failed
155,08123359932,08135528971,sms,0,0.0,2025-11-21 16:57:58,Bandung,BDG-004,failed
156,08123861273,08136475969,data,0,3210.9,2025-11-21 18:08:58,Bandung,BDG-003,failed
157,08123861273,08134309599,voice,470,0.0,2025-11-21 18:44:58,Bandung,BDG-002,dropped
158,08124007520,08131140163,voice,326,0.0,2025-11-21 18:48:58,Bandung,BDG-004,dropped
159,08127009027,08131278077,data,0,2586.3,2025-11-21 19:42:58,Bandung,BDG-003,dropped
160,08127232704,08134445123,voice,526,0.0,2025-11-21 19:46:09,Bandung,BDG-004,completed
161,08127772864,08139434563,data,0,3751.5,2025-11-21 20:18:14,Yogyakarta,YOG-002,completed
162,08123755069,08135108727,voice,565,0.0,2025-11-21 20:46:58,Bandung,BDG-002,dropped
163,08122102236,08138153511,sms,0,0.0,2025-11-21 20:52:45,Semarang,SMG-002,completed
164,08122480627,08131140163,voice,279,0.0,2025-11-21 20:59:58,Bandung,BDG-002,dropped
165,08124007520,08131369129,data,0,2101.7,2025-11-21 21:26:32,Semarang,SMG-002,completed
166,08122480627,08134400368,data,0,3493.7,2025-11-21 22:45:36,Medan,MDN-003,completed
167,08123741962,08134445123,voice,143,0.0,2025-11-22 00:33:06,Denpasar,DPS-005,completed
168,08121626747,08134309599,data,0,4768.0,2025-11-22 08:30:46,Jakarta,JKT-001,completed
169,08122561951,08135677762,data,0,4909.5,2025-11-22 10:18:10,Jakarta,JKT-005,completed
170,08129373756,08136444787,voice,514,0.0,2025-11-22 10:20:32,Yogyakarta,YOG-001,completed
171,08122534297,08138120117,voice,161,0.0,2025-11-22 10:36:49,Yogyakarta,YOG-001,completed
172,08127603074,08136146599,voice,181,0.0,2025-11-22 12:27:31,Balikpapan,BPN-006,completed
173,08127772864,08132145049,data,0,3727.0,2025-11-22 12:40:32,Denpasar,DPS-001,dropped
174,08123359932,08132353532,voice,369,0.0,2025-11-22 12:51:32,Denpasar,DPS-004,dropped
175,08129152462,08137966871,data,0,985.3,2025-11-22 13:00:04,Medan,MDN-006,completed
176,08123502196,08136475969,voice,377,0.0,2025-11-22 13:01:32,Denpasar,DPS-003,failed
177,08127772864,08132091000,voice,330,0.0,2025-11-22 13:20:15,Denpasar,DPS-001,completed
178,08121291312,08134492186,voice,79,0.0,2025-11-22 13:27:05,Semarang,SMG-006,completed
179,08129373756,08131931137,voice,665,0.0,2025-11-22 13:37:32,Denpasar,DPS-003,dropped
180,08124028773,08136475969,voice,250,0.0,2025-11-22 13:40:10,Jakarta,JKT-004,completed
181,08129152462,08131538795,voice,340,0.0,2025-11-22 14:08:32,Denpasar,DPS-001,dropped
182,08123722577,08133617221,data,0,3567.9,2025-11-22 14:25:32,Denpasar,DPS-003,failed
183,08122153038,08135528971,data,0,3281.7,2025-11-22 14:42:32,Denpasar,DPS-005,dropped
184,08127803551,08133550005,voice,262,0.0,2025-11-22 14:59:32,Denpasar,DPS-003,failed
185,08123819221,08132745116,data,0,4981.5,2025-11-22 15:12:32,Denpasar,DPS-004,dropped
186,08129152462,08132546588,sms,0,0.0,2025-11-22 15:36:45,Makassar,MKS-006,completed
187,08129329387,08132904772,voice,495,0.0,2025-11-22 15:45:32,Denpasar,DPS-002,dropped
188,08126705235,08132904772,voice,500,0.0,2025-11-22 15:49:32,Denpasar,DPS-001,failed
189,08126705235,08133617221,data,0,4312.3,2025-11-22 15:53:32,Denpasar,DPS-003,failed
190,08127129850,08138670118,data,0,3388.6,2025-11-22 15:55:32,Denpasar,DPS-001,dropped
191,08128682106,08138670118,voice,237,0.0,2025-11-22 16:34:32,Denpasar,DPS-002,dropped
192,08128310846,08135108727,sms,0,0.0,2025-11-22 16:55:32,Denpasar,DPS-002,failed
193,08126851078,08139434563,voice,155,0.0,2025-11-22 17:03:32,Denpasar,DPS-002,dropped
194,08129373756,08132160948,voice,636,0.0,2025-11-22 17:14:27,Balikpapan,BPN-005,completed
195,08122561951,08136054797,voice,453,0.0,2025-11-22 17:16:32,Denpasar,DPS-001,dropped
196,08123722577,08131723779,voice,387,0.0,2025-11-22 17:36:32,Denpasar,DPS-004,dropped
197,08127772864,08133550005,sms,0,0.0,2025-11-22 17:44:32,Denpasar,DPS-003,failed
198,08126705235,08135108727,voice,28,0.0,2025-11-22 17:56:32,Denpasar,DPS-001,dropped
199,08125916355,08133550005,voice,498,0.0,2025-11-22 18:10:32,Denpasar,DPS-006,failed
200,08129373756,08138670118,voice,530,0.0,2025-11-22 18:42:32,Denpasar,DPS-002,dropped
201,08123502196,08137966871,sms,0,0.0,2025-11-22 18:42:32,Denpasar,DPS-002,dropped
202,08123819221,08134445123,sms,0,0.0,2025-11-22 18:50:32,Denpasar,DPS-001,dropped
203,08122534297,08139434563,voice,533,0.0,2025-11-22 19:10:32,Denpasar,DPS-001,dropped
204,08121078308,08133773951,voice,146,0.0,2025-11-22 19:11:32,Denpasar,DPS-004,failed
205,08125916355,08131723779,voice,544,0.0,2025-11-22 19:31:32,Denpasar,DPS-001,dropped
206,08128682106,08131538795,data,0,2978.4,2025-11-22 21:17:30,Surabaya,SBY-006,completed
207,08127772864,08131889916,data,0,4787.8,2025-11-22 21:32:59,Yogyakarta,YOG-002,completed
208,08121337099,08138670118,voice,424,0.0,2025-11-22 22:17:32,Denpasar,DPS-001,dropped
209,08121626747,08137966871,voice,543,0.0,2025-11-23 00:14:00,Surabaya,SBY-006,completed
210,08123722577,08134400368,voice,173,0.0,2025-11-23 07:17:26,Jakarta,JKT-002,completed
211,08121899899,08132353532,sms,0,0.0,2025-11-23 07:47:57,Bandung,BDG-006,completed
212,08122561951,08132310425,sms,0,0.0,2025-11-23 09:58:14,Medan,MDN-001,completed
213,08129221446,08134400368,voice,130,0.0,2025-11-23 10:16:35,Jakarta,JKT-005,completed
214,08127803551,08135677762,voice,550,0.0,2025-11-23 10:53:27,Bandung,BDG-002,completed
215,08123741962,08138153511,voice,554,0.0,2025-11-23 11:58:41,Jakarta,JKT-003,completed
216,08123861273,08133550005,voice,694,0.0,2025-11-23 12:40:27,Palembang,PLM-002,completed
217,08122102236,08131723779,voice,121,0.0,2025-11-23 12:41:04,Palembang,PLM-006,completed
218,08128682106,08138153511,sms,0,0.0,2025-11-23 14:04:13,Jakarta,JKT-001,completed
219,08126851078,08133773951,data,0,4852.1,2025-11-23 14:32:42,Yogyakarta,YOG-001,completed
220,08126851078,08132145049,sms,0,0.0,2025-11-23 14:35:40,Denpasar,DPS-003,completed
221,08129221446,08138245839,voice,343,0.0,2025-11-23 16:11:53,Palembang,PLM-004,completed
222,08121626747,08133783250,voice,515,0.0,2025-11-23 17:20:43,Balikpapan,BPN-001,completed
223,08126351163,08132353532,sms,0,0.0,2025-11-23 17:24:06,Bandung,BDG-005,completed
224,08129373756,08131723779,data,0,4888.2,2025-11-23 17:37:40,Palembang,PLM-004,completed
225,08123722577,08139434563,voice,683,0.0,2025-11-23 18:05:07,Surabaya,SBY-002,completed
226,08122534297,08132091000,sms,0,0.0,2025-11-23 18:57:39,Palembang,PLM-006,completed
227,08121040858,08132686161,voice,112,0.0,2025-11-23 18:59:31,Semarang,SMG-002,completed
228,08127772864,08138153511,data,0,4537.0,2025-11-23 19:11:04,Surabaya,SBY-001,completed
229,08129373756,08131140163,voice,293,0.0,2025-11-23 19:31:58,Surabaya,SBY-002,completed
230,08126409986,08139238095,voice,252,0.0,2025-11-23 20:06:57,Bandung,BDG-003,completed
231,08127129850,08133171407,sms,0,0.0,2025-11-23 20:25:53,Jakarta,JKT-003,completed
232,08123359932,08131723779,data,0,911.8,2025-11-24 01:23:37,Jakarta,JKT-006,completed
233,08123819221,08138670118,data,0,612.9,2025-11-24 02:24:36,Medan,MDN-003,completed
234,08122153038,08131278077,voice,626,0.0,2025-11-24 03:56:18,Surabaya,SBY-002,completed
235,08121291312,08139238095,sms,0,0.0,2025-11-24 04:32:35,Bandung,BDG-001,completed
236,08121476478,08133617221,voice,220,0.0,2025-11-24 04:42:23,Surabaya,SBY-006,completed
237,08127232704,08139238095,voice,247,0.0,2025-11-24 04:56:52,Medan,MDN-005,completed
238,08121291312,08132745116,sms,0,0.0,2025-11-24 06:12:37,Yogyakarta,YOG-004,completed
239,08123722577,08131889916,voice,300,0.0,2025-11-24 06:21:48,Jakarta,JKT-006,completed
240,08128682106,08134116449,voice,513,0.0,2025-11-24 07:36:11,Semarang,SMG-004,completed
241,08122534297,08132091000,voice,338,0.0,2025-11-24 08:44:25,Jakarta,JKT-005,completed
242,08125737520,08131931137,voice,674,0.0,2025-11-24 09:43:09,Palembang,PLM-001,completed
243,08123359932,08132546588,data,0,1750.4,2025-11-24 11:50:49,Jakarta,JKT-003,completed
244,08126705235,08132353532,voice,421,0.0,2025-11-24 13:03:38,Semarang,SMG-004,completed
245,08126851078,08139238095,voice,457,0.0,2025-11-24 14:02:46,Surabaya,SBY-005,completed
246,08127009027,08134116449,voice,699,0.0,2025-11-24 15:40:01,Denpasar,DPS-004,completed
247,08128753866,08136757515,sms,0,0.0,2025-11-24 15:57:22,Yogyakarta,YOG-003,completed
248,08123861273,08131411328,voice,464,0.0,2025-11-24 17:06:40,Surabaya,SBY-001,completed
249,08122102236,08135528971,voice,377,0.0,2025-11-24 17:06:52,Yogyakarta,YOG-004,completed
250,08129152462,08139434563,data,0,2119.7,2025-11-24 19:40:47,Balikpapan,BPN-004,completed
251,08124007520,08131411328,voice,280,0.0,2025-11-25 03:23:14,Denpasar,DPS-002,completed
252,08121476478,08138153511,data,0,555.5,2025-11-25 03:50:35,Yogyakarta,YOG-005,completed
253,08123340178,08131538795,sms,0,0.0,2025-11-25 05:20:23,Semarang,SMG-002,completed
254,08126781597,08138556704,data,0,855.4,2025-11-25 05:26:22,Medan,MDN-002,completed
255,08126351163,08138670118,sms,0,0.0,2025-11-25 06:39:09,Balikpapan,BPN-002,completed
256,08121476478,08138556704,voice,496,0.0,2025-11-25 08:13:20,Balikpapan,BPN-006,completed
257,08122153038,08134141852,data,0,1182.3,2025-11-25 12:44:57,Medan,MDN-001,completed
258,08123727379,08133171407,voice,440,0.0,2025-11-25 13:54:55,Medan,MDN-002,completed
259,08127603074,08136475969,voice,348,0.0,2025-11-25 15:21:49,Jakarta,JKT-006,completed
260,08127009027,08134086463,sms,0,0.0,2025-11-25 18:13:52,Jakarta,JKT-001,completed
261,08122102236,08135256740,voice,42,0.0,2025-11-25 18:45:25,Denpasar,DPS-004,completed
262,08129152462,08138670118,voice,610,0.0,2025-11-25 23:27:45,Surabaya,SBY-003,completed
263,08126781597,08134309599,sms,0,0.0,2025-11-26 00:35:21,Jakarta,JKT-003,completed
264,08123819221,08134309599,sms,0,0.0,2025-11-26 01:52:16,Bandung,BDG-003,completed
265,08129373756,08131369129,data,0,4650.2,2025-11-26 02:23:42,Semarang,SMG-002,completed
266,08121040858,08135677762,voice,150,0.0,2025-11-26 02:26:55,Semarang,SMG-003,completed
267,08123819221,08131369129,voice,453,0.0,2025-11-26 06:36:55,Surabaya,SBY-003,completed
268,08123727379,08133550005,sms,0,0.0,2025-11-26 07:44:40,Semarang,SMG-003,completed
269,08123010002,08131538795,data,0,4183.5,2025-11-26 09:36:48,Balikpapan,BPN-003,completed
270,08123502196,08136757515,data,0,3187.8,2025-11-26 09:53:27,Medan,MDN-001,completed
271,08121626747,08131312961,voice,100,0.0,2025-11-26 10:13:35,Surabaya,SBY-005,completed
272,08121040858,08138556704,voice,23,0.0,2025-11-26 11:15:18,Balikpapan,BPN-005,completed
273,08122561951,08136179863,voice,515,0.0,2025-11-26 12:39:14,Jakarta,JKT-003,completed
274,08123359932,08136444787,data,0,909.8,2025-11-26 14:22:37,Yogyakarta,YOG-001,completed
275,08123861273,08138120117,voice,186,0.0,2025-11-26 14:39:14,Medan,MDN-004,completed
276,08127603074,08132745116,data,0,809.7,2025-11-26 14:50:56,Makassar,MKS-004,completed
277,08124007520,08138670118,voice,580,0.0,2025-11-26 18:40:14,Bandung,BDG-002,completed
278,08127603074,08131312961,voice,393,0.0,2025-11-26 20:40:11,Medan,MDN-006,completed
279,08126409986,08132904772,voice,587,0.0,2025-11-26 21:34:41,Denpasar,DPS-003,completed
280,08126781597,08138153511,voice,587,0.0,2025-11-26 22:34:39,Jakarta,JKT-006,completed
281,08123819221,08133783250,voice,84,0.0,2025-11-26 23:20:57,Medan,MDN-001,completed
282,08127803551,08136179863,voice,612,0.0,2025-11-27 01:26:06,Makassar,MKS-005,completed
283,08126781597,08134492186,voice,175,0.0,2025-11-27 03:16:50,Balikpapan,BPN-004,completed
284,08122102236,08133783250,data,0,3033.7,2025-11-27 05:28:52,Medan,MDN-003,completed
285,08127603074,08132145049,data,0,398.2,2025-11-27 07:14:06,Jakarta,JKT-001,dropped
286,08121476478,08136444787,sms,0,0.0,2025-11-27 07:25:06,Jakarta,JKT-002,dropped
287,08127232704,08131140163,voice,283,0.0,2025-11-27 07:51:06,Jakarta,JKT-001,dropped
288,08126351163,08131140163,data,0,4906.2,2025-11-27 07:56:06,Jakarta,JKT-003,dropped
289,08126781597,08132546588,voice,535,0.0,2025-11-27 08:10:06,Jakarta,JKT-001,dropped
290,08121899899,08134400368,data,0,2319.5,2025-11-27 08:19:06,Jakarta,JKT-003,dropped
291,08124007520,08131723779,voice,304,0.0,2025-11-27 08:37:06,Jakarta,JKT-001,dropped
292,08121078308,08132904772,voice,314,0.0,2025-11-27 08:39:06,Jakarta,JKT-006,dropped
293,08127803551,08134492186,voice,647,0.0,2025-11-27 09:02:06,Jakarta,JKT-001,dropped
294,08122102236,08139238095,data,0,635.1,2025-11-27 09:23:06,Jakarta,JKT-004,dropped
295,08123727379,08136444787,voice,710,0.0,2025-11-27 09:32:21,Semarang,SMG-002,completed
296,08121626747,08132904772,voice,436,0.0,2025-11-27 09:44:06,Jakarta,JKT-002,dropped
297,08124007520,08136475969,data,0,1322.5,2025-11-27 09:51:06,Jakarta,JKT-004,failed
298,08122102236,08135677762,voice,449,0.0,2025-11-27 09:56:06,Jakarta,JKT-001,dropped
299,08121040858,08136757515,voice,112,0.0,2025-11-27 10:10:06,Jakarta,JKT-001,dropped
300,08123502196,08132353532,voice,314,0.0,2025-11-27 10:13:06,Jakarta,JKT-002,dropped
301,08128809498,08131278077,data,0,1647.9,2025-11-27 10:18:06,Jakarta,JKT-002,dropped
302,08121040858,08131889916,sms,0,0.0,2025-11-27 10:34:06,Jakarta,JKT-002,dropped
303,08129329387,08133617221,voice,583,0.0,2025-11-27 10:37:06,Jakarta,JKT-003,failed
304,08121291312,08133550005,voice,491,0.0,2025-11-27 10:47:06,Jakarta,JKT-004,dropped
305,08128753866,08136444787,data,0,744.5,2025-11-27 10:59:06,Jakarta,JKT-002,dropped
306,08122561951,08136475969,voice,146,0.0,2025-11-27 11:30:06,Jakarta,JKT-003,failed
307,08125737520,08137966871,sms,0,0.0,2025-11-27 11:40:06,Jakarta,JKT-001,failed
308,08125737520,08131140163,voice,85,0.0,2025-11-27 11:41:06,Jakarta,JKT-002,dropped
309,08124028773,08136146599,voice,455,0.0,2025-11-27 12:03:06,Jakarta,JKT-004,failed
310,08126705235,08134086463,voice,463,0.0,2025-11-27 12:18:39,Semarang,SMG-004,completed
311,08127803551,08135108727,voice,135,0.0,2025-11-27 12:34:06,Jakarta,JKT-005,dropped
312,08123755069,08131889916,sms,0,0.0,2025-11-27 12:39:06,Jakarta,JKT-003,failed
313,08123502196,08138556704,data,0,2861.9,2025-11-27 12:41:06,Jakarta,JKT-001,dropped
314,08125085916,08138556704,data,0,4707.3,2025-11-27 12:50:06,Jakarta,JKT-005,failed
315,08121337099,08136757515,data,0,748.5,2025-11-27 13:01:06,Jakarta,JKT-006,failed
316,08129373756,08134492186,data,0,2996.9,2025-11-27 13:02:06,Jakarta,JKT-004,dropped
317,08123340178,08132145049,sms,0,0.0,2025-11-27 13:03:06,Jakarta,JKT-003,failed
318,08122102236,08131411328,voice,45,0.0,2025-11-27 13:08:06,Jakarta,JKT-001,dropped
319,08126409986,08132546588,voice,671,0.0,2025-11-27 13:20:06,Jakarta,JKT-004,failed
320,08127129850,08131538795,data,0,3288.0,2025-11-27 13:29:06,Jakarta,JKT-002,dropped
321,08122480627,08136757515,voice,713,0.0,2025-11-27 13:38:06,Jakarta,JKT-001,failed
322,08127803551,08139238095,sms,0,0.0,2025-11-27 13:48:45,Bandung,BDG-002,completed
323,08126781597,08131278077,voice,298,0.0,2025-11-27 15:16:45,Yogyakarta,YOG-003,completed
324,08121899899,08131369129,sms,0,0.0,2025-11-27 16:12:46,Denpasar,DPS-004,completed
325,08126851078,08133783250,data,0,122.4,2025-11-27 20:07:33,Semarang,SMG-004,completed
326,08129282643,08132904772,data,0,2328.2,2025-11-27 20:56:16,Denpasar,DPS-003,completed
327,08123359932,08133171407,voice,687,0.0,2025-11-27 21:03:11,Jakarta,JKT-006,completed
328,08129282643,08134445123,voice,105,0.0,2025-11-27 21:43:59,Palembang,PLM-001,completed
329,08121291312,08138245839,voice,126,0.0,2025-11-28 04:24:53,Yogyakarta,YOG-006,completed
330,08122480627,08139238095,voice,582,0.0,2025-11-28 06:54:07,Makassar,MKS-001,dropped
331,08129282643,08134086463,voice,614,0.0,2025-11-28 07:30:07,Makassar,MKS-001,dropped
332,08127009027,08132145049,sms,0,0.0,2025-11-28 07:57:07,Makassar,MKS-002,dropped
333,08123819221,08131411328,data,0,4585.5,2025-11-28 08:39:07,Makassar,MKS-003,dropped
334,08121626747,08138153511,voice,150,0.0,2025-11-28 09:48:07,Makassar,MKS-001,dropped
335,08126705235,08138120117,data,0,4396.4,2025-11-28 09:54:07,Makassar,MKS-001,dropped
336,08129996828,08131140163,voice,311,0.0,2025-11-28 09:54:07,Makassar,MKS-002,dropped
337,08122561951,08132546588,voice,334,0.0,2025-11-28 10:06:07,Makassar,MKS-006,dropped
338,08125085916,08136146599,data,0,3847.3,2025-11-28 10:21:07,Makassar,MKS-002,failed
339,08129282643,08135677762,voice,239,0.0,2025-11-28 10:22:07,Makassar,MKS-004,dropped
340,08127603074,08134400368,sms,0,0.0,2025-11-28 10:46:07,Makassar,MKS-004,dropped
341,08122153038,08139434563,voice,165,0.0,2025-11-28 10:49:07,Makassar,MKS-003,failed
342,08123010002,08134309599,sms,0,0.0,2025-11-28 11:07:07,Makassar,MKS-003,failed
343,08122102236,08134116449,voice,387,0.0,2025-11-28 11:11:07,Makassar,MKS-005,dropped
344,08128753866,08133617221,voice,430,0.0,2025-11-28 11:11:07,Makassar,MKS-005,dropped
345,08121476478,08135256740,data,0,2907.4,2025-11-28 11:42:07,Makassar,MKS-003,failed
346,08123727379,08132904772,data,0,2918.3,2025-11-28 11:51:07,Makassar,MKS-002,dropped
347,08129152462,08131723779,data,0,4609.0,2025-11-28 12:04:07,Makassar,MKS-002,dropped
348,08123727379,08132686161,sms,0,0.0,2025-11-28 12:04:07,Makassar,MKS-002,failed
349,08123722577,08134116449,sms,0,0.0,2025-11-28 12:07:07,Makassar,MKS-002,dropped
350,08122480627,08132546588,sms,0,0.0,2025-11-28 12:15:07,Makassar,MKS-005,dropped
351,08127009027,08134309599,data,0,3358.0,2025-11-28 12:22:07,Makassar,MKS-003,failed
352,08123819221,08135108727,voice,533,0.0,2025-11-28 12:33:07,Makassar,MKS-004,dropped
353,08123727379,08137966871,voice,565,0.0,2025-11-28 12:38:41,Balikpapan,BPN-002,completed
354,08123755069,08138670118,sms,0,0.0,2025-11-28 12:43:07,Makassar,MKS-002,dropped
355,08121040858,08132904772,data,0,3855.1,2025-11-28 12:50:07,Makassar,MKS-004,dropped
356,08123340178,08134141852,sms,0,0.0,2025-11-28 12:51:07,Makassar,MKS-003,dropped
357,08128809498,08136757515,voice,654,0.0,2025-11-28 13:08:07,Makassar,MKS-001,dropped
358,08122534297,08131889916,voice,67,0.0,2025-11-28 13:09:44,Bandung,BDG-006,completed
359,08129152462,08131140163,voice,335,0.0,2025-11-28 13:19:14,Denpasar,DPS-001,completed
360,08122713684,08131595943,sms,0,0.0,2025-11-28 13:44:32,Semarang,SMG-004,completed
361,08123502196,08134492186,data,0,4347.1,2025-11-28 14:02:07,Makassar,MKS-002,dropped
362,08121078308,08131595943,data,0,2697.7,2025-11-28 14:02:07,Makassar,MKS-003,dropped
363,08123340178,08131312961,sms,0,0.0,2025-11-28 14:15:07,Makassar,MKS-004,failed
364,08123340178,08133171407,voice,440,0.0,2025-11-28 14:44:12,Balikpapan,BPN-005,completed
365,08123755069,08132310425,voice,93,0.0,2025-11-28 15:15:06,Yogyakarta,YOG-003,completed
366,08127009027,08132353532,sms,0,0.0,2025-11-28 15:58:35,Balikpapan,BPN-006,completed
367,08123819221,08132904772,data,0,3304.2,2025-11-28 16:31:09,Yogyakarta,YOG-004,completed
368,08122480627,08132904772,voice,106,0.0,2025-11-28 19:38:26,Denpasar,DPS-001,completed
369,08123741962,08133171407,data,0,1636.6,2025-11-28 20:59:51,Denpasar,DPS-002,completed
370,08121291312,08131595943,data,0,1761.6,2025-11-28 23:02:15,Semarang,SMG-004,completed
371,08122713684,08135108727,voice,388,0.0,2025-11-29 02:01:05,Jakarta,JKT-006,completed
372,08127803551,08134400368,sms,0,0.0,2025-11-29 02:27:10,Palembang,PLM-004,completed
373,08127009027,08136179863,voice,322,0.0,2025-11-29 02:37:16,Yogyakarta,YOG-002,completed
374,08122102236,08131595943,voice,524,0.0,2025-11-29 03:12:08,Makassar,MKS-006,completed
375,08127232704,08131369129,data,0,2818.5,2025-11-29 03:19:11,Jakarta,JKT-003,completed
376,08123010002,08134116449,voice,46,0.0,2025-11-29 03:57:10,Balikpapan,BPN-006,completed
377,08123722577,08133783250,sms,0,0.0,2025-11-29 05:02:31,Yogyakarta,YOG-004,completed
378,08129282643,08134309599,voice,172,0.0,2025-11-29 05:50:50,Balikpapan,BPN-006,completed
379,08122480627,08132145049,voice,261,0.0,2025-11-29 07:53:54,Balikpapan,BPN-001,completed
380,08122480627,08139434563,voice,455,0.0,2025-11-29 14:33:59,Semarang,SMG-005,completed
381,08123741962,08132310425,data,0,654.3,2025-11-29 17:35:56,Palembang,PLM-005,completed
382,08127232704,08134116449,voice,372,0.0,2025-11-29 18:38:34,Surabaya,SBY-001,completed
383,08124028773,08131889916,voice,720,0.0,2025-11-29 19:20:31,Jakarta,JKT-005,completed
384,08128753866,08131723779,voice,31,0.0,2025-11-29 20:20:46,Denpasar,DPS-002,completed
385,08126851078,08131140163,voice,54,0.0,2025-11-29 20:43:56,Bandung,BDG-002,completed
386,08122713684,08139434563,data,0,3044.4,2025-11-29 20:44:45,Yogyakarta,YOG-004,failed
387,08125916355,08131140163,data,0,2085.9,2025-11-29 20:51:10,Semarang,SMG-002,completed
388,08129373756,08131369129,data,0,3901.4,2025-11-29 21:46:29,Semarang,SMG-002,completed
389,08129329387,08132904772,voice,263,0.0,2025-11-29 22:02:45,Yogyakarta,YOG-002,dropped
390,08124193747,08132091000,data,0,3883.7,2025-11-29 22:21:20,Balikpapan,BPN-003,completed
391,08127772864,08138153511,sms,0,0.0,2025-11-29 22:29:45,Yogyakarta,YOG-004,failed
392,08127009027,08139516217,data,0,1856.9,2025-11-29 22:31:45,Yogyakarta,YOG-004,failed
393,08126351163,08131595943,voice,177,0.0,2025-11-29 22:32:45,Yogyakarta,YOG-004,failed
394,08121078308,08131278077,data,0,966.9,2025-11-29 23:30:52,Yogyakarta,YOG-003,completed
395,08127129850,08134086463,voice,112,0.0,2025-11-29 23:32:45,Yogyakarta,YOG-004,dropped
396,08128809498,08139434563,voice,400,0.0,2025-11-29 23:36:45,Yogyakarta,YOG-005,dropped
397,08128310846,08132745116,voice,633,0.0,2025-11-29 23:48:45,Yogyakarta,YOG-003,failed
398,08122153038,08138556704,voice,530,0.0,2025-11-29 23:58:45,Yogyakarta,YOG-002,dropped
399,08127009027,08132546588,voice,198,0.0,2025-11-30 00:02:45,Yogyakarta,YOG-001,dropped
400,08123010002,08134086463,voice,368,0.0,2025-11-30 00:11:45,Yogyakarta,YOG-003,dropped
401,08123502196,08131369129,voice,435,0.0,2025-11-30 00:16:45,Yogyakarta,YOG-002,dropped
402,08122534297,08136757515,data,0,145.7,2025-11-30 00:21:45,Yogyakarta,YOG-005,dropped
403,08127129850,08131538795,voice,185,0.0,2025-11-30 00:24:45,Yogyakarta,YOG-001,dropped
404,08121899899,08131538795,voice,463,0.0,2025-11-30 00:31:45,Yogyakarta,YOG-003,failed
405,08125737520,08131140163,voice,568,0.0,2025-11-30 01:01:45,Yogyakarta,YOG-003,dropped
406,08123755069,08134141852,voice,251,0.0,2025-11-30 01:13:45,Yogyakarta,YOG-004,dropped
407,08123010002,08133617221,voice,566,0.0,2025-11-30 01:26:28,Balikpapan,BPN-003,completed
408,08127129850,08131538795,voice,254,0.0,2025-11-30 01:31:45,Yogyakarta,YOG-004,failed
409,08129152462,08131278077,voice,56,0.0,2025-11-30 01:32:45,Yogyakarta,YOG-002,dropped
410,08124193747,08134492186,data,0,1889.1,2025-11-30 01:49:45,Yogyakarta,YOG-002,dropped
411,08122153038,08134309599,voice,181,0.0,2025-11-30 02:05:21,Bandung,BDG-002,completed
412,08128682106,08139516217,voice,391,0.0,2025-11-30 02:21:45,Yogyakarta,YOG-005,failed
413,08127603074,08131411328,data,0,2043.7,2025-11-30 02:27:45,Yogyakarta,YOG-001,failed
414,08123722577,08132160948,voice,552,0.0,2025-11-30 02:35:20,Semarang,SMG-004,completed
415,08129373756,08131595943,voice,203,0.0,2025-11-30 04:43:16,Denpasar,DPS-002,completed
416,08129996828,08131931137,data,0,4739.8,2025-11-30 05:03:07,Jakarta,JKT-006,completed
417,08123861273,08138670118,data,0,349.4,2025-11-30 06:05:01,Makassar,MKS-005,completed
418,08125916355,08131889916,voice,545,0.0,2025-11-30 08:15:10,Jakarta,JKT-006,completed
419,08123861273,08134445123,data,0,2100.0,2025-11-30 10:34:32,Denpasar,DPS-001,completed
420,08122153038,08135528971,voice,52,0.0,2025-11-30 14:25:35,Makassar,MKS-003,completed
421,08123741962,08136054797,sms,0,0.0,2025-11-30 17:00:11,Palembang,PLM-003,completed
422,08123010002,08136179863,voice,405,0.0,2025-11-30 19:19:53,Semarang,SMG-002,completed
423,08129329387,08138153511,voice,139,0.0,2025-11-30 19:49:30,Balikpapan,BPN-001,failed
424,08122153038,08131312961,data,0,1050.1,2025-11-30 20:11:15,Surabaya,SBY-006,completed
425,08129152462,08132353532,voice,41,0.0,2025-11-30 20:27:38,Denpasar,DPS-006,completed
426,08121476478,08134141852,voice,441,0.0,2025-11-30 21:09:30,Balikpapan,BPN-002,failed
427,08128753866,08134309599,data,0,4872.1,2025-11-30 21:31:27,Semarang,SMG-001,completed
428,08122153038,08138120117,sms,0,0.0,2025-11-30 21:57:30,Balikpapan,BPN-002,dropped
429,08123755069,08136757515,data,0,3988.2,2025-11-30 22:31:30,Balikpapan,BPN-002,dropped
430,08121899899,08134492186,voice,88,0.0,2025-11-30 23:05:30,Balikpapan,BPN-002,dropped
431,08123340178,08132310425,data,0,132.5,2025-11-30 23:08:30,Balikpapan,BPN-002,dropped
432,08128682106,08135677762,data,0,1407.7,2025-11-30 23:10:30,Balikpapan,BPN-004,failed
433,08127603074,08135256740,voice,638,0.0,2025-11-30 23:32:30,Balikpapan,BPN-006,dropped
434,08129152462,08131411328,data,0,2674.6,2025-12-01 00:18:30,Balikpapan,BPN-001,failed
435,08125737520,08138245839,voice,528,0.0,2025-12-01 00:25:30,Balikpapan,BPN-003,failed
436,08127009027,08136757515,voice,450,0.0,2025-12-01 00:27:30,Balikpapan,BPN-004,failed
437,08127009027,08133773951,voice,357,0.0,2025-12-01 00:55:30,Balikpapan,BPN-004,dropped
438,08123819221,08131369129,data,0,912.4,2025-12-01 01:08:30,Balikpapan,BPN-002,dropped
439,08128753866,08135677762,voice,434,0.0,2025-12-01 01:50:30,Balikpapan,BPN-005,dropped
440,08128809498,08136475969,voice,620,0.0,2025-12-01 03:03:10,Semarang,SMG-004,completed
441,08129329387,08131140163,voice,492,0.0,2025-12-01 03:18:30,Balikpapan,BPN-002,dropped
442,08122153038,08131278077,data,0,2825.9,2025-12-01 04:13:09,Yogyakarta,YOG-005,completed
443,08128310846,08136054797,data,0,1268.2,2025-12-01 05:25:46,Jakarta,JKT-003,completed
444,08123861273,08134086463,data,0,2377.2,2025-12-01 13:53:12,Jakarta,JKT-002,completed
445,08127803551,08135677762,sms,0,0.0,2025-12-01 19:50:43,Palembang,PLM-001,completed
446,08129329387,08131140163,voice,95,0.0,2025-12-01 20:40:44,Surabaya,SBY-006,completed
447,08128310846,08132091000,data,0,3745.7,2025-12-01 21:18:45,Yogyakarta,YOG-006,completed
448,08122153038,08132353532,sms,0,0.0,2025-12-01 21:43:55,Balikpapan,BPN-003,completed
449,08123502196,08133783250,voice,284,0.0,2025-12-01 22:57:37,Balikpapan,BPN-006,completed
450,08129996828,08132145049,data,0,4351.3,2025-12-01 23:04:50,Bandung,BDG-006,completed
451,08121078308,08131931137,voice,182,0.0,2025-12-01 23:47:49,Makassar,MKS-005,completed
452,08124028773,08138120117,voice,575,0.0,2025-12-02 00:58:36,Bandung,BDG-005,completed
453,08128753866,08137966871,data,0,3812.4,2025-12-02 02:45:26,Balikpapan,BPN-006,completed
454,08127009027,08131140163,data,0,2438.8,2025-12-02 06:34:27,Palembang,PLM-005,completed
455,08126409986,08136146599,data,0,2749.8,2025-12-02 07:59:14,Surabaya,SBY-003,completed
456,08124007520,08135677762,voice,212,0.0,2025-12-02 10:28:00,Semarang,SMG-002,completed
457,08129152462,08131723779,voice,288,0.0,2025-12-02 10:39:45,Palembang,PLM-003,completed
458,08121899899,08132091000,data,0,3898.9,2025-12-02 11:12:23,Medan,MDN-004,completed
459,08123755069,08133550005,data,0,216.7,2025-12-02 12:19:41,Palembang,PLM-004,completed
460,08122534297,08132310425,voice,106,0.0,2025-12-02 12:40:02,Jakarta,JKT-005,completed
461,08124007520,08132745116,sms,0,0.0,2025-12-02 16:03:01,Surabaya,SBY-002,completed
462,08126781597,08131538795,voice,464,0.0,2025-12-02 17:53:37,Makassar,MKS-001,completed
463,08123741962,08133783250,voice,408,0.0,2025-12-02 17:58:48,Yogyakarta,YOG-001,completed
464,08128809498,08132686161,voice,535,0.0,2025-12-02 18:03:21,Surabaya,SBY-003,completed
465,08122534297,08132160948,voice,267,0.0,2025-12-02 18:04:50,Yogyakarta,YOG-005,completed
466,08122153038,08133617221,sms,0,0.0,2025-12-02 20:17:26,Bandung,BDG-002,completed
467,08129329387,08134086463,sms,0,0.0,2025-12-02 20:36:27,Yogyakarta,YOG-006,completed
468,08121078308,08131411328,voice,660,0.0,2025-12-03 01:27:18,Surabaya,SBY-006,completed
469,08125085916,08131140163,sms,0,0.0,2025-12-03 02:13:55,Yogyakarta,YOG-004,completed
470,08121078308,08138245839,voice,404,0.0,2025-12-03 02:52:22,Bandung,BDG-002,completed
471,08125737520,08134141852,data,0,3641.0,2025-12-03 03:11:19,Palembang,PLM-005,completed
472,08121476478,08135677762,sms,0,0.0,2025-12-03 03:55:28,Balikpapan,BPN-001,completed
473,08121040858,08135108727,data,0,2447.3,2025-12-03 09:24:34,Surabaya,SBY-002,completed
474,08128809498,08135108727,data,0,922.1,2025-12-03 13:37:07,Balikpapan,BPN-006,completed
475,08123502196,08136757515,data,0,1355.3,2025-12-03 14:39:59,Surabaya,SBY-004,completed
476,08129329387,08131889916,data,0,1138.5,2025-12-03 17:27:48,Jakarta,JKT-006,completed
477,08123722577,08131538795,voice,602,0.0,2025-12-03 18:09:35,Surabaya,SBY-005,completed
478,08122561951,08135256740,data,0,1132.0,2025-12-03 18:19:46,Yogyakarta,YOG-003,completed
479,08128682106,08134492186,voice,556,0.0,2025-12-03 18:29:05,Medan,MDN-003,completed
480,08129221446,08138153511,data,0,1442.1,2025-12-03 18:38:56,Jakarta,JKT-006,completed
481,08127009027,08131931137,voice,583,0.0,2025-12-03 21:23:59,Denpasar,DPS-005,completed
482,08121078308,08131723779,data,0,4293.6,2025-12-03 22:03:13,Yogyakarta,YOG-002,completed
483,08129329387,08135256740,voice,641,0.0,2025-12-03 22:40:36,Jakarta,JKT-002,completed
484,08121078308,08134400368,data,0,823.6,2025-12-03 22:41:42,Semarang,SMG-003,completed
485,08124007520,08131278077,voice,522,0.0,2025-12-03 23:32:09,Denpasar,DPS-004,completed
486,08121626747,08134116449,sms,0,0.0,2025-12-04 02:28:35,Makassar,MKS-004,completed
487,08123741962,08136146599,data,0,3960.2,2025-12-04 04:27:42,Bandung,BDG-002,completed
488,08123741962,08135677762,sms,0,0.0,2025-12-04 06:18:06,Denpasar,DPS-002,completed
489,08123010002,08131538795,sms,0,0.0,2025-12-04 09:53:59,Semarang,SMG-005,completed
490,08121040858,08136054797,voice,253,0.0,2025-12-04 11:21:14,Makassar,MKS-003,completed
491,08121078308,08138153511,data,0,2487.5,2025-12-04 11:58:21,Bandung,BDG-003,completed
492,08128682106,08131369129,voice,241,0.0,2025-12-04 12:04:35,Balikpapan,BPN-004,completed
493,08127129850,08131369129,voice,141,0.0,2025-12-04 22:03:06,Denpasar,DPS-002,completed
494,08128809498,08137966871,voice,364,0.0,2025-12-04 23:31:26,Denpasar,DPS-001,completed
495,08128809498,08132904772,voice,717,0.0,2025-12-05 03:53:31,Makassar,MKS-004,completed
496,08129373756,08136146599,sms,0,0.0,2025-12-05 06:12:04,Bandung,BDG-006,completed
497,08127232704,08135108727,data,0,2536.8,2025-12-05 07:44:11,Palembang,PLM-003,completed
498,08127603074,08132745116,voice,376,0.0,2025-12-05 08:29:10,Balikpapan,BPN-002,completed
499,08123727379,08136757515,voice,465,0.0,2025-12-05 08:44:25,Yogyakarta,YOG-001,completed
500,08123755069,08132145049,voice,32,0.0,2025-12-05 09:29:20,Semarang,SMG-005,completed
501,08121078308,08132353532,voice,465,0.0,2025-12-05 10:26:22,Semarang,SMG-006,completed
502,08121337099,08132091000,data,0,902.3,2025-12-05 12:09:30,Bandung,BDG-002,completed
503,08125916355,08131312961,sms,0,0.0,2025-12-05 13:18:23,Semarang,SMG-006,completed
504,08127603074,08131278077,voice,115,0.0,2025-12-05 13:19:23,Bandung,BDG-006,completed
505,08126409986,08131140163,voice,247,0.0,2025-12-05 14:41:37,Balikpapan,BPN-004,completed
506,08128809498,08138556704,voice,392,0.0,2025-12-05 16:30:16,Yogyakarta,YOG-004,completed
507,08129329387,08131369129,voice,51,0.0,2025-12-05 16:47:41,Yogyakarta,YOG-005,completed
508,08121626747,08136444787,voice,184,0.0,2025-12-05 18:22:57,Jakarta,JKT-002,completed
509,08123340178,08131278077,voice,518,0.0,2025-12-05 19:02:47,Palembang,PLM-004,completed
510,08124007520,08138120117,voice,616,0.0,2025-12-05 19:55:38,Makassar,MKS-003,completed
511,08127803551,08138556704,voice,204,0.0,2025-12-06 00:36:36,Medan,MDN-005,completed
512,08127772864,08133773951,voice,290,0.0,2025-12-06 01:39:01,Medan,MDN-001,completed
513,08125916355,08134445123,voice,523,0.0,2025-12-06 02:17:39,Medan,MDN-002,completed
514,08122561951,08131723779,voice,554,0.0,2025-12-06 03:38:09,Surabaya,SBY-001,completed
515,08124007520,08131278077,voice,462,0.0,2025-12-06 04:21:48,Bandung,BDG-005,completed
516,08125737520,08139516217,voice,47,0.0,2025-12-06 05:49:47,Denpasar,DPS-006,completed
517,08126781597,08135528971,voice,671,0.0,2025-12-06 05:58:20,Balikpapan,BPN-005,completed
518,08126351163,08133783250,voice,168,0.0,2025-12-06 06:57:00,Bandung,BDG-006,completed
519,08122534297,08131931137,data,0,699.8,2025-12-06 07:27:26,Balikpapan,BPN-001,completed
520,08121626747,08136179863,data,0,4644.6,2025-12-06 09:44:17,Denpasar,DPS-005,completed
521,08127129850,08136146599,voice,458,0.0,2025-12-06 10:29:54,Surabaya,SBY-003,completed
522,08128753866,08136179863,voice,407,0.0,2025-12-06 14:53:08,Denpasar,DPS-005,completed
523,08123722577,08131889916,data,0,4495.4,2025-12-06 16:58:13,Denpasar,DPS-006,completed
524,08127009027,08139434563,voice,506,0.0,2025-12-06 18:56:40,Bandung,BDG-005,completed
525,08123861273,08133171407,voice,75,0.0,2025-12-07 00:43:37,Bandung,BDG-002,completed
526,08123861273,08136179863,voice,538,0.0,2025-12-07 00:52:34,Balikpapan,BPN-004,completed
527,08128310846,08131931137,voice,286,0.0,2025-12-07 01:20:23,Yogyakarta,YOG-006,completed
528,08122713684,08132686161,voice,512,0.0,2025-12-07 01:44:03,Denpasar,DPS-004,completed
529,08124028773,08132745116,voice,623,0.0,2025-12-07 05:12:56,Bandung,BDG-004,completed
530,08126851078,08133171407,data,0,1342.9,2025-12-07 07:21:23,Makassar,MKS-001,completed
531,08126781597,08131140163,sms,0,0.0,2025-12-07 08:13:01,Yogyakarta,YOG-006,completed
532,08123755069,08136054797,voice,555,0.0,2025-12-07 09:40:25,Makassar,MKS-001,completed
533,08129152462,08133617221,voice,684,0.0,2025-12-07 10:12:13,Makassar,MKS-003,completed
534,08126851078,08131369129,data,0,496.2,2025-12-07 10:16:11,Surabaya,SBY-001,completed
535,08122713684,08131278077,sms,0,0.0,2025-12-07 12:09:43,Jakarta,JKT-004,completed
536,08122102236,08132160948,voice,687,0.0,2025-12-07 12:25:13,Medan,MDN-005,completed
537,08123010002,08134445123,sms,0,0.0,2025-12-07 13:39:42,Jakarta,JKT-002,completed
538,08123340178,08134086463,data,0,4335.1,2025-12-07 14:54:47,Surabaya,SBY-004,completed
539,08121040858,08136475969,data,0,2710.7,2025-12-07 15:06:25,Yogyakarta,YOG-005,completed
540,08123819221,08136179863,voice,252,0.0,2025-12-07 16:08:41,Semarang,SMG-001,completed
541,08123359932,08132145049,data,0,786.9,2025-12-07 16:30:03,Balikpapan,BPN-006,completed
542,08128682106,08132160948,voice,98,0.0,2025-12-07 16:33:18,Balikpapan,BPN-004,completed
543,08123340178,08133773951,voice,553,0.0,2025-12-07 21:16:53,Medan,MDN-005,completed
544,08127009027,08134492186,voice,654,0.0,2025-12-08 02:54:29,Bandung,BDG-005,completed
545,08122713684,08131723779,voice,671,0.0,2025-12-08 03:47:41,Yogyakarta,YOG-003,completed
546,08124007520,08131278077,voice,296,0.0,2025-12-08 04:03:06,Semarang,SMG-002,completed
547,08127772864,08131411328,voice,259,0.0,2025-12-08 04:27:04,Bandung,BDG-002,completed
548,08124007520,08136179863,voice,697,0.0,2025-12-08 05:51:28,Bandung,BDG-004,completed
549,08121476478,08133617221,voice,452,0.0,2025-12-08 08:38:36,Semarang,SMG-004,completed
550,08122480627,08132091000,data,0,1388.9,2025-12-08 10:43:42,Bandung,BDG-003,completed
551,08121040858,08131538795,data,0,3882.7,2025-12-08 13:30:26,Makassar,MKS-002,completed
552,08126851078,08134309599,voice,487,0.0,2025-12-08 15:05:50,Medan,MDN-005,completed
553,08122561951,08132310425,data,0,1146.4,2025-12-08 16:50:13,Yogyakarta,YOG-004,completed
554,08129152462,08132745116,voice,650,0.0,2025-12-08 17:27:38,Surabaya,SBY-002,completed
555,08129373756,08132686161,voice,135,0.0,2025-12-08 19:10:22,Jakarta,JKT-001,completed
556,08125916355,08138153511,voice,701,0.0,2025-12-08 19:44:18,Bandung,BDG-006,completed
557,08127772864,08132353532,data,0,4046.4,2025-12-08 23:30:00,Palembang,PLM-003,completed
558,08121899899,08132091000,sms,0,0.0,2025-12-09 00:18:23,Semarang,SMG-004,completed
559,08121476478,08136444787,data,0,2890.1,2025-12-09 00:52:13,Semarang,SMG-002,completed
560,08129152462,08133171407,sms,0,0.0,2025-12-09 01:14:41,Palembang,PLM-002,completed
561,08128682106,08132310425,data,0,140.2,2025-12-09 03:06:36,Balikpapan,BPN-005,completed
562,08127232704,08137966871,voice,364,0.0,2025-12-09 04:30:24,Semarang,SMG-005,completed
563,08121626747,08138556704,voice,343,0.0,2025-12-09 04:31:20,Medan,MDN-003,completed
564,08123010002,08132160948,data,0,4791.5,2025-12-09 05:07:33,Denpasar,DPS-005,completed
565,08123861273,08136179863,voice,510,0.0,2025-12-09 06:17:37,Yogyakarta,YOG-001,completed
566,08126705235,08131931137,voice,652,0.0,2025-12-09 06:35:26,Makassar,MKS-006,completed
567,08123819221,08134400368,data,0,4960.7,2025-12-09 06:55:19,Semarang,SMG-005,completed
568,08122480627,08136444787,voice,580,0.0,2025-12-09 07:49:50,Palembang,PLM-004,completed
569,08125737520,08134400368,voice,404,0.0,2025-12-09 08:03:30,Bandung,BDG-002,completed
570,08125737520,08136475969,voice,332,0.0,2025-12-09 08:18:55,Medan,MDN-005,completed
571,08129282643,08132686161,voice,655,0.0,2025-12-09 10:50:43,Palembang,PLM-006,completed
572,08124028773,08134492186,voice,61,0.0,2025-12-09 11:17:37,Bandung,BDG-005,completed
573,08129996828,08136054797,data,0,2270.9,2025-12-09 13:30:58,Makassar,MKS-005,completed
574,08127803551,08136475969,voice,151,0.0,2025-12-09 15:10:47,Semarang,SMG-002,completed
575,08127129850,08136054797,sms,0,0.0,2025-12-09 18:36:31,Medan,MDN-006,completed
576,08124028773,08132904772,voice,310,0.0,2025-12-09 19:02:17,Balikpapan,BPN-003,completed
577,08128682106,08134309599,voice,316,0.0,2025-12-09 19:11:41,Palembang,PLM-001,completed
578,08121626747,08135256740,voice,46,0.0,2025-12-09 22:09:23,Semarang,SMG-003,completed
579,08124193747,08133617221,voice,329,0.0,2025-12-09 22:21:28,Medan,MDN-002,completed
580,08129221446,08133617221,data,0,327.3,2025-12-09 23:57:44,Jakarta,JKT-004,completed
581,08129152462,08135528971,voice,293,0.0,2025-12-10 00:18:40,Palembang,PLM-002,completed
582,08129996828,08136475969,voice,539,0.0,2025-12-10 01:29:39,Palembang,PLM-001,completed
583,08123359932,08138245839,data,0,2194.0,2025-12-10 02:20:31,Medan,MDN-004,completed
584,08129996828,08131369129,sms,0,0.0,2025-12-10 03:27:50,Bandung,BDG-003,completed
585,08124007520,08136475969,voice,276,0.0,2025-12-10 08:31:14,Jakarta,JKT-005,completed
586,08122713684,08134141852,data,0,3781.2,2025-12-10 11:33:53,Bandung,BDG-004,completed
587,08125085916,08137966871,data,0,4566.8,2025-12-10 17:31:14,Balikpapan,BPN-001,completed
588,08123861273,08135677762,sms,0,0.0,2025-12-10 17:51:25,Medan,MDN-003,completed
589,08122561951,08131140163,voice,46,0.0,2025-12-10 17:58:12,Yogyakarta,YOG-002,completed
590,08121291312,08132160948,voice,594,0.0,2025-12-10 18:45:43,Balikpapan,BPN-001,completed
591,08121078308,08136444787,sms,0,0.0,2025-12-10 21:27:01,Medan,MDN-006,completed
592,08121626747,08133550005,data,0,4424.0,2025-12-10 21:48:22,Makassar,MKS-002,completed
593,08121291312,08133617221,sms,0,0.0,2025-12-10 22:18:46,Surabaya,SBY-005,completed
594,08127009027,08135677762,voice,339,0.0,2025-12-11 00:22:47,Makassar,MKS-005,completed
595,08124028773,08134492186,data,0,824.6,2025-12-11 02:00:32,Surabaya,SBY-006,completed
596,08121078308,08138670118,data,0,4396.3,2025-12-11 03:59:24,Makassar,MKS-002,completed
597,08122153038,08136444787,voice,219,0.0,2025-12-11 05:32:34,Bandung,BDG-003,completed
598,08129221446,08131278077,sms,0,0.0,2025-12-11 09:51:31,Makassar,MKS-006,completed
599,08125916355,08132160948,sms,0,0.0,2025-12-11 09:55:57,Bandung,BDG-005,completed
600,08128809498,08132546588,data,0,1698.8,2025-12-11 10:46:54,Medan,MDN-004,completed
601,08126351163,08135677762,voice,261,0.0,2025-12-11 12:32:25,Semarang,SMG-001,completed
602,08123741962,08132745116,sms,0,0.0,2025-12-11 14:48:39,Palembang,PLM-004,completed
603,08122102236,08132686161,voice,484,0.0,2025-12-11 16:05:00,Balikpapan,BPN-005,completed
604,08129373756,08133171407,voice,698,0.0,2025-12-11 19:01:14,Surabaya,SBY-004,completed
605,08122561951,08132091000,voice,492,0.0,2025-12-11 20:25:41,Balikpapan,BPN-002,completed
606,08129152462,08138670118,voice,83,0.0,2025-12-11 20:49:13,Makassar,MKS-005,completed
607,08122713684,08138670118,sms,0,0.0,2025-12-11 23:13:07,Semarang,SMG-003,completed
608,08127803551,08139238095,sms,0,0.0,2025-12-12 00:01:37,Medan,MDN-003,completed
609,08121899899,08131312961,voice,384,0.0,2025-12-12 00:21:06,Palembang,PLM-002,completed
610,08128809498,08134492186,voice,91,0.0,2025-12-12 02:49:26,Jakarta,JKT-006,completed
611,08123359932,08131278077,voice,460,0.0,2025-12-12 03:10:16,Semarang,SMG-003,completed
612,08123722577,08139238095,voice,716,0.0,2025-12-12 04:48:08,Yogyakarta,YOG-002,completed
613,08128809498,08131889916,voice,466,0.0,2025-12-12 06:56:11,Denpasar,DPS-001,completed
614,08125737520,08134492186,data,0,1227.8,2025-12-12 08:43:16,Bandung,BDG-002,completed
615,08129996828,08131889916,data,0,3244.0,2025-12-12 10:10:27,Makassar,MKS-001,completed
616,08123340178,08136054797,voice,154,0.0,2025-12-12 11:32:34,Denpasar,DPS-004,completed
617,08126705235,08134400368,voice,545,0.0,2025-12-12 13:02:38,Surabaya,SBY-003,completed
618,08127129850,08136444787,voice,390,0.0,2025-12-12 13:36:43,Balikpapan,BPN-001,completed
619,08129282643,08132091000,voice,186,0.0,2025-12-12 16:04:08,Surabaya,SBY-002,completed
620,08127129850,08133550005,voice,151,0.0,2025-12-12 17:25:07,Medan,MDN-004,completed
621,08125737520,08131931137,data,0,2240.5,2025-12-12 18:01:13,Surabaya,SBY-004,completed
622,08129152462,08138153511,voice,553,0.0,2025-12-12 19:12:18,Medan,MDN-001,completed
623,08127009027,08133617221,voice,295,0.0,2025-12-12 19:43:18,Surabaya,SBY-003,dropped
624,08129373756,08136146599,voice,198,0.0,2025-12-12 21:00:18,Surabaya,SBY-001,dropped
625,08123755069,08134116449,sms,0,0.0,2025-12-12 21:02:18,Surabaya,SBY-002,dropped
626,08129329387,08133550005,voice,427,0.0,2025-12-12 21:13:38,Makassar,MKS-005,completed
627,08123359932,08131889916,voice,606,0.0,2025-12-12 21:23:18,Surabaya,SBY-001,dropped
628,08127772864,08133617221,voice,549,0.0,2025-12-12 21:32:18,Surabaya,SBY-005,dropped
629,08123727379,08132546588,voice,471,0.0,2025-12-12 21:44:18,Surabaya,SBY-003,failed
630,08127772864,08139516217,data,0,1965.5,2025-12-12 21:46:18,Surabaya,SBY-001,dropped
631,08123727379,08131595943,data,0,1558.6,2025-12-12 22:08:18,Surabaya,SBY-004,failed
632,08127009027,08136054797,data,0,2849.1,2025-12-12 22:16:18,Surabaya,SBY-002,dropped
633,08123727379,08138120117,voice,451,0.0,2025-12-12 22:24:18,Surabaya,SBY-006,dropped
634,08122102236,08138245839,data,0,1956.4,2025-12-12 22:26:18,Surabaya,SBY-001,dropped
635,08123502196,08131312961,voice,404,0.0,2025-12-12 22:29:18,Surabaya,SBY-001,failed
636,08121337099,08138670118,sms,0,0.0,2025-12-12 22:45:43,Yogyakarta,YOG-006,completed
637,08127603074,08133783250,sms,0,0.0,2025-12-12 23:11:18,Surabaya,SBY-004,failed
638,08129996828,08135256740,voice,436,0.0,2025-12-12 23:14:18,Surabaya,SBY-003,failed
639,08126851078,08132353532,data,0,4747.7,2025-12-12 23:27:18,Surabaya,SBY-002,dropped
640,08128753866,08136179863,voice,678,0.0,2025-12-12 23:39:18,Surabaya,SBY-001,dropped
641,08126705235,08131312961,data,0,1564.5,2025-12-12 23:40:18,Surabaya,SBY-003,failed
642,08121476478,08135256740,sms,0,0.0,2025-12-12 23:54:18,Surabaya,SBY-004,failed
643,08123861273,08133773951,voice,281,0.0,2025-12-13 00:04:18,Surabaya,SBY-001,dropped
644,08123359932,08136146599,sms,0,0.0,2025-12-13 00:09:13,Balikpapan,BPN-006,completed
645,08123819221,08132353532,sms,0,0.0,2025-12-13 00:13:18,Surabaya,SBY-002,dropped
646,08127129850,08132686161,voice,695,0.0,2025-12-13 00:17:18,Surabaya,SBY-004,failed
647,08123741962,08136054797,sms,0,0.0,2025-12-13 00:22:07,Bandung,BDG-004,completed
648,08122102236,08134086463,voice,416,0.0,2025-12-13 00:27:13,Denpasar,DPS-002,completed
649,08121040858,08132091000,sms,0,0.0,2025-12-13 00:27:18,Surabaya,SBY-002,failed
650,08128753866,08135677762,sms,0,0.0,2025-12-13 00:35:18,Surabaya,SBY-003,failed
651,08127603074,08132904772,voice,368,0.0,2025-12-13 00:52:18,Surabaya,SBY-002,dropped
652,08121899899,08131595943,data,0,2887.5,2025-12-13 01:07:18,Surabaya,SBY-005,dropped
653,08128682106,08134086463,sms,0,0.0,2025-12-13 01:31:18,Surabaya,SBY-004,failed
654,08127603074,08136146599,voice,181,0.0,2025-12-13 01:59:18,Surabaya,SBY-003,failed
655,08127232704,08132310425,voice,243,0.0,2025-12-13 02:13:38,Makassar,MKS-006,completed
656,08126851078,08131538795,voice,517,0.0,2025-12-13 03:06:54,Medan,MDN-006,completed
657,08128682106,08136054797,data,0,1225.7,2025-12-13 03:13:18,Surabaya,SBY-002,failed
658,08127009027,08131889916,voice,347,0.0,2025-12-13 03:43:18,Surabaya,SBY-002,dropped
659,08127129850,08131538795,voice,524,0.0,2025-12-13 05:14:12,Denpasar,DPS-006,completed
660,08127803551,08132160948,data,0,3415.3,2025-12-13 05:49:30,Denpasar,DPS-001,completed
661,08125737520,08132745116,data,0,4255.0,2025-12-13 05:56:01,Surabaya,SBY-003,completed
662,08123741962,08136475969,data,0,100.3,2025-12-13 07:48:25,Surabaya,SBY-001,completed
663,08125737520,08131411328,data,0,2180.4,2025-12-13 09:07:24,Denpasar,DPS-005,completed
664,08121476478,08136444787,data,0,4348.0,2025-12-13 13:24:09,Jakarta,JKT-004,completed
665,08129282643,08138120117,data,0,4322.0,2025-12-13 13:31:15,Denpasar,DPS-004,completed
666,08122534297,08134309599,sms,0,0.0,2025-12-13 14:21:33,Surabaya,SBY-006,completed
667,08126705235,08132546588,voice,35,0.0,2025-12-13 14:38:25,Jakarta,JKT-004,completed
668,08128753866,08134445123,voice,276,0.0,2025-12-13 19:12:03,Balikpapan,BPN-003,completed
669,08123010002,08138670118,sms,0,0.0,2025-12-13 19:51:09,Palembang,PLM-006,completed
670,08121626747,08131411328,voice,74,0.0,2025-12-14 05:27:03,Medan,MDN-002,completed
671,08129221446,08132160948,voice,676,0.0,2025-12-14 05:53:33,Palembang,PLM-001,completed
672,08128682106,08131723779,data,0,3520.0,2025-12-14 07:57:01,Balikpapan,BPN-006,completed
673,08129329387,08131595943,voice,182,0.0,2025-12-14 08:16:54,Makassar,MKS-004,completed
674,08123755069,08132686161,voice,650,0.0,2025-12-14 08:24:26,Semarang,SMG-006,completed
675,08121626747,08132160948,voice,549,0.0,2025-12-14 09:35:03,Denpasar,DPS-002,completed
676,08126351163,08132546588,data,0,3210.6,2025-12-14 09:42:16,Semarang,SMG-003,completed
677,08121040858,08139238095,data,0,2433.4,2025-12-14 12:51:58,Medan,MDN-006,completed
678,08129329387,08132091000,voice,285,0.0,2025-12-14 13:18:06,Surabaya,SBY-005,completed
679,08122534297,08135677762,sms,0,0.0,2025-12-14 13:57:55,Makassar,MKS-004,completed
680,08126409986,08135108727,voice,227,0.0,2025-12-14 16:41:31,Denpasar,DPS-003,completed
681,08122713684,08131889916,data,0,815.5,2025-12-14 17:02:54,Medan,MDN-002,completed
682,08122713684,08133171407,voice,301,0.0,2025-12-14 17:06:40,Denpasar,DPS-005,completed
683,08122713684,08135256740,voice,634,0.0,2025-12-14 18:16:56,Makassar,MKS-005,completed
684,08129373756,08133550005,data,0,4616.3,2025-12-14 18:32:43,Yogyakarta,YOG-004,completed
685,08122153038,08131889916,data,0,890.7,2025-12-14 19:32:24,Bandung,BDG-006,completed
686,08128682106,08131538795,voice,411,0.0,2025-12-14 19:53:57,Jakarta,JKT-001,completed
687,08124193747,08133773951,voice,319,0.0,2025-12-14 22:02:33,Balikpapan,BPN-002,completed
688,08124028773,08134309599,voice,262,0.0,2025-12-14 22:21:12,Makassar,MKS-005,completed
689,08126781597,08136757515,voice,482,0.0,2025-12-14 22:41:42,Bandung,BDG-004,completed
690,08127603074,08133171407,data,0,135.2,2025-12-15 00:35:59,Yogyakarta,YOG-006,completed
691,08127803551,08136146599,sms,0,0.0,2025-12-15 04:43:35,Semarang,SMG-003,completed
692,08124007520,08133617221,voice,261,0.0,2025-12-15 07:31:23,Makassar,MKS-004,completed
693,08123359932,08131538795,voice,400,0.0,2025-12-15 08:31:00,Makassar,MKS-002,completed
694,08124007520,08132160948,voice,563,0.0,2025-12-15 09:16:55,Yogyakarta,YOG-002,completed
695,08122561951,08131889916,voice,242,0.0,2025-12-15 09:58:57,Yogyakarta,YOG-005,completed
696,08123819221,08135256740,data,0,4609.2,2025-12-15 10:18:56,Medan,MDN-005,completed
697,08126851078,08131411328,sms,0,0.0,2025-12-15 10:27:22,Palembang,PLM-006,completed
698,08128682106,08132353532,voice,677,0.0,2025-12-15 10:45:14,Yogyakarta,YOG-003,completed
699,08125737520,08135677762,voice,236,0.0,2025-12-15 12:03:40,Yogyakarta,YOG-001,completed
700,08129152462,08132145049,sms,0,0.0,2025-12-15 12:39:31,Balikpapan,BPN-004,completed
701,08123755069,08133773951,voice,50,0.0,2025-12-15 13:14:47,Palembang,PLM-003,completed
702,08123819221,08136444787,voice,637,0.0,2025-12-15 16:04:13,Jakarta,JKT-001,completed
703,08129282643,08132686161,data,0,1630.1,2025-12-15 16:29:41,Yogyakarta,YOG-005,completed
704,08124028773,08131931137,data,0,3624.1,2025-12-15 16:47:04,Jakarta,JKT-004,completed
705,08127603074,08132145049,voice,83,0.0,2025-12-15 18:52:54,Yogyakarta,YOG-001,completed
706,08127772864,08134445123,voice,414,0.0,2025-12-15 18:54:21,Semarang,SMG-002,completed
707,08127009027,08132310425,data,0,612.0,2025-12-16 01:11:26,Jakarta,JKT-002,completed
708,08129221446,08133171407,sms,0,0.0,2025-12-16 01:12:28,Makassar,MKS-006,completed
709,08123755069,08134086463,voice,702,0.0,2025-12-16 03:56:55,Medan,MDN-005,completed
710,08124007520,08131312961,data,0,1401.7,2025-12-16 04:13:47,Bandung,BDG-004,completed
711,08125916355,08131723779,voice,152,0.0,2025-12-16 08:13:34,Denpasar,DPS-003,completed
712,08127772864,08133171407,voice,636,0.0,2025-12-16 09:54:01,Medan,MDN-005,completed
713,08123502196,08132160948,voice,502,0.0,2025-12-16 11:24:21,Jakarta,JKT-004,completed
714,08121291312,08139516217,voice,140,0.0,2025-12-16 11:50:45,Bandung,BDG-006,completed
715,08122153038,08131931137,data,0,2772.6,2025-12-16 12:14:23,Medan,MDN-002,completed
716,08124028773,08133783250,data,0,3658.5,2025-12-16 15:19:01,Balikpapan,BPN-006,failed
717,08129996828,08136444787,sms,0,0.0,2025-12-16 15:42:13,Surabaya,SBY-004,completed
718,08121337099,08133617221,sms,0,0.0,2025-12-16 15:43:01,Balikpapan,BPN-001,dropped
719,08126781597,08133550005,data,0,4102.5,2025-12-16 16:14:27,Medan,MDN-003,completed
720,08127009027,08135677762,voice,496,0.0,2025-12-16 16:19:07,Jakarta,JKT-001,completed
721,08126409986,08134445123,data,0,4622.6,2025-12-16 16:47:01,Balikpapan,BPN-006,dropped
722,08123340178,08137966871,sms,0,0.0,2025-12-16 16:59:01,Balikpapan,BPN-001,dropped
723,08121040858,08138120117,data,0,3462.0,2025-12-16 17:04:01,Balikpapan,BPN-005,dropped
724,08129282643,08136179863,voice,536,0.0,2025-12-16 17:10:01,Balikpapan,BPN-006,dropped
725,08123359932,08131595943,data,0,1981.3,2025-12-16 17:12:01,Balikpapan,BPN-002,dropped
726,08122713684,08136179863,voice,61,0.0,2025-12-16 17:12:01,Balikpapan,BPN-003,failed
727,08121291312,08139434563,data,0,1230.9,2025-12-16 17:34:01,Balikpapan,BPN-003,failed
728,08127772864,08135677762,voice,220,0.0,2025-12-16 17:42:01,Balikpapan,BPN-003,failed
729,08121040858,08139434563,data,0,3946.9,2025-12-16 17:52:01,Balikpapan,BPN-002,dropped
730,08126851078,08134086463,data,0,3315.0,2025-12-16 18:27:01,Balikpapan,BPN-001,dropped
731,08121291312,08133171407,data,0,1427.7,2025-12-16 19:12:49,Surabaya,SBY-004,completed
732,08123340178,08132546588,data,0,472.1,2025-12-16 19:14:01,Balikpapan,BPN-005,dropped
733,08122534297,08132353532,sms,0,0.0,2025-12-16 19:20:01,Balikpapan,BPN-004,dropped
734,08121291312,08136054797,sms,0,0.0,2025-12-16 19:21:01,Balikpapan,BPN-004,failed
735,08124193747,08131312961,voice,63,0.0,2025-12-16 19:28:01,Balikpapan,BPN-001,dropped
736,08126351163,08133171407,sms,0,0.0,2025-12-16 20:00:01,Balikpapan,BPN-005,dropped
737,08121899899,08131931137,voice,135,0.0,2025-12-16 20:10:01,Balikpapan,BPN-002,failed
738,08121078308,08138670118,data,0,3474.3,2025-12-16 20:26:01,Balikpapan,BPN-003,dropped
739,08123722577,08134086463,voice,259,0.0,2025-12-16 20:28:39,Surabaya,SBY-005,completed
740,08128682106,08131140163,sms,0,0.0,2025-12-16 20:34:01,Balikpapan,BPN-002,dropped
741,08123755069,08138670118,data,0,3062.0,2025-12-16 20:40:01,Balikpapan,BPN-002,dropped
742,08123340178,08134086463,voice,699,0.0,2025-12-16 21:03:01,Balikpapan,BPN-003,failed
743,08129996828,08131538795,sms,0,0.0,2025-12-16 22:19:46,Denpasar,DPS-002,completed
744,08126705235,08138670118,voice,78,0.0,2025-12-16 23:39:01,Balikpapan,BPN-001,dropped
745,08125916355,08136757515,data,0,4441.6,2025-12-17 00:13:31,Surabaya,SBY-001,completed
746,08123359932,08131312961,sms,0,0.0,2025-12-17 01:28:43,Palembang,PLM-001,completed
747,08128753866,08132686161,data,0,4171.9,2025-12-17 04:03:14,Denpasar,DPS-005,completed
748,08126705235,08136146599,voice,152,0.0,2025-12-17 04:32:21,Semarang,SMG-004,completed
749,08121899899,08132686161,data,0,2856.2,2025-12-17 06:13:00,Semarang,SMG-005,completed
750,08128310846,08132686161,voice,155,0.0,2025-12-17 06:38:03,Surabaya,SBY-003,completed
751,08125737520,08135108727,voice,111,0.0,2025-12-17 09:55:17,Yogyakarta,YOG-002,completed
752,08123755069,08136757515,voice,540,0.0,2025-12-17 11:39:52,Denpasar,DPS-004,completed
753,08124007520,08135256740,voice,456,0.0,2025-12-17 11:47:56,Bandung,BDG-002,completed
754,08121476478,08136054797,voice,444,0.0,2025-12-17 14:28:12,Balikpapan,BPN-005,completed
755,08121040858,08131278077,voice,133,0.0,2025-12-17 15:18:57,Denpasar,DPS-006,completed
756,08128310846,08131723779,voice,337,0.0,2025-12-17 15:18:59,Bandung,BDG-004,completed
757,08128310846,08132145049,voice,163,0.0,2025-12-17 16:56:25,Palembang,PLM-002,completed
758,08124007520,08132310425,data,0,2586.3,2025-12-17 17:00:59,Semarang,SMG-004,completed
759,08122534297,08133783250,sms,0,0.0,2025-12-17 18:23:26,Jakarta,JKT-001,completed
760,08122102236,08136054797,data,0,4563.4,2025-12-17 19:10:41,Yogyakarta,YOG-002,completed
761,08124028773,08134400368,data,0,2693.8,2025-12-18 04:59:16,Bandung,BDG-004,completed
762,08129152462,08132310425,data,0,524.9,2025-12-18 06:32:33,Palembang,PLM-001,completed
763,08129996828,08133550005,data,0,4667.3,2025-12-18 06:47:43,Balikpapan,BPN-006,completed
764,08123819221,08131889916,sms,0,0.0,2025-12-18 07:40:25,Denpasar,DPS-002,completed
765,08123010002,08132745116,voice,557,0.0,2025-12-18 07:48:59,Makassar,MKS-006,completed
766,08125916355,08136757515,data,0,4817.4,2025-12-18 07:53:53,Surabaya,SBY-003,completed
767,08127009027,08131278077,voice,496,0.0,2025-12-18 10:03:38,Balikpapan,BPN-005,completed
768,08125085916,08135256740,data,0,1503.5,2025-12-18 13:18:44,Yogyakarta,YOG-001,completed
769,08123741962,08134141852,data,0,4717.9,2025-12-18 14:17:57,Semarang,SMG-002,completed
770,08121040858,08133617221,sms,0,0.0,2025-12-18 15:20:44,Makassar,MKS-005,completed
771,08126851078,08136179863,data,0,3150.2,2025-12-18 18:22:27,Bandung,BDG-006,completed
772,08122480627,08132904772,data,0,3682.8,2025-12-18 19:21:47,Semarang,SMG-005,completed
773,08123741962,08134141852,voice,100,0.0,2025-12-18 19:44:49,Denpasar,DPS-004,completed
774,08125085916,08131595943,voice,587,0.0,2025-12-18 22:18:19,Semarang,SMG-001,completed
775,08129373756,08131278077,voice,671,0.0,2025-12-19 02:45:51,Jakarta,JKT-004,completed
776,08129152462,08131278077,data,0,3381.0,2025-12-19 05:20:36,Surabaya,SBY-006,completed
777,08129221446,08133773951,sms,0,0.0,2025-12-19 06:47:29,Medan,MDN-001,completed
778,08123010002,08132546588,voice,606,0.0,2025-12-19 09:15:15,Makassar,MKS-002,completed
779,08123502196,08133617221,voice,435,0.0,2025-12-19 09:28:32,Surabaya,SBY-004,completed
780,08125737520,08132310425,voice,494,0.0,2025-12-19 10:18:32,Bandung,BDG-005,completed
781,08121476478,08131312961,data,0,3432.3,2025-12-19 10:32:30,Medan,MDN-006,completed
782,08121626747,08138120117,sms,0,0.0,2025-12-19 11:52:46,Denpasar,DPS-006,completed
783,08124007520,08136444787,voice,137,0.0,2025-12-19 12:36:23,Balikpapan,BPN-004,completed
784,08121337099,08131312961,voice,459,0.0,2025-12-19 15:14:51,Bandung,BDG-002,completed
785,08128753866,08132310425,voice,539,0.0,2025-12-19 16:46:30,Semarang,SMG-002,completed
786,08121626747,08131723779,voice,92,0.0,2025-12-19 17:58:32,Makassar,MKS-002,completed
787,08124007520,08139516217,voice,83,0.0,2025-12-19 22:15:00,Yogyakarta,YOG-006,completed
788,08121078308,08138556704,voice,478,0.0,2025-12-20 00:09:04,Denpasar,DPS-001,completed
789,08127803551,08138153511,voice,637,0.0,2025-12-20 08:40:27,Yogyakarta,YOG-005,completed
790,08121337099,08139238095,voice,511,0.0,2025-12-20 12:15:53,Medan,MDN-005,completed
791,08126781597,08135256740,data,0,2286.7,2025-12-20 12:31:11,Denpasar,DPS-001,completed
792,08123340178,08133773951,voice,302,0.0,2025-12-20 12:31:24,Medan,MDN-005,completed
793,08129152462,08132546588,voice,194,0.0,2025-12-20 13:46:42,Denpasar,DPS-003,completed
794,08124028773,08134086463,voice,420,0.0,2025-12-20 15:06:17,Bandung,BDG-006,completed
795,08128753866,08135677762,voice,611,0.0,2025-12-20 16:12:11,Denpasar,DPS-006,completed
796,08128682106,08136444787,voice,143,0.0,2025-12-20 17:16:21,Bandung,BDG-001,dropped
797,08124028773,08138245839,voice,679,0.0,2025-12-20 17:54:21,Bandung,BDG-002,dropped
798,08122713684,08135108727,voice,123,0.0,2025-12-20 17:54:34,Makassar,MKS-001,completed
799,08129996828,08131723779,voice,339,0.0,2025-12-20 18:18:21,Bandung,BDG-003,failed
800,08122102236,08132546588,voice,21,0.0,2025-12-20 18:42:21,Bandung,BDG-005,failed
801,08122713684,08139516217,sms,0,0.0,2025-12-20 18:58:21,Bandung,BDG-004,failed
802,08129373756,08131723779,data,0,3676.6,2025-12-20 19:25:21,Bandung,BDG-001,dropped
803,08123340178,08131140163,voice,638,0.0,2025-12-20 19:25:21,Bandung,BDG-002,dropped
804,08123861273,08132686161,voice,242,0.0,2025-12-20 19:30:21,Bandung,BDG-001,dropped
805,08127232704,08135108727,data,0,2055.5,2025-12-20 19:32:54,Yogyakarta,YOG-005,completed
806,08127232704,08131595943,data,0,1413.5,2025-12-20 19:36:21,Bandung,BDG-001,dropped
807,08122102236,08132310425,voice,123,0.0,2025-12-20 19:39:21,Bandung,BDG-001,dropped
808,08121078308,08134492186,voice,464,0.0,2025-12-20 19:51:21,Bandung,BDG-002,dropped
809,08121078308,08134086463,voice,711,0.0,2025-12-20 19:52:21,Bandung,BDG-001,dropped
810,08123861273,08138556704,voice,463,0.0,2025-12-20 19:55:21,Bandung,BDG-001,dropped
811,08121337099,08138153511,data,0,2636.1,2025-12-20 20:02:21,Bandung,BDG-002,dropped
812,08121040858,08136146599,voice,174,0.0,2025-12-20 20:07:31,Medan,MDN-001,completed
813,08123741962,08132745116,data,0,4796.8,2025-12-20 20:09:21,Bandung,BDG-002,dropped
814,08127232704,08136444787,voice,111,0.0,2025-12-20 20:17:21,Bandung,BDG-003,failed
815,08127129850,08136146599,sms,0,0.0,2025-12-20 20:48:21,Bandung,BDG-002,dropped
816,08123722577,08139434563,sms,0,0.0,2025-12-20 20:50:21,Bandung,BDG-003,failed
817,08121337099,08138120117,voice,94,0.0,2025-12-20 20:53:21,Bandung,BDG-003,failed
818,08124028773,08134141852,sms,0,0.0,2025-12-20 21:08:21,Bandung,BDG-005,dropped
819,08123010002,08131140163,sms,0,0.0,2025-12-20 22:09:21,Bandung,BDG-004,dropped
820,08122480627,08131538795,data,0,3146.6,2025-12-20 22:18:21,Bandung,BDG-002,dropped
821,08124007520,08136757515,voice,49,0.0,2025-12-20 22:22:21,Bandung,BDG-001,dropped
822,08129996828,08132310425,voice,656,0.0,2025-12-20 22:51:56,Denpasar,DPS-003,completed
823,08126781597,08131931137,data,0,2995.1,2025-12-20 23:03:21,Bandung,BDG-002,dropped
824,08121078308,08134116449,voice,371,0.0,2025-12-20 23:06:21,Bandung,BDG-004,failed
825,08128753866,08132145049,data,0,2645.8,2025-12-20 23:06:21,Bandung,BDG-003,failed
826,08123340178,08139434563,data,0,2909.4,2025-12-20 23:24:21,Bandung,BDG-001,dropped
827,08122713684,08136146599,voice,490,0.0,2025-12-20 23:39:47,Denpasar,DPS-003,completed
828,08127129850,08131889916,voice,246,0.0,2025-12-21 00:33:10,Palembang,PLM-003,completed
829,08121040858,08135528971,voice,659,0.0,2025-12-21 06:09:49,Yogyakarta,YOG-005,completed
830,08122480627,08134492186,voice,595,0.0,2025-12-21 07:06:31,Medan,MDN-006,completed
831,08129221446,08136179863,data,0,1534.1,2025-12-21 07:35:06,Bandung,BDG-006,completed
832,08122102236,08131411328,voice,108,0.0,2025-12-21 08:24:57,Semarang,SMG-002,completed
833,08122102236,08133550005,data,0,1292.5,2025-12-21 09:25:12,Semarang,SMG-005,completed
834,08121476478,08133773951,voice,676,0.0,2025-12-21 09:59:25,Surabaya,SBY-005,completed
835,08124193747,08135108727,data,0,3639.9,2025-12-21 12:08:44,Surabaya,SBY-001,completed
836,08123755069,08136054797,voice,143,0.0,2025-12-21 12:18:52,Jakarta,JKT-006,completed
837,08123861273,08136444787,voice,606,0.0,2025-12-21 13:25:33,Palembang,PLM-001,completed
838,08123502196,08133171407,voice,360,0.0,2025-12-21 13:59:48,Denpasar,DPS-003,completed
839,08122534297,08137966871,voice,450,0.0,2025-12-21 14:55:01,Bandung,BDG-004,completed
840,08124028773,08136757515,data,0,1041.5,2025-12-21 17:16:11,Denpasar,DPS-006,completed
841,08124028773,08136054797,sms,0,0.0,2025-12-21 18:12:11,Semarang,SMG-002,completed
842,08122480627,08132904772,voice,354,0.0,2025-12-21 19:41:16,Surabaya,SBY-001,completed
843,08121291312,08139516217,voice,209,0.0,2025-12-21 21:03:44,Surabaya,SBY-004,completed
844,08123741962,08131278077,voice,436,0.0,2025-12-21 22:50:24,Semarang,SMG-002,completed
845,08125085916,08134086463,sms,0,0.0,2025-12-22 01:20:32,Semarang,SMG-005,completed
846,08127232704,08136757515,data,0,916.5,2025-12-22 01:46:50,Semarang,SMG-001,completed
847,08124193747,08136757515,voice,417,0.0,2025-12-22 02:50:08,Jakarta,JKT-006,completed
848,08128682106,08136146599,data,0,1017.6,2025-12-22 03:57:51,Makassar,MKS-006,completed
849,08128809498,08138556704,data,0,2330.3,2025-12-22 04:25:48,Surabaya,SBY-003,completed
850,08122561951,08138556704,data,0,4981.5,2025-12-22 07:38:13,Surabaya,SBY-005,completed
851,08123819221,08132353532,voice,555,0.0,2025-12-22 08:28:19,Balikpapan,BPN-005,completed
852,08124028773,08135256740,voice,553,0.0,2025-12-22 08:32:03,Makassar,MKS-001,completed
853,08121078308,08136444787,voice,288,0.0,2025-12-22 10:25:50,Jakarta,JKT-003,completed
854,08126851078,08131889916,sms,0,0.0,2025-12-22 11:35:52,Yogyakarta,YOG-004,completed
855,08122561951,08131538795,voice,335,0.0,2025-12-22 13:24:44,Semarang,SMG-002,completed
856,08126705235,08132310425,voice,53,0.0,2025-12-22 14:32:04,Jakarta,JKT-004,completed
857,08123861273,08133171407,voice,373,0.0,2025-12-22 16:10:35,Denpasar,DPS-003,completed
858,08129152462,08132145049,sms,0,0.0,2025-12-22 17:09:54,Makassar,MKS-003,completed
859,08129329387,08132686161,voice,571,0.0,2025-12-22 17:17:21,Surabaya,SBY-002,completed
860,08123359932,08132686161,data,0,4544.7,2025-12-22 17:53:02,Yogyakarta,YOG-002,completed
861,08124193747,08131889916,voice,428,0.0,2025-12-22 21:37:22,Jakarta,JKT-006,completed
862,08126409986,08136179863,sms,0,0.0,2025-12-22 23:52:21,Palembang,PLM-004,completed
863,08121899899,08131538795,data,0,3791.9,2025-12-23 00:27:08,Palembang,PLM-002,completed
864,08121040858,08139516217,voice,588,0.0,2025-12-23 00:39:06,Surabaya,SBY-002,completed
865,08125916355,08133617221,data,0,4936.2,2025-12-23 00:53:19,Yogyakarta,YOG-006,completed
866,08129373756,08134086463,data,0,3084.8,2025-12-23 01:16:18,Yogyakarta,YOG-004,completed
867,08128310846,08133773951,voice,126,0.0,2025-12-23 01:23:54,Balikpapan,BPN-006,completed
868,08121291312,08132745116,data,0,2911.3,2025-12-23 01:46:34,Surabaya,SBY-005,completed
869,08121040858,08135108727,voice,452,0.0,2025-12-23 02:04:35,Medan,MDN-001,completed
870,08129152462,08134141852,data,0,4021.8,2025-12-23 02:16:22,Surabaya,SBY-003,completed
871,08121040858,08132145049,data,0,3509.9,2025-12-23 02:49:06,Jakarta,JKT-004,completed
872,08126409986,08133171407,sms,0,0.0,2025-12-23 03:59:22,Balikpapan,BPN-005,completed
873,08122480627,08133617221,voice,94,0.0,2025-12-23 06:24:04,Surabaya,SBY-001,completed
874,08129996828,08131140163,voice,57,0.0,2025-12-23 06:44:09,Denpasar,DPS-003,completed
875,08124007520,08138556704,voice,107,0.0,2025-12-23 07:24:36,Denpasar,DPS-005,completed
876,08123340178,08132091000,data,0,3034.1,2025-12-23 09:16:15,Denpasar,DPS-004,completed
877,08126851078,08131369129,data,0,1010.0,2025-12-23 12:03:13,Jakarta,JKT-005,completed
878,08124007520,08139238095,voice,312,0.0,2025-12-23 12:11:11,Palembang,PLM-003,completed
879,08127603074,08136179863,voice,383,0.0,2025-12-23 13:32:03,Bandung,BDG-003,completed
880,08128682106,08135528971,voice,485,0.0,2025-12-23 13:43:00,Yogyakarta,YOG-004,completed
881,08123359932,08131140163,sms,0,0.0,2025-12-23 14:27:38,Semarang,SMG-006,completed
882,08129329387,08133773951,voice,679,0.0,2025-12-23 14:51:45,Jakarta,JKT-005,completed
883,08123340178,08135108727,data,0,1754.8,2025-12-23 15:10:21,Semarang,SMG-001,completed
884,08128682106,08136475969,data,0,3615.1,2025-12-23 17:26:59,Yogyakarta,YOG-002,completed
885,08124193747,08134141852,sms,0,0.0,2025-12-23 19:42:01,Denpasar,DPS-005,completed
886,08129373756,08134086463,data,0,1019.8,2025-12-23 20:07:47,Palembang,PLM-002,completed
887,08124007520,08134116449,voice,526,0.0,2025-12-23 21:27:34,Bandung,BDG-004,completed
888,08128809498,08135108727,voice,165,0.0,2025-12-23 22:08:17,Surabaya,SBY-006,completed
889,08123340178,08132160948,data,0,3129.4,2025-12-23 22:56:14,Balikpapan,BPN-005,completed
890,08129996828,08134400368,voice,568,0.0,2025-12-23 23:09:46,Bandung,BDG-006,completed
891,08126351163,08131723779,voice,581,0.0,2025-12-23 23:58:00,Jakarta,JKT-005,completed
892,08121040858,08138670118,data,0,1356.8,2025-12-24 00:22:38,Jakarta,JKT-002,completed
893,08121078308,08135677762,data,0,3821.8,2025-12-24 06:56:26,Medan,MDN-005,completed
894,08128809498,08135677762,sms,0,0.0,2025-12-24 07:11:18,Balikpapan,BPN-002,completed
895,08121476478,08135108727,voice,660,0.0,2025-12-24 07:54:50,Jakarta,JKT-003,completed
896,08126781597,08132745116,voice,580,0.0,2025-12-24 10:58:56,Yogyakarta,YOG-002,completed
897,08122102236,08132160948,data,0,2336.5,2025-12-24 12:57:04,Jakarta,JKT-006,completed
898,08123741962,08136179863,voice,263,0.0,2025-12-24 14:20:35,Medan,MDN-001,completed
899,08122534297,08138670118,voice,167,0.0,2025-12-24 17:16:57,Balikpapan,BPN-003,completed
900,08121476478,08138120117,data,0,2260.5,2025-12-24 20:38:18,Medan,MDN-001,completed
901,08123727379,08133617221,data,0,830.4,2025-12-25 00:05:38,Makassar,MKS-004,completed
902,08124028773,08137966871,sms,0,0.0,2025-12-25 02:04:47,Jakarta,JKT-005,completed
903,08127803551,08137966871,voice,501,0.0,2025-12-25 05:24:58,Makassar,MKS-002,completed
904,08127009027,08134141852,voice,375,0.0,2025-12-25 06:43:48,Medan,MDN-005,completed
905,08121291312,08132546588,voice,599,0.0,2025-12-25 10:48:09,Surabaya,SBY-002,completed
906,08127803551,08134492186,sms,0,0.0,2025-12-25 12:12:39,Balikpapan,BPN-006,completed
907,08121899899,08138120117,voice,471,0.0,2025-12-25 12:34:42,Bandung,BDG-005,completed
908,08127603074,08131411328,voice,322,0.0,2025-12-25 13:34:36,Denpasar,DPS-004,completed
909,08129221446,08136444787,sms,0,0.0,2025-12-25 15:14:47,Bandung,BDG-004,completed
910,08129329387,08132904772,sms,0,0.0,2025-12-25 16:27:16,Yogyakarta,YOG-003,completed
911,08128310846,08137966871,voice,193,0.0,2025-12-25 16:55:50,Medan,MDN-005,completed
912,08123502196,08133550005,voice,394,0.0,2025-12-25 18:37:25,Denpasar,DPS-006,completed
913,08121476478,08136444787,data,0,2147.2,2025-12-25 21:29:42,Surabaya,SBY-004,completed
914,08126351163,08136475969,voice,506,0.0,2025-12-25 22:27:42,Surabaya,SBY-005,completed
915,08128809498,08139238095,voice,183,0.0,2025-12-26 00:40:37,Makassar,MKS-005,completed
916,08129221446,08134086463,voice,95,0.0,2025-12-26 01:29:32,Semarang,SMG-004,completed
917,08129282643,08135528971,voice,131,0.0,2025-12-26 01:52:13,Semarang,SMG-002,completed
918,08123340178,08135528971,voice,314,0.0,2025-12-26 02:43:20,Palembang,PLM-003,completed
919,08129152462,08139434563,data,0,4075.3,2025-12-26 03:21:55,Palembang,PLM-004,completed
920,08123340178,08139434563,sms,0,0.0,2025-12-26 05:09:05,Medan,MDN-005,completed
921,08122153038,08131538795,data,0,1914.9,2025-12-26 07:38:51,Bandung,BDG-002,completed
922,08126851078,08132353532,voice,672,0.0,2025-12-26 08:28:47,Semarang,SMG-002,dropped
923,08126781597,08134086463,sms,0,0.0,2025-12-26 08:34:47,Semarang,SMG-003,failed
924,08126781597,08131538795,voice,612,0.0,2025-12-26 08:59:47,Semarang,SMG-003,failed
925,08126781597,08132904772,voice,708,0.0,2025-12-26 09:21:47,Semarang,SMG-005,dropped
926,08122713684,08131140163,data,0,1944.0,2025-12-26 09:44:47,Semarang,SMG-003,failed
927,08121337099,08138670118,voice,355,0.0,2025-12-26 10:07:47,Semarang,SMG-001,dropped
928,08124028773,08131595943,voice,686,0.0,2025-12-26 10:18:47,Semarang,SMG-004,dropped
929,08123741962,08133617221,data,0,1289.6,2025-12-26 10:22:42,Balikpapan,BPN-001,completed
930,08123727379,08132310425,sms,0,0.0,2025-12-26 10:39:47,Semarang,SMG-002,dropped
931,08123755069,08135108727,voice,655,0.0,2025-12-26 10:44:47,Semarang,SMG-004,failed
932,08121626747,08134309599,data,0,1423.6,2025-12-26 10:47:47,Semarang,SMG-004,dropped
933,08124028773,08132310425,voice,496,0.0,2025-12-26 10:52:47,Semarang,SMG-002,dropped
934,08123340178,08137966871,data,0,407.4,2025-12-26 11:14:47,Semarang,SMG-001,dropped
935,08122153038,08136444787,voice,308,0.0,2025-12-26 11:17:47,Semarang,SMG-004,dropped
936,08129373756,08134492186,voice,323,0.0,2025-12-26 11:18:36,Semarang,SMG-001,completed
937,08129996828,08131595943,voice,157,0.0,2025-12-26 11:22:47,Semarang,SMG-004,dropped
938,08126351163,08136146599,voice,671,0.0,2025-12-26 11:39:47,Semarang,SMG-005,dropped
939,08128809498,08136146599,voice,273,0.0,2025-12-26 11:44:28,Surabaya,SBY-006,completed
940,08126781597,08135256740,voice,224,0.0,2025-12-26 11:56:47,Semarang,SMG-003,dropped
941,08123340178,08131538795,voice,409,0.0,2025-12-26 12:00:47,Semarang,SMG-001,dropped
942,08123861273,08136444787,data,0,4130.1,2025-12-26 12:02:47,Semarang,SMG-004,dropped
943,08123727379,08133783250,voice,466,0.0,2025-12-26 12:23:47,Semarang,SMG-002,dropped
944,08128682106,08136146599,voice,686,0.0,2025-12-26 12:25:47,Semarang,SMG-003,failed
945,08123741962,08138245839,data,0,2473.9,2025-12-26 12:36:47,Semarang,SMG-004,dropped
946,08126351163,08138120117,voice,325,0.0,2025-12-26 12:40:47,Semarang,SMG-001,dropped
947,08125085916,08132546588,data,0,4627.7,2025-12-26 12:48:47,Semarang,SMG-001,failed
948,08123502196,08138120117,voice,398,0.0,2025-12-26 13:16:47,Semarang,SMG-005,failed
949,08128809498,08136179863,data,0,2617.0,2025-12-26 13:20:47,Semarang,SMG-001,dropped
950,08123741962,08132904772,data,0,1891.9,2025-12-26 14:06:47,Semarang,SMG-006,dropped
951,08126781597,08131411328,sms,0,0.0,2025-12-26 14:11:51,Denpasar,DPS-002,completed
952,08126351163,08131369129,sms,0,0.0,2025-12-26 15:15:47,Semarang,SMG-001,dropped
953,08129221446,08132091000,sms,0,0.0,2025-12-26 15:37:15,Palembang,PLM-002,completed
954,08124193747,08135108727,data,0,4709.1,2025-12-26 15:52:19,Denpasar,DPS-006,completed
955,08127803551,08135677762,data,0,1282.1,2025-12-26 16:06:16,Surabaya,SBY-005,completed
956,08121337099,08132745116,voice,678,0.0,2025-12-26 17:41:02,Palembang,PLM-002,dropped
957,08124028773,08139434563,voice,487,0.0,2025-12-26 18:00:02,Palembang,PLM-002,dropped
958,08126409986,08132091000,voice,32,0.0,2025-12-26 18:36:02,Palembang,PLM-003,dropped
959,08124193747,08138556704,voice,606,0.0,2025-12-26 18:54:41,Makassar,MKS-001,completed
960,08129373756,08138670118,sms,0,0.0,2025-12-26 19:04:02,Palembang,PLM-002,dropped
961,08127232704,08134445123,voice,156,0.0,2025-12-26 19:08:02,Palembang,PLM-006,failed
962,08121337099,08133550005,data,0,4185.5,2025-12-26 19:32:02,Palembang,PLM-001,dropped
963,08129373756,08136146599,sms,0,0.0,2025-12-26 19:35:02,Palembang,PLM-002,dropped
964,08126781597,08134309599,voice,363,0.0,2025-12-26 19:41:02,Palembang,PLM-002,dropped
965,08128682106,08132310425,data,0,3701.7,2025-12-26 19:46:02,Palembang,PLM-001,failed
966,08123819221,08135528971,voice,579,0.0,2025-12-26 19:56:19,Jakarta,JKT-001,completed
967,08129329387,08134116449,data,0,3748.0,2025-12-26 20:09:02,Palembang,PLM-003,failed
968,08121626747,08138556704,voice,227,0.0,2025-12-26 20:20:02,Palembang,PLM-002,dropped
969,08129221446,08134400368,data,0,3971.3,2025-12-26 20:21:02,Palembang,PLM-004,failed
970,08121337099,08136444787,sms,0,0.0,2025-12-26 20:30:02,Palembang,PLM-001,dropped
971,08128310846,08136054797,data,0,140.7,2025-12-26 20:34:02,Palembang,PLM-003,failed
972,08122534297,08131723779,sms,0,0.0,2025-12-26 20:35:02,Palembang,PLM-004,failed
973,08122102236,08134492186,sms,0,0.0,2025-12-26 20:40:24,Semarang,SMG-003,completed
974,08121626747,08139238095,voice,303,0.0,2025-12-26 20:45:02,Palembang,PLM-002,failed
975,08125737520,08138153511,sms,0,0.0,2025-12-26 21:03:02,Palembang,PLM-003,failed
976,08127232704,08136146599,voice,413,0.0,2025-12-26 21:13:02,Palembang,PLM-003,failed
977,08123722577,08132546588,sms,0,0.0,2025-12-26 21:32:02,Palembang,PLM-002,dropped
978,08121337099,08134141852,data,0,1095.8,2025-12-26 22:37:06,Balikpapan,BPN-006,completed
979,08123340178,08136444787,voice,125,0.0,2025-12-26 22:40:02,Palembang,PLM-002,failed
980,08124193747,08132353532,sms,0,0.0,2025-12-26 22:48:50,Yogyakarta,YOG-003,completed
981,08123741962,08131312961,voice,529,0.0,2025-12-26 23:51:02,Palembang,PLM-003,failed
982,08122534297,08131411328,voice,657,0.0,2025-12-26 23:55:29,Balikpapan,BPN-003,completed
983,08121476478,08131889916,voice,45,0.0,2025-12-27 00:55:17,Denpasar,DPS-005,completed
984,08121291312,08132091000,voice,592,0.0,2025-12-27 01:20:26,Makassar,MKS-005,completed
985,08127129850,08133783250,voice,633,0.0,2025-12-27 02:42:02,Palembang,PLM-001,dropped
986,08124193747,08131931137,sms,0,0.0,2025-12-27 03:58:13,Bandung,BDG-004,completed
987,08121626747,08136444787,data,0,2717.5,2025-12-27 04:22:48,Yogyakarta,YOG-006,completed
988,08123359932,08132160948,data,0,1416.6,2025-12-27 06:16:19,Makassar,MKS-004,completed
989,08125085916,08138670118,voice,428,0.0,2025-12-27 08:36:34,Palembang,PLM-005,completed
990,08124028773,08134309599,voice,704,0.0,2025-12-27 08:49:03,Yogyakarta,YOG-003,completed
991,08127129850,08134492186,voice,79,0.0,2025-12-27 09:43:23,Surabaya,SBY-006,completed
992,08129329387,08133171407,data,0,1554.4,2025-12-27 09:57:02,Denpasar,DPS-001,completed
993,08123727379,08137966871,sms,0,0.0,2025-12-27 12:52:38,Semarang,SMG-003,completed
994,08121291312,08134309599,voice,634,0.0,2025-12-27 13:05:28,Bandung,BDG-006,completed
995,08121626747,08136054797,voice,458,0.0,2025-12-27 13:57:20,Bandung,BDG-006,completed
996,08123861273,08132904772,voice,51,0.0,2025-12-27 15:53:06,Denpasar,DPS-006,completed
997,08127232704,08131538795,data,0,1740.0,2025-12-27 16:43:44,Denpasar,DPS-006,completed
998,08122102236,08132745116,voice,354,0.0,2025-12-27 17:57:25,Jakarta,JKT-006,completed
999,08122534297,08136444787,sms,0,0.0,2025-12-27 18:42:20,Jakarta,JKT-002,completed
1000,08125737520,08134086463,data,0,1270.2,2025-12-27 18:56:17,Makassar,MKS-005,completed
1001,08123722577,08132091000,voice,531,0.0,2025-12-27 19:31:54,Denpasar,DPS-003,completed
1002,08128310846,08139238095,voice,480,0.0,2025-12-27 20:54:19,Bandung,BDG-002,completed
1003,08123755069,08131595943,sms,0,0.0,2025-12-27 22:51:31,Bandung,BDG-003,completed
1004,08123010002,08132686161,data,0,1523.1,2025-12-27 23:24:37,Surabaya,SBY-004,completed
1005,08128682106,08139238095,voice,571,0.0,2025-12-27 23:43:33,Jakarta,JKT-002,completed
1006,08121291312,08138120117,sms,0,0.0,2025-12-28 02:49:44,Yogyakarta,YOG-001,completed
1007,08125916355,08132091000,data,0,3325.8,2025-12-28 02:54:02,Balikpapan,BPN-006,completed
1008,08122534297,08136146599,sms,0,0.0,2025-12-28 03:43:15,Palembang,PLM-003,completed
1009,08129221446,08134400368,voice,453,0.0,2025-12-28 04:37:20,Balikpapan,BPN-002,completed
1010,08123861273,08136757515,sms,0,0.0,2025-12-28 05:32:42,Semarang,SMG-003,completed
1011,08127009027,08132310425,voice,443,0.0,2025-12-28 06:53:53,Palembang,PLM-003,completed
1012,08123502196,08133617221,data,0,129.0,2025-12-28 09:04:11,Bandung,BDG-006,completed
1013,08128310846,08133617221,voice,242,0.0,2025-12-28 10:15:20,Makassar,MKS-001,completed
1014,08122713684,08135256740,voice,215,0.0,2025-12-28 12:17:08,Balikpapan,BPN-002,completed
1015,08123010002,08131411328,voice,195,0.0,2025-12-28 14:01:59,Surabaya,SBY-004,completed
1016,08127232704,08136054797,voice,373,0.0,2025-12-28 15:46:33,Makassar,MKS-003,completed
1017,08126851078,08132686161,voice,235,0.0,2025-12-28 17:17:38,Balikpapan,BPN-001,completed
1018,08129152462,08133773951,voice,305,0.0,2025-12-28 18:00:08,Jakarta,JKT-005,completed
1019,08124028773,08139434563,voice,26,0.0,2025-12-28 18:12:43,Makassar,MKS-006,completed
1020,08126409986,08136054797,sms,0,0.0,2025-12-28 20:36:43,Medan,MDN-002,completed
1021,08124193747,08132145049,voice,335,0.0,2025-12-28 20:37:44,Jakarta,JKT-006,completed
1022,08126409986,08136179863,sms,0,0.0,2025-12-28 22:48:02,Denpasar,DPS-005,completed
1023,08124028773,08134492186,sms,0,0.0,2025-12-29 04:00:44,Yogyakarta,YOG-003,completed
1024,08121040858,08131369129,data,0,3586.0,2025-12-29 06:25:40,Makassar,MKS-006,completed
1025,08127232704,08132145049,voice,130,0.0,2025-12-29 07:41:31,Makassar,MKS-004,completed
1026,08127772864,08132745116,voice,719,0.0,2025-12-29 09:08:03,Yogyakarta,YOG-001,completed
1027,08129282643,08138153511,voice,470,0.0,2025-12-29 09:12:28,Semarang,SMG-006,completed
1028,08128682106,08133773951,voice,377,0.0,2025-12-29 10:06:47,Medan,MDN-001,completed
1029,08123502196,08133550005,sms,0,0.0,2025-12-29 10:27:31,Palembang,PLM-006,completed
1030,08126705235,08133773951,data,0,3927.7,2025-12-29 13:15:26,Bandung,BDG-006,completed
1031,08128682106,08133617221,data,0,1257.2,2025-12-29 15:16:05,Bandung,BDG-006,completed
1032,08126781597,08138556704,voice,553,0.0,2025-12-29 15:22:49,Medan,MDN-004,completed
1033,08123340178,08138245839,voice,426,0.0,2025-12-29 15:41:10,Palembang,PLM-005,completed
1034,08122480627,08132353532,data,0,3175.2,2025-12-29 17:19:18,Surabaya,SBY-005,completed
1035,08129221446,08134400368,voice,652,0.0,2025-12-29 19:02:47,Medan,MDN-004,completed
1036,08122561951,08131278077,voice,217,0.0,2025-12-29 19:13:13,Yogyakarta,YOG-002,completed
1037,08123722577,08134400368,voice,367,0.0,2025-12-29 20:04:46,Palembang,PLM-002,completed
1038,08123359932,08135108727,voice,188,0.0,2025-12-29 22:03:34,Makassar,MKS-006,completed
1039,08121291312,08138670118,voice,343,0.0,2025-12-29 22:19:12,Semarang,SMG-001,completed
1040,08123010002,08132310425,voice,151,0.0,2025-12-29 22:50:42,Palembang,PLM-001,completed
1041,08127603074,08133783250,voice,288,0.0,2025-12-29 23:43:09,Yogyakarta,YOG-003,completed
1042,08128310846,08134086463,voice,75,0.0,2025-12-30 00:08:17,Balikpapan,BPN-001,completed
1043,08123340178,08136146599,voice,319,0.0,2025-12-30 00:51:08,Medan,MDN-001,completed
1044,08127603074,08133550005,voice,153,0.0,2025-12-30 02:50:00,Makassar,MKS-003,completed
1045,08122153038,08134116449,sms,0,0.0,2025-12-30 04:36:41,Makassar,MKS-004,completed
1046,08126409986,08131595943,data,0,1979.3,2025-12-30 04:51:23,Yogyakarta,YOG-006,completed
1047,08124028773,08136475969,voice,100,0.0,2025-12-30 07:01:25,Surabaya,SBY-006,completed
1048,08122153038,08139516217,voice,276,0.0,2025-12-30 07:07:25,Yogyakarta,YOG-004,completed
1049,08125737520,08131312961,voice,294,0.0,2025-12-30 07:30:58,Makassar,MKS-005,completed
1050,08122713684,08132353532,voice,497,0.0,2025-12-30 07:46:03,Semarang,SMG-005,completed
1051,08129152462,08131411328,data,0,90.7,2025-12-30 08:49:40,Yogyakarta,YOG-003,completed
1052,08127129850,08134400368,voice,355,0.0,2025-12-30 08:53:00,Makassar,MKS-005,completed
1053,08122561951,08137966871,voice,266,0.0,2025-12-30 09:53:46,Bandung,BDG-002,completed
1054,08123010002,08136444787,voice,118,0.0,2025-12-30 12:09:33,Surabaya,SBY-003,completed
1055,08128809498,08132145049,voice,22,0.0,2025-12-30 12:16:43,Palembang,PLM-006,completed
1056,08123340178,08134492186,voice,206,0.0,2025-12-30 12:55:50,Jakarta,JKT-004,completed
1057,08126351163,08133783250,voice,190,0.0,2025-12-30 13:09:51,Jakarta,JKT-001,completed
1058,08123359932,08134400368,voice,664,0.0,2025-12-30 13:26:09,Palembang,PLM-001,completed
1059,08129996828,08133171407,voice,551,0.0,2025-12-30 13:52:59,Yogyakarta,YOG-002,completed
1060,08123359932,08131889916,sms,0,0.0,2025-12-30 17:26:57,Denpasar,DPS-006,completed
1061,08124007520,08139516217,voice,229,0.0,2025-12-30 18:02:09,Balikpapan,BPN-001,completed
1062,08123340178,08133783250,voice,520,0.0,2025-12-30 18:42:44,Palembang,PLM-001,completed
1063,08128682106,08132091000,voice,176,0.0,2025-12-30 19:05:52,Denpasar,DPS-001,completed
1064,08126851078,08131312961,data,0,3908.4,2025-12-30 20:33:13,Jakarta,JKT-006,completed
1065,08127603074,08133773951,data,0,4178.4,2025-12-30 21:02:18,Makassar,MKS-006,completed
1066,08127772864,08138245839,data,0,4728.3,2025-12-30 22:44:52,Surabaya,SBY-005,completed
1067,08128809498,08131278077,voice,471,0.0,2025-12-30 22:56:00,Jakarta,JKT-005,completed
1068,08126781597,08133550005,voice,66,0.0,2025-12-31 00:43:06,Jakarta,JKT-005,completed
1069,08125737520,08133171407,data,0,990.3,2025-12-31 03:03:07,Palembang,PLM-004,completed
1070,08128310846,08133171407,data,0,4481.6,2025-12-31 05:13:39,Semarang,SMG-003,completed
1071,08129996828,08136146599,voice,132,0.0,2025-12-31 07:30:05,Yogyakarta,YOG-001,completed
1072,08124007520,08136475969,voice,620,0.0,2025-12-31 08:11:23,Jakarta,JKT-006,completed
1073,08129152462,08138153511,data,0,3780.9,2025-12-31 10:40:46,Makassar,MKS-003,completed
1074,08126851078,08131931137,voice,599,0.0,2025-12-31 11:54:49,Bandung,BDG-004,completed
1075,08129373756,08136179863,voice,548,0.0,2025-12-31 13:59:53,Yogyakarta,YOG-002,completed
1076,08126409986,08131931137,data,0,3150.7,2025-12-31 15:16:57,Medan,MDN-004,completed
1077,08129282643,08133783250,data,0,1096.1,2025-12-31 17:01:04,Denpasar,DPS-005,completed
1078,08124028773,08133783250,voice,81,0.0,2025-12-31 18:18:47,Palembang,PLM-003,completed
1079,08126409986,08132745116,voice,702,0.0,2025-12-31 19:30:11,Semarang,SMG-004,completed
1080,08123502196,08134492186,data,0,2806.1,2025-12-31 20:07:42,Semarang,SMG-004,completed
1081,08127772864,08134086463,data,0,1232.6,2025-12-31 22:21:41,Jakarta,JKT-003,completed
1082,08126851078,08139434563,voice,231,0.0,2025-12-31 22:58:10,Yogyakarta,YOG-003,completed
1083,08123861273,08132091000,voice,638,0.0,2025-12-31 23:25:49,Medan,MDN-004,completed
1084,08123359932,08132160948,sms,0,0.0,2025-12-31 23:34:31,Jakarta,JKT-001,completed
1085,08126781597,08132310425,sms,0,0.0,2026-01-01 00:12:11,Jakarta,JKT-002,completed
1086,08122561951,08132546588,voice,512,0.0,2026-01-01 01:18:07,Medan,MDN-004,completed
1087,08121899899,08136054797,sms,0,0.0,2026-01-01 04:19:14,Palembang,PLM-002,completed
1088,08127603074,08131278077,data,0,298.7,2026-01-01 04:22:58,Yogyakarta,YOG-006,completed
1089,08123755069,08133773951,voice,381,0.0,2026-01-01 06:34:16,Makassar,MKS-002,completed
1090,08123340178,08136757515,voice,623,0.0,2026-01-01 07:14:42,Surabaya,SBY-006,completed
1091,08126851078,08135528971,voice,114,0.0,2026-01-01 07:23:11,Medan,MDN-006,completed
1092,08129221446,08131312961,voice,395,0.0,2026-01-01 08:17:41,Denpasar,DPS-003,completed
1093,08122153038,08135528971,voice,115,0.0,2026-01-01 08:37:55,Surabaya,SBY-004,dropped
1094,08122153038,08133783250,data,0,2561.5,2026-01-01 09:23:55,Surabaya,SBY-002,dropped
1095,08129996828,08131931137,voice,352,0.0,2026-01-01 09:25:55,Surabaya,SBY-002,dropped
1096,08122102236,08131140163,sms,0,0.0,2026-01-01 09:29:55,Surabaya,SBY-003,dropped
1097,08121899899,08135528971,voice,479,0.0,2026-01-01 09:34:55,Surabaya,SBY-002,dropped
1098,08129152462,08134086463,data,0,1135.4,2026-01-01 09:50:55,Surabaya,SBY-003,failed
1099,08123010002,08133773951,sms,0,0.0,2026-01-01 10:02:02,Denpasar,DPS-003,completed
1100,08122153038,08133783250,data,0,3591.6,2026-01-01 10:13:55,Surabaya,SBY-004,dropped
1101,08126781597,08133171407,voice,615,0.0,2026-01-01 10:19:49,Yogyakarta,YOG-006,completed
1102,08129996828,08134400368,voice,60,0.0,2026-01-01 10:23:55,Surabaya,SBY-002,dropped
1103,08121337099,08136179863,voice,41,0.0,2026-01-01 10:40:55,Surabaya,SBY-004,dropped
1104,08121337099,08131312961,sms,0,0.0,2026-01-01 10:56:55,Surabaya,SBY-003,failed
1105,08126851078,08131369129,data,0,1766.8,2026-01-01 11:06:32,Jakarta,JKT-001,completed
1106,08126781597,08133171407,voice,331,0.0,2026-01-01 11:11:55,Surabaya,SBY-002,dropped
1107,08126781597,08131889916,voice,601,0.0,2026-01-01 11:57:55,Surabaya,SBY-002,dropped
1108,08121476478,08138153511,voice,353,0.0,2026-01-01 12:29:55,Surabaya,SBY-003,failed
1109,08122713684,08134309599,voice,581,0.0,2026-01-01 12:30:36,Semarang,SMG-003,completed
1110,08128310846,08137966871,voice,269,0.0,2026-01-01 12:35:55,Surabaya,SBY-001,dropped
1111,08125916355,08136054797,data,0,3711.5,2026-01-01 12:46:55,Surabaya,SBY-004,failed
1112,08123010002,08138153511,data,0,4929.4,2026-01-01 13:05:00,Jakarta,JKT-002,completed
1113,08123010002,08132353532,sms,0,0.0,2026-01-01 13:12:55,Surabaya,SBY-002,dropped
1114,08125737520,08136444787,voice,363,0.0,2026-01-01 13:20:55,Surabaya,SBY-006,dropped
1115,08129152462,08133550005,voice,514,0.0,2026-01-01 13:21:55,Surabaya,SBY-004,failed
1116,08121337099,08138245839,voice,499,0.0,2026-01-01 13:30:55,Surabaya,SBY-002,dropped
1117,08122102236,08134445123,voice,183,0.0,2026-01-01 13:43:55,Surabaya,SBY-001,dropped
1118,08128753866,08138245839,data,0,934.1,2026-01-01 13:47:29,Balikpapan,BPN-001,completed
1119,08122534297,08136475969,voice,678,0.0,2026-01-01 13:56:55,Surabaya,SBY-003,failed
1120,08121899899,08135256740,voice,609,0.0,2026-01-01 13:58:55,Surabaya,SBY-005,dropped
1121,08127232704,08132745116,voice,550,0.0,2026-01-01 14:01:55,Surabaya,SBY-006,failed
1122,08121899899,08135256740,voice,303,0.0,2026-01-01 14:23:55,Surabaya,SBY-003,dropped
1123,08129282643,08136054797,voice,290,0.0,2026-01-01 14:29:55,Surabaya,SBY-002,dropped
1124,08123359932,08133171407,data,0,255.4,2026-01-01 14:37:30,Jakarta,JKT-004,completed
1125,08121476478,08131411328,data,0,3107.3,2026-01-01 14:52:55,Surabaya,SBY-004,failed
1126,08129221446,08136146599,voice,469,0.0,2026-01-01 15:27:16,Jakarta,JKT-006,completed
1127,08123727379,08136146599,data,0,1792.9,2026-01-01 15:29:35,Medan,MDN-005,completed
1128,08122561951,08132904772,data,0,483.9,2026-01-01 15:54:55,Surabaya,SBY-005,failed
1129,08128809498,08132904772,voice,142,0.0,2026-01-01 16:01:16,Palembang,PLM-004,completed
1130,08124028773,08138556704,voice,488,0.0,2026-01-01 16:12:46,Denpasar,DPS-004,completed
1131,08123502196,08133617221,data,0,3676.7,2026-01-01 17:35:51,Surabaya,SBY-003,completed
1132,08128310846,08136054797,data,0,3500.5,2026-01-01 20:20:27,Bandung,BDG-004,completed
1133,08121626747,08134492186,data,0,3548.6,2026-01-01 20:40:29,Denpasar,DPS-006,completed
1134,08129996828,08139434563,voice,358,0.0,2026-01-01 22:24:25,Makassar,MKS-002,completed
1135,08127772864,08132904772,data,0,2675.9,2026-01-01 22:39:07,Semarang,SMG-005,completed
1136,08124028773,08138153511,sms,0,0.0,2026-01-02 03:00:25,Bandung,BDG-002,completed
1137,08128753866,08134492186,data,0,680.7,2026-01-02 03:56:15,Yogyakarta,YOG-003,completed
1138,08123819221,08131312961,voice,244,0.0,2026-01-02 04:42:37,Denpasar,DPS-002,completed
1139,08127603074,08133617221,voice,312,0.0,2026-01-02 08:00:34,Yogyakarta,YOG-003,completed
1140,08123340178,08135677762,data,0,2174.4,2026-01-02 08:33:41,Medan,MDN-006,completed
1141,08128753866,08136179863,voice,580,0.0,2026-01-02 10:05:12,Makassar,MKS-001,completed
1142,08123861273,08131723779,data,0,2005.0,2026-01-02 13:37:26,Denpasar,DPS-001,completed
1143,08123755069,08134492186,voice,142,0.0,2026-01-02 14:53:45,Makassar,MKS-005,completed
1144,08121626747,08131595943,data,0,4196.8,2026-01-02 16:39:41,Denpasar,DPS-002,completed
1145,08121899899,08135528971,data,0,2971.3,2026-01-02 17:55:19,Bandung,BDG-002,completed
1146,08121626747,08131723779,data,0,3506.4,2026-01-02 19:14:38,Semarang,SMG-001,completed
1147,08123359932,08134400368,voice,468,0.0,2026-01-02 20:19:20,Bandung,BDG-001,completed
1148,08126705235,08131538795,data,0,2443.3,2026-01-02 20:40:12,Balikpapan,BPN-005,completed
1149,08123741962,08138556704,data,0,3400.4,2026-01-02 23:23:06,Bandung,BDG-002,completed
1150,08121899899,08133550005,voice,475,0.0,2026-01-02 23:53:02,Denpasar,DPS-001,completed
1151,08124028773,08138556704,data,0,3798.2,2026-01-03 00:54:48,Balikpapan,BPN-004,completed
1152,08122480627,08138120117,voice,235,0.0,2026-01-03 02:44:28,Surabaya,SBY-004,completed
1153,08126351163,08132745116,data,0,1206.6,2026-01-03 03:25:31,Palembang,PLM-004,completed
1154,08122534297,08131595943,voice,455,0.0,2026-01-03 03:49:46,Yogyakarta,YOG-006,completed
1155,08123819221,08132145049,voice,23,0.0,2026-01-03 05:00:47,Balikpapan,BPN-003,completed
1156,08128753866,08131140163,sms,0,0.0,2026-01-03 05:49:20,Surabaya,SBY-005,completed
1157,08129221446,08135256740,data,0,491.0,2026-01-03 06:48:21,Semarang,SMG-006,completed
1158,08126351163,08136444787,voice,556,0.0,2026-01-03 07:09:51,Palembang,PLM-002,completed
1159,08126705235,08131538795,data,0,1155.7,2026-01-03 09:09:03,Jakarta,JKT-002,completed
1160,08129152462,08131312961,voice,421,0.0,2026-01-03 09:25:06,Palembang,PLM-006,completed
1161,08128310846,08133773951,sms,0,0.0,2026-01-03 10:16:45,Denpasar,DPS-001,completed
1162,08122102236,08132310425,voice,559,0.0,2026-01-03 11:15:10,Jakarta,JKT-002,completed
1163,08121476478,08135256740,data,0,4937.0,2026-01-03 13:20:33,Balikpapan,BPN-003,completed
1164,08125916355,08136444787,data,0,4731.7,2026-01-03 14:39:04,Palembang,PLM-002,completed
1165,08123861273,08131140163,data,0,759.0,2026-01-03 15:53:24,Denpasar,DPS-003,completed
1166,08121078308,08131931137,data,0,2023.0,2026-01-03 18:31:15,Semarang,SMG-001,completed
1167,08123359932,08132145049,voice,368,0.0,2026-01-03 20:01:42,Semarang,SMG-003,completed
1168,08122480627,08138670118,voice,472,0.0,2026-01-03 22:35:07,Makassar,MKS-006,completed
1169,08122713684,08133550005,data,0,1333.3,2026-01-03 22:46:00,Balikpapan,BPN-002,completed
1170,08123755069,08131538795,voice,226,0.0,2026-01-03 23:45:51,Balikpapan,BPN-001,completed
1171,08124193747,08134492186,data,0,4230.8,2026-01-04 00:01:29,Yogyakarta,YOG-005,completed
1172,08128682106,08139238095,voice,627,0.0,2026-01-04 00:14:59,Semarang,SMG-005,completed
1173,08127803551,08131538795,data,0,3583.9,2026-01-04 01:11:03,Makassar,MKS-001,completed
1174,08129373756,08131312961,voice,570,0.0,2026-01-04 02:41:51,Semarang,SMG-004,completed
1175,08121899899,08139434563,voice,531,0.0,2026-01-04 05:42:47,Semarang,SMG-001,completed
1176,08128682106,08132160948,voice,427,0.0,2026-01-04 07:14:51,Palembang,PLM-001,completed
1177,08127803551,08131369129,voice,515,0.0,2026-01-04 07:24:26,Jakarta,JKT-005,completed
1178,08123722577,08135528971,voice,349,0.0,2026-01-04 07:33:27,Balikpapan,BPN-004,completed
1179,08126781597,08131889916,sms,0,0.0,2026-01-04 08:09:53,Bandung,BDG-006,completed
1180,08128310846,08133783250,data,0,785.4,2026-01-04 08:53:56,Balikpapan,BPN-003,completed
1181,08124007520,08138153511,voice,172,0.0,2026-01-04 10:07:42,Makassar,MKS-003,completed
1182,08123010002,08132686161,data,0,1048.0,2026-01-04 10:55:52,Yogyakarta,YOG-001,completed
1183,08122153038,08136054797,voice,134,0.0,2026-01-04 11:46:49,Semarang,SMG-005,completed
1184,08121899899,08139238095,data,0,2852.1,2026-01-04 11:54:40,Semarang,SMG-004,completed
1185,08125085916,08135256740,voice,422,0.0,2026-01-04 14:31:10,Surabaya,SBY-002,completed
1186,08126781597,08133783250,voice,310,0.0,2026-01-04 18:15:31,Bandung,BDG-004,completed
1187,08123727379,08132904772,data,0,1209.3,2026-01-04 18:17:22,Jakarta,JKT-002,completed
1188,08123359932,08135677762,sms,0,0.0,2026-01-04 20:18:32,Surabaya,SBY-003,completed
1189,08121078308,08136757515,voice,97,0.0,2026-01-04 21:11:39,Palembang,PLM-004,completed
1190,08123502196,08132546588,voice,552,0.0,2026-01-04 21:32:58,Bandung,BDG-006,completed
1191,08126851078,08136475969,voice,148,0.0,2026-01-04 23:23:33,Balikpapan,BPN-005,completed
1192,08125916355,08131369129,data,0,2448.0,2026-01-05 00:24:20,Surabaya,SBY-001,completed
1193,08127009027,08131538795,voice,258,0.0,2026-01-05 01:29:49,Jakarta,JKT-003,completed
1194,08127603074,08132145049,sms,0,0.0,2026-01-05 04:17:46,Balikpapan,BPN-004,completed
1195,08121078308,08136475969,voice,438,0.0,2026-01-05 08:33:07,Jakarta,JKT-001,completed
1196,08123819221,08132745116,data,0,2729.3,2026-01-05 08:52:13,Semarang,SMG-002,completed
1197,08126409986,08134445123,data,0,4545.7,2026-01-05 12:23:13,Yogyakarta,YOG-003,failed
1198,08123502196,08133617221,voice,86,0.0,2026-01-05 12:31:56,Medan,MDN-006,completed
1199,08128809498,08138245839,sms,0,0.0,2026-01-05 12:57:53,Balikpapan,BPN-002,completed
1200,08124007520,08139238095,data,0,3161.6,2026-01-05 14:37:51,Bandung,BDG-006,completed
1201,08127009027,08132310425,voice,53,0.0,2026-01-05 16:04:13,Yogyakarta,YOG-004,dropped
1202,08128682106,08133550005,voice,347,0.0,2026-01-05 16:25:13,Yogyakarta,YOG-001,dropped
1203,08126705235,08132546588,data,0,4816.6,2026-01-05 16:43:13,Yogyakarta,YOG-001,dropped
1204,08126851078,08131931137,voice,227,0.0,2026-01-05 16:55:13,Yogyakarta,YOG-006,dropped
1205,08124193747,08131278077,voice,262,0.0,2026-01-05 17:00:13,Yogyakarta,YOG-006,dropped
1206,08122153038,08131595943,voice,330,0.0,2026-01-05 17:12:13,Yogyakarta,YOG-004,failed
1207,08121291312,08132353532,voice,231,0.0,2026-01-05 17:38:01,Medan,MDN-003,completed
1208,08129152462,08132686161,voice,540,0.0,2026-01-05 17:47:13,Yogyakarta,YOG-005,dropped
1209,08123502196,08131312961,data,0,1012.2,2026-01-05 17:47:13,Yogyakarta,YOG-002,dropped
1210,08125916355,08135256740,voice,693,0.0,2026-01-05 17:50:13,Yogyakarta,YOG-005,failed
1211,08123741962,08134116449,data,0,3818.2,2026-01-05 17:54:01,Balikpapan,BPN-002,completed
1212,08128682106,08138670118,voice,569,0.0,2026-01-05 18:01:13,Yogyakarta,YOG-002,dropped
1213,08123010002,08131723779,voice,274,0.0,2026-01-05 18:09:13,Yogyakarta,YOG-002,dropped
1214,08123741962,08132310425,data,0,1731.0,2026-01-05 18:12:13,Yogyakarta,YOG-001,failed
1215,08129373756,08136179863,data,0,1675.5,2026-01-05 18:25:41,Surabaya,SBY-003,completed
1216,08121337099,08131931137,sms,0,0.0,2026-01-05 18:53:13,Yogyakarta,YOG-001,dropped
1217,08126781597,08131889916,voice,387,0.0,2026-01-05 18:54:13,Yogyakarta,YOG-002,dropped
1218,08122102236,08135677762,voice,299,0.0,2026-01-05 19:00:13,Yogyakarta,YOG-006,dropped
1219,08123722577,08132546588,data,0,2797.5,2026-01-05 19:31:13,Yogyakarta,YOG-006,dropped
1220,08123359932,08135256740,voice,654,0.0,2026-01-05 19:59:13,Yogyakarta,YOG-001,failed
1221,08127772864,08134400368,voice,635,0.0,2026-01-05 20:35:46,Semarang,SMG-006,completed
1222,08123861273,08134086463,data,0,3804.2,2026-01-05 20:37:13,Yogyakarta,YOG-004,failed
1223,08121291312,08132686161,data,0,1910.3,2026-01-05 20:40:22,Semarang,SMG-005,completed
1224,08121078308,08135256740,voice,304,0.0,2026-01-05 22:12:35,Denpasar,DPS-001,completed
1225,08124007520,08136054797,data,0,1681.7,2026-01-06 01:56:56,Palembang,PLM-004,completed
1226,08125085916,08133617221,data,0,3750.9,2026-01-06 02:33:09,Yogyakarta,YOG-004,completed
1227,08123727379,08131411328,voice,206,0.0,2026-01-06 02:50:23,Yogyakarta,YOG-006,completed
1228,08122561951,08131140163,sms,0,0.0,2026-01-06 04:25:07,Medan,MDN-006,completed
1229,08127803551,08136757515,sms,0,0.0,2026-01-06 04:25:56,Semarang,SMG-002,completed
1230,08127232704,08135108727,voice,46,0.0,2026-01-06 04:44:44,Makassar,MKS-002,completed
1231,08121040858,08139238095,voice,362,0.0,2026-01-06 05:06:29,Yogyakarta,YOG-002,completed
1232,08122713684,08138245839,data,0,1925.9,2026-01-06 05:42:31,Balikpapan,BPN-004,completed
1233,08123819221,08132353532,sms,0,0.0,2026-01-06 09:52:32,Palembang,PLM-004,completed
1234,08126851078,08133783250,voice,422,0.0,2026-01-06 10:03:27,Medan,MDN-005,completed
1235,08123340178,08138120117,data,0,2871.7,2026-01-06 11:22:08,Denpasar,DPS-004,completed
1236,08122713684,08136054797,voice,545,0.0,2026-01-06 11:37:39,Denpasar,DPS-003,completed
1237,08126705235,08139516217,voice,150,0.0,2026-01-06 13:37:23,Balikpapan,BPN-003,completed
1238,08129329387,08132160948,data,0,3200.9,2026-01-06 15:25:56,Makassar,MKS-003,completed
1239,08121626747,08131411328,voice,28,0.0,2026-01-06 15:36:27,Surabaya,SBY-003,completed
1240,08122561951,08138153511,voice,114,0.0,2026-01-06 18:00:17,Makassar,MKS-004,completed
1241,08122153038,08135256740,sms,0,0.0,2026-01-06 19:28:33,Makassar,MKS-004,completed
1242,08123741962,08139516217,voice,634,0.0,2026-01-06 20:00:36,Palembang,PLM-001,completed
1243,08121291312,08139516217,voice,688,0.0,2026-01-06 20:09:46,Medan,MDN-002,completed
1244,08123359932,08134492186,voice,329,0.0,2026-01-06 20:19:28,Yogyakarta,YOG-001,completed
1245,08121291312,08132686161,voice,329,0.0,2026-01-06 21:07:07,Makassar,MKS-005,completed
1246,08124007520,08136475969,voice,339,0.0,2026-01-06 22:51:23,Medan,MDN-001,completed
1247,08127129850,08136054797,data,0,3121.5,2026-01-06 23:19:28,Bandung,BDG-005,completed
1248,08123755069,08135677762,voice,264,0.0,2026-01-07 03:28:05,Palembang,PLM-002,completed
1249,08126851078,08131411328,voice,468,0.0,2026-01-07 07:16:24,Bandung,BDG-005,completed
1250,08126705235,08138556704,data,0,4441.2,2026-01-07 08:06:38,Denpasar,DPS-003,completed
1251,08127803551,08132745116,voice,714,0.0,2026-01-07 08:56:25,Balikpapan,BPN-006,completed
1252,08125737520,08132160948,data,0,2217.1,2026-01-07 09:29:30,Yogyakarta,YOG-004,completed
1253,08129373756,08138670118,voice,224,0.0,2026-01-07 11:37:33,Palembang,PLM-004,completed
1254,08123741962,08138245839,voice,408,0.0,2026-01-07 12:35:56,Surabaya,SBY-006,completed
1255,08123722577,08138120117,voice,158,0.0,2026-01-07 14:22:50,Surabaya,SBY-003,completed
1256,08125916355,08131595943,voice,389,0.0,2026-01-07 14:53:37,Balikpapan,BPN-005,completed
1257,08121337099,08136444787,voice,246,0.0,2026-01-07 15:37:34,Makassar,MKS-002,completed
1258,08122561951,08131411328,data,0,3197.8,2026-01-07 16:06:52,Jakarta,JKT-005,completed
1259,08122480627,08135677762,voice,193,0.0,2026-01-07 17:38:29,Yogyakarta,YOG-003,completed
1260,08125737520,08132546588,voice,424,0.0,2026-01-07 17:48:37,Yogyakarta,YOG-005,completed
1261,08123010002,08133550005,voice,179,0.0,2026-01-07 18:15:10,Balikpapan,BPN-004,completed
1262,08128310846,08132546588,voice,142,0.0,2026-01-07 21:52:35,Palembang,PLM-001,completed
1263,08127803551,08138153511,voice,502,0.0,2026-01-07 22:50:24,Bandung,BDG-003,completed
1264,08129221446,08137966871,data,0,2099.6,2026-01-08 00:40:32,Balikpapan,BPN-001,completed
1265,08129996828,08135108727,sms,0,0.0,2026-01-08 01:34:01,Balikpapan,BPN-003,completed
1266,08122102236,08136444787,voice,445,0.0,2026-01-08 02:05:43,Balikpapan,BPN-004,completed
1267,08121040858,08132546588,data,0,4531.9,2026-01-08 02:20:40,Balikpapan,BPN-003,completed
1268,08123010002,08134086463,voice,31,0.0,2026-01-08 03:35:51,Makassar,MKS-001,completed
1269,08129329387,08135256740,voice,31,0.0,2026-01-08 04:40:34,Semarang,SMG-003,completed
1270,08124193747,08133171407,voice,514,0.0,2026-01-08 04:48:32,Jakarta,JKT-002,completed
1271,08128682106,08136757515,sms,0,0.0,2026-01-08 05:25:37,Makassar,MKS-001,completed
1272,08123727379,08135108727,voice,232,0.0,2026-01-08 09:56:51,Denpasar,DPS-003,completed
1273,08128682106,08138670118,data,0,2084.1,2026-01-08 09:57:14,Yogyakarta,YOG-004,completed
1274,08122561951,08138120117,voice,217,0.0,2026-01-08 11:41:24,Balikpapan,BPN-006,completed
1275,08126351163,08139238095,sms,0,0.0,2026-01-08 13:13:17,Yogyakarta,YOG-003,completed
1276,08121337099,08132310425,voice,533,0.0,2026-01-08 13:21:17,Bandung,BDG-001,completed
1277,08125916355,08138153511,data,0,2043.5,2026-01-08 13:36:45,Makassar,MKS-004,completed
1278,08126781597,08136757515,data,0,462.9,2026-01-08 14:48:17,Denpasar,DPS-004,completed
1279,08129152462,08136146599,voice,230,0.0,2026-01-08 16:39:31,Balikpapan,BPN-001,completed
1280,08127129850,08131723779,voice,67,0.0,2026-01-08 18:43:48,Surabaya,SBY-006,completed
1281,08126409986,08131931137,voice,152,0.0,2026-01-08 20:18:09,Semarang,SMG-004,completed
1282,08127009027,08132546588,voice,150,0.0,2026-01-08 21:36:47,Medan,MDN-001,completed
1283,08123340178,08132091000,voice,426,0.0,2026-01-08 23:03:30,Jakarta,JKT-002,completed
1284,08121291312,08139516217,voice,448,0.0,2026-01-09 01:46:29,Denpasar,DPS-003,completed
1285,08125737520,08133783250,sms,0,0.0,2026-01-09 07:35:43,Bandung,BDG-003,completed
1286,08124193747,08132310425,voice,352,0.0,2026-01-09 08:01:45,Palembang,PLM-002,completed
1287,08126851078,08131411328,data,0,1902.5,2026-01-09 10:41:10,Palembang,PLM-006,completed
1288,08122480627,08134400368,data,0,2191.5,2026-01-09 11:29:17,Medan,MDN-005,completed
1289,08128753866,08131889916,voice,363,0.0,2026-01-09 14:32:59,Palembang,PLM-001,completed
1290,08124007520,08135677762,data,0,584.2,2026-01-09 14:41:47,Surabaya,SBY-002,completed
1291,08126351163,08132310425,sms,0,0.0,2026-01-09 14:52:24,Medan,MDN-001,completed
1292,08125916355,08133773951,voice,355,0.0,2026-01-09 19:14:41,Surabaya,SBY-004,completed
1293,08128310846,08136146599,voice,190,0.0,2026-01-09 19:25:27,Jakarta,JKT-002,completed
1294,08123502196,08133171407,voice,374,0.0,2026-01-09 22:46:08,Yogyakarta,YOG-003,completed
1295,08128809498,08131140163,voice,252,0.0,2026-01-10 01:04:51,Palembang,PLM-006,completed
1296,08121476478,08136475969,data,0,4830.4,2026-01-10 01:29:51,Medan,MDN-002,dropped
1297,08121291312,08132546588,voice,414,0.0,2026-01-10 01:38:51,Medan,MDN-004,failed
1298,08124193747,08137966871,sms,0,0.0,2026-01-10 02:06:51,Medan,MDN-006,dropped
1299,08127232704,08135108727,sms,0,0.0,2026-01-10 02:08:51,Medan,MDN-001,dropped
1300,08125916355,08136475969,sms,0,0.0,2026-01-10 02:11:51,Medan,MDN-002,dropped
1301,08126781597,08131931137,voice,86,0.0,2026-01-10 02:15:18,Balikpapan,BPN-005,completed
1302,08127009027,08131538795,voice,456,0.0,2026-01-10 02:24:51,Medan,MDN-002,dropped
1303,08123359932,08132310425,data,0,4442.4,2026-01-10 02:56:51,Medan,MDN-004,failed
1304,08123359932,08133783250,voice,235,0.0,2026-01-10 03:51:51,Medan,MDN-004,dropped
1305,08127129850,08134086463,data,0,4706.0,2026-01-10 03:59:51,Medan,MDN-005,failed
1306,08121040858,08131278077,sms,0,0.0,2026-01-10 04:19:51,Medan,MDN-002,dropped
1307,08123861273,08134141852,voice,151,0.0,2026-01-10 04:20:27,Makassar,MKS-005,completed
1308,08127009027,08131723779,sms,0,0.0,2026-01-10 04:22:51,Medan,MDN-002,dropped
1309,08123819221,08139238095,voice,562,0.0,2026-01-10 04:40:51,Medan,MDN-003,dropped
1310,08129996828,08132145049,voice,704,0.0,2026-01-10 05:03:51,Medan,MDN-004,failed
1311,08127129850,08134309599,sms,0,0.0,2026-01-10 05:12:36,Bandung,BDG-004,completed
1312,08123359932,08131369129,data,0,1868.1,2026-01-10 05:12:51,Medan,MDN-004,failed
1313,08122561951,08131369129,sms,0,0.0,2026-01-10 05:14:51,Medan,MDN-006,failed
1314,08129373756,08138670118,voice,524,0.0,2026-01-10 06:01:51,Medan,MDN-001,failed
1315,08123741962,08135256740,voice,459,0.0,2026-01-10 06:18:51,Medan,MDN-005,dropped
1316,08121078308,08138556704,data,0,4555.9,2026-01-10 06:19:51,Medan,MDN-006,dropped
1317,08123819221,08132353532,voice,352,0.0,2026-01-10 06:27:51,Medan,MDN-005,dropped
1318,08126351163,08137966871,voice,71,0.0,2026-01-10 06:41:51,Medan,MDN-001,dropped
1319,08127803551,08136179863,voice,30,0.0,2026-01-10 07:06:51,Medan,MDN-001,dropped
1320,08123861273,08132546588,voice,513,0.0,2026-01-10 07:08:51,Medan,MDN-002,dropped
1321,08126409986,08138153511,data,0,1996.0,2026-01-10 07:38:45,Surabaya,SBY-002,completed
1322,08126705235,08132904772,voice,500,0.0,2026-01-10 08:01:51,Medan,MDN-003,failed
1323,08129329387,08135108727,voice,274,0.0,2026-01-10 08:16:56,Semarang,SMG-004,completed
1324,08122713684,08131931137,voice,357,0.0,2026-01-10 08:44:04,Surabaya,SBY-004,dropped
1325,08123340178,08133783250,data,0,3963.5,2026-01-10 09:05:04,Surabaya,SBY-001,dropped
1326,08123819221,08131369129,voice,289,0.0,2026-01-10 09:07:04,Surabaya,SBY-001,dropped
1327,08123819221,08138245839,voice,197,0.0,2026-01-10 09:12:28,Makassar,MKS-001,completed
1328,08122102236,08133171407,voice,116,0.0,2026-01-10 09:17:51,Medan,MDN-006,failed
1329,08122713684,08135677762,voice,96,0.0,2026-01-10 09:37:04,Surabaya,SBY-003,dropped
1330,08127772864,08131931137,voice,466,0.0,2026-01-10 11:00:04,Surabaya,SBY-001,dropped
1331,08129329387,08138556704,data,0,442.2,2026-01-10 11:02:04,Surabaya,SBY-003,failed
1332,08126351163,08132091000,voice,458,0.0,2026-01-10 11:08:04,Surabaya,SBY-003,failed
1333,08121626747,08135677762,data,0,4511.4,2026-01-10 11:11:04,Surabaya,SBY-004,dropped
1334,08129152462,08132745116,data,0,2874.2,2026-01-10 11:33:04,Surabaya,SBY-001,dropped
1335,08121337099,08136475969,data,0,869.7,2026-01-10 11:48:04,Surabaya,SBY-002,dropped
1336,08123502196,08131140163,voice,361,0.0,2026-01-10 11:53:04,Surabaya,SBY-001,dropped
1337,08126409986,08131889916,voice,29,0.0,2026-01-10 11:56:04,Surabaya,SBY-004,failed
1338,08127803551,08131411328,data,0,4505.6,2026-01-10 11:57:04,Surabaya,SBY-002,dropped
1339,08129996828,08136179863,data,0,4194.4,2026-01-10 12:10:04,Surabaya,SBY-001,failed
1340,08122153038,08138245839,sms,0,0.0,2026-01-10 12:14:04,Surabaya,SBY-003,dropped
1341,08123819221,08138245839,data,0,4601.8,2026-01-10 12:21:04,Surabaya,SBY-003,failed
1342,08128682106,08136146599,data,0,555.2,2026-01-10 12:27:04,Surabaya,SBY-001,failed
1343,08128682106,08139238095,sms,0,0.0,2026-01-10 13:37:04,Surabaya,SBY-001,dropped
1344,08128310846,08138245839,data,0,4085.5,2026-01-10 13:39:04,Surabaya,SBY-003,dropped
1345,08126351163,08138556704,sms,0,0.0,2026-01-10 13:39:04,Surabaya,SBY-003,failed
1346,08123340178,08136146599,sms,0,0.0,2026-01-10 13:45:04,Surabaya,SBY-001,dropped
1347,08127009027,08136054797,data,0,2216.8,2026-01-10 13:48:10,Jakarta,JKT-006,completed
1348,08126781597,08132686161,voice,672,0.0,2026-01-10 14:01:04,Surabaya,SBY-006,dropped
1349,08121337099,08134445123,data,0,2152.5,2026-01-10 14:14:04,Surabaya,SBY-003,failed
1350,08126351163,08136475969,voice,158,0.0,2026-01-10 14:22:04,Surabaya,SBY-006,dropped
1351,08129152462,08133550005,voice,61,0.0,2026-01-10 14:23:04,Surabaya,SBY-002,dropped
1352,08122153038,08139434563,voice,352,0.0,2026-01-10 14:25:04,Surabaya,SBY-002,dropped
1353,08121291312,08133171407,voice,639,0.0,2026-01-10 14:33:30,Balikpapan,BPN-003,completed
1354,08125085916,08138120117,sms,0,0.0,2026-01-10 15:02:04,Surabaya,SBY-001,dropped
1355,08126409986,08131278077,sms,0,0.0,2026-01-10 15:25:04,Surabaya,SBY-001,failed
1356,08127603074,08131312961,voice,566,0.0,2026-01-10 15:57:35,Jakarta,JKT-002,completed
1357,08121476478,08138120117,voice,709,0.0,2026-01-10 17:15:15,Denpasar,DPS-002,completed
1358,08121899899,08132160948,data,0,4865.4,2026-01-10 17:24:25,Denpasar,DPS-004,completed
1359,08121291312,08131595943,sms,0,0.0,2026-01-10 19:23:54,Semarang,SMG-004,completed
1360,08123755069,08132904772,voice,445,0.0,2026-01-10 20:06:42,Bandung,BDG-006,completed
1361,08123741962,08139516217,data,0,220.4,2026-01-10 20:44:12,Denpasar,DPS-003,completed
1362,08129996828,08137966871,voice,203,0.0,2026-01-10 21:37:10,Bandung,BDG-002,completed
1363,08123727379,08134400368,sms,0,0.0,2026-01-10 22:45:03,Balikpapan,BPN-004,completed
1364,08129373756,08138120117,voice,420,0.0,2026-01-10 23:40:15,Palembang,PLM-001,completed
1365,08127803551,08131278077,data,0,4795.5,2026-01-11 01:26:56,Medan,MDN-004,completed
1366,08123727379,08132904772,data,0,2088.2,2026-01-11 02:47:00,Semarang,SMG-006,completed
1367,08122534297,08131723779,voice,586,0.0,2026-01-11 03:44:32,Palembang,PLM-001,completed
1368,08129282643,08135677762,data,0,672.8,2026-01-11 04:41:13,Medan,MDN-006,completed
1369,08123340178,08132686161,voice,389,0.0,2026-01-11 06:15:32,Denpasar,DPS-002,completed
1370,08129996828,08135677762,data,0,1688.5,2026-01-11 08:20:13,Denpasar,DPS-001,completed
1371,08125085916,08138153511,voice,624,0.0,2026-01-11 09:03:46,Palembang,PLM-006,completed
1372,08122713684,08134141852,sms,0,0.0,2026-01-11 12:50:49,Surabaya,SBY-003,completed
1373,08126351163,08139434563,voice,433,0.0,2026-01-11 13:40:30,Jakarta,JKT-002,completed
1374,08127803551,08139238095,voice,86,0.0,2026-01-11 14:59:28,Medan,MDN-004,completed
1375,08121337099,08135108727,voice,108,0.0,2026-01-11 17:23:22,Semarang,SMG-004,completed
1376,08122534297,08139516217,voice,494,0.0,2026-01-11 20:54:22,Balikpapan,BPN-004,completed
1377,08129282643,08136444787,data,0,4406.3,2026-01-11 22:54:41,Palembang,PLM-005,completed
1378,08121078308,08136757515,voice,669,0.0,2026-01-11 23:01:48,Surabaya,SBY-002,completed
1379,08124007520,08139516217,voice,201,0.0,2026-01-12 01:50:15,Surabaya,SBY-006,completed
1380,08124193747,08139434563,data,0,2377.5,2026-01-12 02:58:58,Bandung,BDG-002,completed
1381,08123010002,08132310425,sms,0,0.0,2026-01-12 03:43:02,Palembang,PLM-002,completed
1382,08123741962,08138245839,voice,355,0.0,2026-01-12 04:47:25,Denpasar,DPS-003,completed
1383,08124028773,08131411328,voice,451,0.0,2026-01-12 06:31:03,Balikpapan,BPN-002,completed
1384,08124007520,08131931137,data,0,566.2,2026-01-12 08:26:45,Balikpapan,BPN-004,completed
1385,08127129850,08133550005,sms,0,0.0,2026-01-12 09:14:15,Medan,MDN-004,completed
1386,08123755069,08132310425,voice,664,0.0,2026-01-12 10:56:31,Semarang,SMG-006,completed
1387,08123359932,08136444787,voice,168,0.0,2026-01-12 11:56:29,Surabaya,SBY-004,completed
1388,08124007520,08131369129,voice,494,0.0,2026-01-12 12:28:23,Surabaya,SBY-004,completed
1389,08129152462,08132745116,voice,689,0.0,2026-01-12 12:29:08,Palembang,PLM-003,completed
1390,08122480627,08134445123,voice,535,0.0,2026-01-12 12:53:56,Bandung,BDG-006,completed
1391,08128310846,08135677762,voice,509,0.0,2026-01-12 15:53:42,Semarang,SMG-002,completed
1392,08129373756,08134309599,data,0,581.4,2026-01-12 18:08:13,Bandung,BDG-001,completed
1393,08126351163,08136146599,data,0,892.1,2026-01-12 20:06:38,Yogyakarta,YOG-006,completed
1394,08123755069,08134400368,voice,80,0.0,2026-01-12 21:45:20,Makassar,MKS-006,completed
1395,08128809498,08134445123,sms,0,0.0,2026-01-12 23:25:31,Medan,MDN-006,completed
1396,08122713684,08134445123,voice,77,0.0,2026-01-12 23:31:57,Denpasar,DPS-006,completed
1397,08127009027,08138556704,voice,452,0.0,2026-01-12 23:50:18,Jakarta,JKT-001,completed
1398,08127009027,08136146599,voice,36,0.0,2026-01-13 00:09:36,Balikpapan,BPN-002,completed
1399,08122534297,08132160948,sms,0,0.0,2026-01-13 00:18:01,Bandung,BDG-002,completed
1400,08127009027,08134086463,voice,30,0.0,2026-01-13 00:47:12,Denpasar,DPS-003,completed
1401,08123861273,08131411328,voice,706,0.0,2026-01-13 01:26:20,Medan,MDN-003,completed
1402,08124193747,08131889916,voice,161,0.0,2026-01-13 02:03:41,Jakarta,JKT-001,completed
1403,08127129850,08135256740,data,0,1050.7,2026-01-13 04:08:50,Medan,MDN-006,completed
1404,08129996828,08135677762,data,0,1228.6,2026-01-13 04:31:11,Denpasar,DPS-003,completed
1405,08129996828,08132904772,sms,0,0.0,2026-01-13 05:58:23,Bandung,BDG-001,completed
1406,08123727379,08136444787,data,0,4545.3,2026-01-13 08:20:07,Medan,MDN-002,completed
1407,08122713684,08131369129,voice,131,0.0,2026-01-13 11:16:30,Surabaya,SBY-005,completed
1408,08126781597,08131278077,data,0,1191.8,2026-01-13 11:41:47,Makassar,MKS-002,completed
1409,08123010002,08137966871,data,0,1188.4,2026-01-13 11:47:30,Denpasar,DPS-004,completed
1410,08129329387,08132160948,voice,80,0.0,2026-01-13 11:57:30,Denpasar,DPS-002,completed
1411,08123741962,08131595943,data,0,3518.6,2026-01-13 12:53:19,Balikpapan,BPN-006,completed
1412,08123861273,08131889916,sms,0,0.0,2026-01-13 13:34:15,Yogyakarta,YOG-001,completed
1413,08127232704,08138120117,data,0,2655.3,2026-01-13 20:49:02,Surabaya,SBY-004,completed
1414,08123819221,08131889916,data,0,3737.6,2026-01-13 22:01:50,Medan,MDN-003,completed
1415,08124028773,08136475969,data,0,3307.2,2026-01-13 23:19:44,Bandung,BDG-006,completed
1416,08129221446,08132904772,voice,270,0.0,2026-01-13 23:29:48,Medan,MDN-002,completed
1417,08126409986,08134400368,sms,0,0.0,2026-01-13 23:36:23,Surabaya,SBY-004,completed
1418,08128753866,08134309599,data,0,1355.3,2026-01-13 23:43:56,Medan,MDN-003,completed
1419,08123502196,08131140163,voice,44,0.0,2026-01-14 00:13:56,Palembang,PLM-003,completed
1420,08128753866,08139516217,voice,31,0.0,2026-01-14 01:25:14,Semarang,SMG-005,completed
1421,08129152462,08136146599,voice,283,0.0,2026-01-14 02:06:03,Denpasar,DPS-004,completed
1422,08122534297,08133773951,data,0,984.9,2026-01-14 05:05:39,Semarang,SMG-001,completed
1423,08123861273,08131369129,sms,0,0.0,2026-01-14 05:45:35,Bandung,BDG-003,completed
1424,08126705235,08138120117,voice,214,0.0,2026-01-14 08:51:09,Surabaya,SBY-004,completed
1425,08121476478,08138670118,sms,0,0.0,2026-01-14 11:30:45,Yogyakarta,YOG-003,completed
1426,08126851078,08138556704,data,0,3721.3,2026-01-14 13:08:40,Semarang,SMG-005,completed
1427,08124007520,08131369129,data,0,2814.1,2026-01-14 13:29:41,Makassar,MKS-002,completed
1428,08123502196,08138245839,sms,0,0.0,2026-01-14 13:46:10,Semarang,SMG-006,completed
1429,08121476478,08139434563,voice,464,0.0,2026-01-14 16:07:00,Jakarta,JKT-004,completed
1430,08126409986,08131595943,voice,337,0.0,2026-01-14 16:31:29,Denpasar,DPS-002,completed
1431,08126781597,08131723779,voice,163,0.0,2026-01-14 18:31:36,Makassar,MKS-001,completed
1432,08125916355,08136757515,sms,0,0.0,2026-01-14 18:45:35,Balikpapan,BPN-003,completed
1433,08121078308,08131595943,sms,0,0.0,2026-01-14 20:03:50,Surabaya,SBY-003,completed
1434,08124007520,08138120117,voice,452,0.0,2026-01-14 20:40:49,Medan,MDN-002,completed
1435,08124007520,08133783250,voice,260,0.0,2026-01-14 20:56:45,Balikpapan,BPN-002,completed
1436,08126409986,08135677762,data,0,4440.4,2026-01-14 20:57:52,Semarang,SMG-003,completed
1437,08127803551,08139516217,voice,282,0.0,2026-01-14 21:07:41,Yogyakarta,YOG-004,failed
1438,08128809498,08131278077,voice,86,0.0,2026-01-14 21:31:41,Yogyakarta,YOG-004,failed
1439,08121291312,08133171407,voice,673,0.0,2026-01-14 22:28:41,Yogyakarta,YOG-004,failed
1440,08122480627,08138670118,sms,0,0.0,2026-01-14 22:39:04,Makassar,MKS-001,completed
1441,08124028773,08132310425,sms,0,0.0,2026-01-14 22:52:41,Yogyakarta,YOG-003,failed
1442,08128809498,08136757515,data,0,4087.9,2026-01-14 22:58:41,Yogyakarta,YOG-003,failed
1443,08122102236,08134400368,data,0,1289.9,2026-01-14 23:06:41,Yogyakarta,YOG-005,dropped
1444,08124028773,08131889916,voice,251,0.0,2026-01-14 23:07:41,Yogyakarta,YOG-005,dropped
1445,08128809498,08135256740,voice,214,0.0,2026-01-14 23:18:41,Yogyakarta,YOG-001,dropped
1446,08127803551,08136444787,sms,0,0.0,2026-01-14 23:41:41,Yogyakarta,YOG-002,dropped
1447,08121040858,08136444787,data,0,835.9,2026-01-14 23:46:41,Yogyakarta,YOG-001,dropped
1448,08127772864,08138556704,voice,677,0.0,2026-01-14 23:55:41,Yogyakarta,YOG-006,dropped
1449,08123010002,08134492186,voice,540,0.0,2026-01-15 00:08:41,Yogyakarta,YOG-004,failed
1450,08123502196,08134492186,voice,158,0.0,2026-01-15 00:18:41,Yogyakarta,YOG-005,failed
1451,08124028773,08136179863,voice,626,0.0,2026-01-15 00:51:41,Yogyakarta,YOG-001,failed
1452,08123010002,08136475969,data,0,613.7,2026-01-15 01:01:41,Yogyakarta,YOG-003,dropped
1453,08122561951,08139238095,data,0,3910.4,2026-01-15 01:07:41,Yogyakarta,YOG-001,dropped
1454,08128809498,08132160948,data,0,4893.7,2026-01-15 02:24:41,Yogyakarta,YOG-001,failed
1455,08121476478,08134116449,voice,675,0.0,2026-01-15 02:51:41,Yogyakarta,YOG-002,dropped
1456,08128753866,08131723779,data,0,3403.8,2026-01-15 03:40:51,Surabaya,SBY-001,completed
1457,08123502196,08138245839,voice,420,0.0,2026-01-15 04:04:37,Makassar,MKS-002,completed
1458,08127232704,08132145049,data,0,2375.9,2026-01-15 04:32:07,Yogyakarta,YOG-001,completed
1459,08125916355,08138153511,voice,39,0.0,2026-01-15 04:51:41,Yogyakarta,YOG-001,dropped
1460,08122153038,08136146599,voice,135,0.0,2026-01-15 04:54:32,Yogyakarta,YOG-003,completed
1461,08121626747,08131595943,voice,252,0.0,2026-01-15 08:53:32,Surabaya,SBY-006,completed
1462,08128682106,08139434563,voice,300,0.0,2026-01-15 09:07:45,Surabaya,SBY-005,completed
1463,08123755069,08134309599,voice,32,0.0,2026-01-15 09:17:10,Palembang,PLM-002,completed
1464,08124028773,08134400368,voice,712,0.0,2026-01-15 09:20:05,Denpasar,DPS-003,completed
1465,08127803551,08134116449,voice,247,0.0,2026-01-15 09:37:39,Semarang,SMG-001,completed
1466,08124028773,08131595943,data,0,1628.2,2026-01-15 09:59:35,Surabaya,SBY-004,completed
1467,08126705235,08134116449,data,0,998.2,2026-01-15 10:11:50,Semarang,SMG-004,completed
1468,08121337099,08134400368,sms,0,0.0,2026-01-15 11:31:51,Semarang,SMG-002,completed
1469,08123861273,08131538795,sms,0,0.0,2026-01-15 13:48:42,Surabaya,SBY-001,completed
1470,08129282643,08138245839,data,0,2827.2,2026-01-15 13:49:28,Makassar,MKS-004,completed
1471,08123727379,08136179863,data,0,2381.8,2026-01-15 15:21:58,Palembang,PLM-002,completed
1472,08129329387,08133550005,voice,697,0.0,2026-01-15 16:05:40,Bandung,BDG-005,completed
1473,08128753866,08135528971,data,0,3335.4,2026-01-15 19:06:38,Yogyakarta,YOG-002,completed
1474,08121040858,08131411328,voice,437,0.0,2026-01-15 19:54:41,Surabaya,SBY-003,completed
1475,08124028773,08134116449,data,0,1131.1,2026-01-15 21:59:39,Medan,MDN-005,completed
1476,08122102236,08133617221,voice,567,0.0,2026-01-15 22:50:35,Yogyakarta,YOG-004,completed
1477,08127232704,08131312961,voice,575,0.0,2026-01-16 05:21:49,Semarang,SMG-005,completed
1478,08122480627,08139516217,voice,468,0.0,2026-01-16 05:31:19,Balikpapan,BPN-002,completed
1479,08122713684,08133783250,voice,196,0.0,2026-01-16 09:59:22,Semarang,SMG-002,completed
1480,08122534297,08133783250,voice,556,0.0,2026-01-16 15:13:49,Semarang,SMG-004,completed
1481,08123502196,08132145049,voice,414,0.0,2026-01-16 20:03:17,Yogyakarta,YOG-002,completed
1482,08126351163,08133773951,voice,334,0.0,2026-01-16 20:12:24,Yogyakarta,YOG-001,completed
1483,08122153038,08134141852,sms,0,0.0,2026-01-16 21:27:56,Medan,MDN-002,completed
1484,08124007520,08132160948,data,0,4177.6,2026-01-16 21:57:03,Semarang,SMG-004,completed
1485,08124028773,08131312961,sms,0,0.0,2026-01-16 22:29:27,Semarang,SMG-006,completed
1486,08125916355,08132310425,voice,221,0.0,2026-01-17 02:23:24,Medan,MDN-002,completed
1487,08123502196,08139516217,data,0,845.2,2026-01-17 04:42:11,Surabaya,SBY-002,completed
1488,08129329387,08134086463,data,0,2879.6,2026-01-17 04:58:07,Makassar,MKS-005,completed
1489,08129152462,08133773951,voice,62,0.0,2026-01-17 05:39:19,Makassar,MKS-006,completed
1490,08129996828,08131538795,sms,0,0.0,2026-01-17 07:16:30,Bandung,BDG-004,completed
1491,08127603074,08132160948,data,0,1194.2,2026-01-17 11:18:04,Jakarta,JKT-004,completed
1492,08125737520,08133171407,data,0,3921.2,2026-01-17 15:10:01,Palembang,PLM-005,completed
1493,08127803551,08131723779,data,0,3482.8,2026-01-17 15:58:03,Yogyakarta,YOG-004,completed
1494,08121626747,08133783250,sms,0,0.0,2026-01-17 19:42:04,Yogyakarta,YOG-006,completed
1495,08122561951,08138556704,sms,0,0.0,2026-01-17 20:54:42,Jakarta,JKT-006,completed
1496,08127009027,08131278077,data,0,976.4,2026-01-17 22:04:50,Balikpapan,BPN-006,completed
1497,08124007520,08132091000,data,0,2359.6,2026-01-17 22:45:26,Surabaya,SBY-001,completed
1498,08129329387,08133550005,voice,689,0.0,2026-01-17 22:59:16,Makassar,MKS-005,completed
1499,08126851078,08133783250,voice,72,0.0,2026-01-18 03:06:11,Denpasar,DPS-002,completed
1500,08121899899,08133783250,sms,0,0.0,2026-01-18 05:01:46,Bandung,BDG-002,dropped
1501,08123722577,08136146599,data,0,3072.6,2026-01-18 05:16:46,Bandung,BDG-001,dropped
1502,08127603074,08131723779,voice,647,0.0,2026-01-18 05:25:46,Bandung,BDG-002,dropped
1503,08122102236,08136757515,voice,210,0.0,2026-01-18 05:27:11,Jakarta,JKT-001,completed
1504,08125085916,08132160948,voice,359,0.0,2026-01-18 05:32:46,Bandung,BDG-003,failed
1505,08123340178,08133617221,sms,0,0.0,2026-01-18 05:44:46,Bandung,BDG-003,failed
1506,08126851078,08133783250,voice,470,0.0,2026-01-18 05:48:46,Bandung,BDG-004,failed
1507,08121626747,08136179863,sms,0,0.0,2026-01-18 05:52:44,Jakarta,JKT-002,completed
1508,08123819221,08132904772,voice,498,0.0,2026-01-18 06:36:16,Semarang,SMG-002,completed
1509,08127129850,08131931137,voice,325,0.0,2026-01-18 06:38:46,Bandung,BDG-002,dropped
1510,08126781597,08132686161,sms,0,0.0,2026-01-18 07:00:46,Bandung,BDG-006,dropped
1511,08124028773,08135108727,voice,471,0.0,2026-01-18 07:03:46,Bandung,BDG-002,dropped
1512,08122480627,08132904772,voice,158,0.0,2026-01-18 07:11:46,Bandung,BDG-002,dropped
1513,08122102236,08132353532,voice,414,0.0,2026-01-18 07:18:46,Bandung,BDG-001,dropped
1514,08129221446,08134400368,sms,0,0.0,2026-01-18 07:28:33,Balikpapan,BPN-003,completed
1515,08123722577,08132353532,data,0,1431.4,2026-01-18 07:34:46,Bandung,BDG-005,failed
1516,08121291312,08131723779,voice,113,0.0,2026-01-18 08:08:46,Bandung,BDG-002,dropped
1517,08129373756,08131140163,voice,80,0.0,2026-01-18 08:09:46,Bandung,BDG-002,dropped
1518,08127129850,08131538795,data,0,615.2,2026-01-18 08:19:46,Bandung,BDG-006,dropped
1519,08123010002,08135108727,voice,527,0.0,2026-01-18 08:19:46,Bandung,BDG-002,dropped
1520,08122561951,08134445123,voice,398,0.0,2026-01-18 08:20:46,Bandung,BDG-004,failed
1521,08125085916,08131278077,data,0,4167.0,2026-01-18 08:47:46,Bandung,BDG-006,dropped
1522,08122534297,08133550005,data,0,4297.0,2026-01-18 08:51:46,Bandung,BDG-001,dropped
1523,08121078308,08136757515,voice,386,0.0,2026-01-18 08:59:46,Bandung,BDG-001,dropped
1524,08125916355,08136475969,data,0,4649.0,2026-01-18 09:00:46,Bandung,BDG-005,dropped
1525,08127129850,08138153511,data,0,4546.6,2026-01-18 09:00:46,Bandung,BDG-006,failed
1526,08124193747,08134086463,voice,638,0.0,2026-01-18 09:05:46,Bandung,BDG-006,failed
1527,08127009027,08137966871,data,0,2491.0,2026-01-18 09:10:46,Bandung,BDG-005,dropped
1528,08123819221,08132160948,data,0,3077.1,2026-01-18 09:11:09,Semarang,SMG-004,completed
1529,08121476478,08138153511,data,0,2473.9,2026-01-18 09:22:39,Bandung,BDG-005,completed
1530,08123819221,08131931137,voice,400,0.0,2026-01-18 09:41:46,Bandung,BDG-004,dropped
1531,08126851078,08137966871,voice,107,0.0,2026-01-18 09:44:42,Balikpapan,BPN-004,completed
1532,08124007520,08134400368,voice,140,0.0,2026-01-18 09:50:07,Yogyakarta,YOG-001,completed
1533,08129152462,08135108727,voice,378,0.0,2026-01-18 10:22:46,Bandung,BDG-003,failed
1534,08128310846,08135108727,voice,249,0.0,2026-01-18 10:34:13,Makassar,MKS-005,completed
1535,08121626747,08131312961,voice,90,0.0,2026-01-18 10:44:27,Surabaya,SBY-003,completed
1536,08123010002,08132745116,sms,0,0.0,2026-01-18 11:44:48,Semarang,SMG-004,completed
1537,08126781597,08132546588,data,0,1233.1,2026-01-18 12:01:46,Bandung,BDG-004,dropped
1538,08126781597,08132160948,data,0,1124.9,2026-01-18 16:08:12,Jakarta,JKT-005,completed
1539,08123502196,08132160948,voice,124,0.0,2026-01-18 17:01:49,Palembang,PLM-006,completed
1540,08127009027,08131411328,voice,616,0.0,2026-01-18 19:52:56,Jakarta,JKT-002,completed
1541,08122480627,08138556704,sms,0,0.0,2026-01-18 23:43:21,Balikpapan,BPN-006,completed
1542,08128310846,08134400368,data,0,652.6,2026-01-19 00:20:29,Bandung,BDG-005,completed
1543,08123741962,08134445123,data,0,3533.7,2026-01-19 01:15:26,Jakarta,JKT-001,completed
1544,08121040858,08138120117,voice,632,0.0,2026-01-19 01:38:18,Surabaya,SBY-005,completed
1545,08128310846,08136179863,voice,112,0.0,2026-01-19 02:26:33,Surabaya,SBY-004,completed
1546,08128682106,08136757515,voice,680,0.0,2026-01-19 02:35:11,Makassar,MKS-005,completed
1547,08127129850,08134309599,voice,641,0.0,2026-01-19 02:47:24,Surabaya,SBY-003,completed
1548,08122102236,08131931137,voice,359,0.0,2026-01-19 05:27:00,Makassar,MKS-003,failed
1549,08126351163,08139238095,data,0,1432.6,2026-01-19 05:49:00,Makassar,MKS-004,failed
1550,08129282643,08133550005,voice,519,0.0,2026-01-19 06:03:24,Palembang,PLM-002,completed
1551,08127772864,08136757515,voice,503,0.0,2026-01-19 06:39:00,Makassar,MKS-001,dropped
1552,08121626747,08135528971,data,0,2761.7,2026-01-19 07:02:00,Makassar,MKS-005,failed
1553,08128682106,08131889916,voice,600,0.0,2026-01-19 07:06:41,Medan,MDN-001,completed
1554,08122561951,08132145049,data,0,3157.1,2026-01-19 07:16:00,Makassar,MKS-003,failed
1555,08126781597,08134492186,voice,530,0.0,2026-01-19 07:39:00,Makassar,MKS-003,dropped
1556,08123819221,08134309599,voice,562,0.0,2026-01-19 07:57:37,Jakarta,JKT-002,completed
1557,08121899899,08134309599,voice,599,0.0,2026-01-19 08:10:00,Makassar,MKS-001,dropped
1558,08127232704,08133783250,sms,0,0.0,2026-01-19 08:21:00,Makassar,MKS-006,dropped
1559,08123502196,08132745116,data,0,3477.9,2026-01-19 08:38:00,Makassar,MKS-004,failed
1560,08121626747,08136757515,data,0,3755.4,2026-01-19 08:52:00,Makassar,MKS-001,dropped
1561,08121337099,08133171407,voice,553,0.0,2026-01-19 09:07:03,Jakarta,JKT-001,completed
1562,08125737520,08134445123,sms,0,0.0,2026-01-19 09:10:00,Makassar,MKS-004,failed
1563,08123819221,08138670118,voice,221,0.0,2026-01-19 09:17:00,Makassar,MKS-004,dropped
1564,08122561951,08134400368,voice,410,0.0,2026-01-19 10:04:00,Makassar,MKS-006,failed
1565,08121899899,08138670118,data,0,959.3,2026-01-19 10:09:00,Makassar,MKS-001,dropped
1566,08127232704,08131931137,voice,656,0.0,2026-01-19 10:11:00,Makassar,MKS-002,dropped
1567,08123755069,08139238095,voice,166,0.0,2026-01-19 10:26:00,Makassar,MKS-002,dropped
1568,08123755069,08131931137,data,0,1582.4,2026-01-19 10:42:18,Jakarta,JKT-005,completed
1569,08125737520,08131278077,voice,283,0.0,2026-01-19 10:52:00,Makassar,MKS-001,dropped
1570,08126705235,08135108727,voice,644,0.0,2026-01-19 11:04:00,Makassar,MKS-003,failed
1571,08121899899,08131278077,voice,384,0.0,2026-01-19 11:07:00,Makassar,MKS-001,dropped
1572,08123010002,08131312961,sms,0,0.0,2026-01-19 11:17:00,Makassar,MKS-002,dropped
1573,08123340178,08131538795,data,0,581.6,2026-01-19 11:22:00,Makassar,MKS-003,failed
1574,08123010002,08132353532,data,0,3732.4,2026-01-19 12:55:45,Semarang,SMG-003,completed
1575,08126705235,08139516217,data,0,1904.9,2026-01-19 13:20:00,Balikpapan,BPN-006,completed
1576,08126409986,08137966871,voice,261,0.0,2026-01-19 13:21:55,Bandung,BDG-006,completed
1577,08127232704,08135108727,voice,329,0.0,2026-01-19 13:24:54,Makassar,MKS-002,completed
1578,08129282643,08133171407,sms,0,0.0,2026-01-19 13:28:40,Makassar,MKS-002,completed
1579,08122153038,08134400368,data,0,3992.5,2026-01-19 14:36:00,Makassar,MKS-003,failed
1580,08124028773,08134492186,voice,200,0.0,2026-01-19 15:39:00,Makassar,MKS-003,dropped
1581,08122153038,08135528971,voice,185,0.0,2026-01-19 16:15:44,Yogyakarta,YOG-004,completed
1582,08125916355,08139516217,voice,448,0.0,2026-01-19 16:53:36,Medan,MDN-001,completed
1583,08121291312,08138153511,sms,0,0.0,2026-01-20 00:32:49,Denpasar,DPS-006,completed
1584,08122102236,08138245839,data,0,952.0,2026-01-20 00:41:56,Bandung,BDG-003,completed
1585,08129152462,08136146599,sms,0,0.0,2026-01-20 01:04:21,Bandung,BDG-002,completed
1586,08129373756,08138153511,voice,703,0.0,2026-01-20 03:37:01,Makassar,MKS-003,completed
1587,08123359932,08136757515,voice,270,0.0,2026-01-20 07:47:51,Balikpapan,BPN-003,completed
1588,08126351163,08134141852,data,0,440.5,2026-01-20 13:48:22,Balikpapan,BPN-006,completed
1589,08124028773,08136757515,sms,0,0.0,2026-01-20 20:28:54,Semarang,SMG-002,completed
1590,08123727379,08138556704,sms,0,0.0,2026-01-20 22:09:15,Bandung,BDG-005,completed
1591,08123722577,08136757515,voice,402,0.0,2026-01-20 22:10:44,Makassar,MKS-005,completed
1592,08123340178,08136757515,data,0,1392.4,2026-01-20 23:06:52,Yogyakarta,YOG-003,completed
1593,08129152462,08134116449,data,0,3875.1,2026-01-21 01:51:42,Semarang,SMG-005,completed
1594,08127603074,08136757515,data,0,1241.6,2026-01-21 02:21:29,Balikpapan,BPN-005,completed
1595,08122480627,08131538795,sms,0,0.0,2026-01-21 04:51:44,Yogyakarta,YOG-002,completed
1596,08123727379,08131889916,data,0,4095.9,2026-01-21 05:16:08,Denpasar,DPS-003,completed
1597,08127772864,08138670118,voice,564,0.0,2026-01-21 05:32:34,Denpasar,DPS-004,completed
1598,08127803551,08131723779,data,0,1253.5,2026-01-21 08:24:46,Yogyakarta,YOG-003,completed
1599,08127129850,08132160948,data,0,1756.8,2026-01-21 09:05:02,Jakarta,JKT-002,completed
1600,08123755069,08132546588,voice,318,0.0,2026-01-21 13:23:36,Balikpapan,BPN-006,completed
1601,08126851078,08132745116,voice,67,0.0,2026-01-21 13:42:41,Balikpapan,BPN-002,completed
1602,08129282643,08133783250,data,0,3359.7,2026-01-21 14:10:37,Semarang,SMG-006,completed
1603,08122534297,08132310425,data,0,2036.1,2026-01-21 17:19:24,Denpasar,DPS-002,completed
1604,08121476478,08138245839,sms,0,0.0,2026-01-21 17:33:07,Makassar,MKS-001,completed
1605,08123727379,08131411328,sms,0,0.0,2026-01-21 17:40:00,Denpasar,DPS-002,completed
1606,08125737520,08138670118,voice,282,0.0,2026-01-21 18:49:10,Jakarta,JKT-002,completed
1607,08129329387,08135677762,voice,339,0.0,2026-01-21 18:56:46,Palembang,PLM-005,completed
1608,08127009027,08139434563,voice,480,0.0,2026-01-21 19:10:31,Yogyakarta,YOG-001,completed
1609,08122480627,08132091000,data,0,2741.5,2026-01-21 20:32:17,Jakarta,JKT-002,completed
1610,08126781597,08134086463,sms,0,0.0,2026-01-21 22:17:14,Denpasar,DPS-002,completed
1611,08126705235,08134141852,voice,159,0.0,2026-01-22 00:54:06,Denpasar,DPS-001,completed
1612,08127772864,08135528971,data,0,2134.7,2026-01-22 01:38:45,Medan,MDN-003,failed
1613,08121337099,08131411328,voice,449,0.0,2026-01-22 01:38:54,Semarang,SMG-005,completed
1614,08128809498,08132091000,voice,541,0.0,2026-01-22 01:50:45,Medan,MDN-004,dropped
1615,08129152462,08132310425,data,0,3505.9,2026-01-22 02:02:45,Medan,MDN-002,dropped
1616,08126351163,08136146599,data,0,2510.1,2026-01-22 02:05:45,Medan,MDN-004,failed
1617,08129373756,08136146599,voice,32,0.0,2026-01-22 02:26:45,Medan,MDN-001,dropped
1618,08128809498,08133783250,data,0,2195.1,2026-01-22 02:41:45,Medan,MDN-003,failed
1619,08123861273,08135108727,voice,599,0.0,2026-01-22 02:49:45,Medan,MDN-005,dropped
1620,08125737520,08134309599,data,0,2880.4,2026-01-22 03:22:45,Medan,MDN-002,dropped
1621,08125737520,08134086463,data,0,3753.7,2026-01-22 03:22:45,Medan,MDN-006,failed
1622,08123502196,08138120117,voice,361,0.0,2026-01-22 03:27:45,Medan,MDN-004,failed
1623,08122713684,08131889916,voice,430,0.0,2026-01-22 03:41:45,Medan,MDN-004,dropped
1624,08124193747,08134086463,sms,0,0.0,2026-01-22 03:51:45,Medan,MDN-002,dropped
1625,08129282643,08136179863,voice,610,0.0,2026-01-22 03:55:40,Denpasar,DPS-003,completed
1626,08123340178,08138556704,sms,0,0.0,2026-01-22 04:01:45,Medan,MDN-004,dropped
1627,08127603074,08132686161,voice,157,0.0,2026-01-22 04:04:45,Medan,MDN-001,dropped
1628,08123755069,08139434563,voice,602,0.0,2026-01-22 04:14:45,Medan,MDN-004,failed
1629,08128310846,08131931137,voice,51,0.0,2026-01-22 04:44:45,Medan,MDN-004,dropped
1630,08127129850,08131889916,voice,432,0.0,2026-01-22 04:45:04,Palembang,PLM-003,completed
1631,08123755069,08139238095,voice,110,0.0,2026-01-22 04:54:45,Medan,MDN-001,dropped
1632,08127129850,08139238095,data,0,1236.9,2026-01-22 05:08:45,Medan,MDN-002,dropped
1633,08123359932,08132310425,data,0,1454.8,2026-01-22 05:15:45,Medan,MDN-002,dropped
1634,08121899899,08134086463,voice,157,0.0,2026-01-22 05:34:17,Yogyakarta,YOG-005,completed
1635,08123741962,08133783250,data,0,4134.8,2026-01-22 05:41:45,Medan,MDN-003,dropped
1636,08129329387,08136757515,sms,0,0.0,2026-01-22 05:50:45,Medan,MDN-002,dropped
1637,08121899899,08135528971,sms,0,0.0,2026-01-22 06:00:45,Medan,MDN-002,dropped
1638,08125737520,08135528971,data,0,3665.9,2026-01-22 06:00:45,Medan,MDN-005,dropped
1639,08122534297,08136054797,data,0,1794.1,2026-01-22 06:23:45,Medan,MDN-003,failed
1640,08123722577,08136054797,voice,533,0.0,2026-01-22 06:51:45,Medan,MDN-002,dropped
1641,08127772864,08134445123,data,0,1453.4,2026-01-22 06:57:42,Medan,MDN-002,completed
1642,08129373756,08131931137,voice,476,0.0,2026-01-22 07:08:07,Palembang,PLM-005,completed
1643,08129373756,08139516217,sms,0,0.0,2026-01-22 07:09:45,Medan,MDN-004,failed
1644,08121626747,08136444787,sms,0,0.0,2026-01-22 07:17:45,Medan,MDN-002,dropped
1645,08123340178,08138670118,voice,138,0.0,2026-01-22 08:08:50,Balikpapan,BPN-004,completed
1646,08121291312,08136146599,data,0,3552.7,2026-01-22 08:58:29,Jakarta,JKT-001,completed
1647,08126409986,08135528971,data,0,2782.8,2026-01-22 09:15:34,Makassar,MKS-002,completed
1648,08126705235,08133171407,voice,241,0.0,2026-01-22 12:14:42,Semarang,SMG-005,completed
1649,08124007520,08134141852,data,0,2611.9,2026-01-22 12:23:16,Surabaya,SBY-006,completed
1650,08122102236,08131312961,data,0,4867.1,2026-01-22 15:05:13,Medan,MDN-003,completed
1651,08121337099,08132745116,data,0,2911.1,2026-01-22 17:49:22,Palembang,PLM-002,dropped
1652,08129152462,08134492186,voice,407,0.0,2026-01-22 18:21:24,Jakarta,JKT-003,completed
1653,08126351163,08131595943,voice,640,0.0,2026-01-22 18:22:22,Palembang,PLM-004,failed
1654,08127129850,08135256740,data,0,233.3,2026-01-22 18:22:38,Palembang,PLM-002,completed
1655,08126351163,08139238095,voice,439,0.0,2026-01-22 18:47:24,Surabaya,SBY-003,completed
1656,08122480627,08132745116,sms,0,0.0,2026-01-22 19:26:39,Denpasar,DPS-005,completed
1657,08121476478,08132745116,data,0,2045.7,2026-01-22 19:28:22,Palembang,PLM-006,dropped
1658,08121626747,08138556704,data,0,4811.9,2026-01-22 20:10:22,Palembang,PLM-003,dropped
1659,08127803551,08136054797,data,0,206.4,2026-01-22 20:14:22,Palembang,PLM-003,failed
1660,08127232704,08136475969,sms,0,0.0,2026-01-22 20:19:22,Palembang,PLM-002,dropped
1661,08121899899,08131312961,sms,0,0.0,2026-01-22 20:51:22,Palembang,PLM-002,dropped
1662,08128809498,08131278077,voice,236,0.0,2026-01-22 20:54:22,Palembang,PLM-003,failed
1663,08123861273,08132546588,voice,211,0.0,2026-01-22 20:57:22,Palembang,PLM-001,failed
1664,08121626747,08132353532,voice,56,0.0,2026-01-22 21:06:22,Palembang,PLM-002,dropped
1665,08122561951,08138670118,voice,684,0.0,2026-01-22 21:33:22,Palembang,PLM-001,dropped
1666,08126409986,08133550005,voice,345,0.0,2026-01-22 21:44:22,Palembang,PLM-001,dropped
1667,08127232704,08132310425,sms,0,0.0,2026-01-22 22:01:22,Palembang,PLM-006,dropped
1668,08129373756,08138245839,voice,682,0.0,2026-01-22 22:49:22,Palembang,PLM-005,failed
1669,08128809498,08134309599,data,0,3811.6,2026-01-23 00:36:22,Palembang,PLM-003,failed
1670,08125085916,08133171407,voice,120,0.0,2026-01-23 00:47:22,Palembang,PLM-001,dropped
1671,08129329387,08136054797,voice,42,0.0,2026-01-23 02:32:00,Palembang,PLM-002,completed
1672,08122102236,08132904772,voice,375,0.0,2026-01-23 02:57:52,Makassar,MKS-003,completed
1673,08122561951,08131538795,voice,177,0.0,2026-01-23 04:50:06,Surabaya,SBY-003,completed
1674,08128682106,08138670118,voice,184,0.0,2026-01-23 06:02:00,Medan,MDN-005,completed
1675,08122561951,08131411328,voice,254,0.0,2026-01-23 08:57:08,Denpasar,DPS-005,completed
1676,08124007520,08132686161,voice,496,0.0,2026-01-23 13:37:30,Balikpapan,BPN-004,completed
1677,08123722577,08132091000,voice,250,0.0,2026-01-23 13:46:46,Semarang,SMG-003,completed
1678,08121626747,08138120117,data,0,2540.2,2026-01-23 15:41:10,Yogyakarta,YOG-006,completed
1679,08125916355,08132546588,voice,121,0.0,2026-01-23 15:41:57,Semarang,SMG-006,completed
1680,08123340178,08139434563,sms,0,0.0,2026-01-23 16:57:26,Jakarta,JKT-005,completed
1681,08123755069,08131595943,data,0,2950.2,2026-01-23 18:42:28,Medan,MDN-004,completed
1682,08126781597,08134445123,sms,0,0.0,2026-01-23 18:57:01,Makassar,MKS-005,completed
1683,08127009027,08139434563,voice,710,0.0,2026-01-23 19:58:49,Surabaya,SBY-004,completed
1684,08126351163,08131595943,data,0,1208.3,2026-01-24 01:26:43,Balikpapan,BPN-003,dropped
1685,08121476478,08132904772,voice,402,0.0,2026-01-24 01:50:43,Balikpapan,BPN-001,dropped
1686,08122153038,08134116449,voice,225,0.0,2026-01-24 03:05:43,Balikpapan,BPN-001,dropped
1687,08123722577,08139516217,voice,628,0.0,2026-01-24 03:10:43,Balikpapan,BPN-001,dropped
1688,08125916355,08131411328,voice,20,0.0,2026-01-24 03:19:43,Balikpapan,BPN-004,failed
1689,08122102236,08136179863,voice,589,0.0,2026-01-24 03:32:43,Balikpapan,BPN-001,failed
1690,08127603074,08132904772,voice,455,0.0,2026-01-24 03:36:43,Balikpapan,BPN-004,failed
1691,08122534297,08131369129,data,0,349.8,2026-01-24 03:36:43,Balikpapan,BPN-003,failed
1692,08121476478,08135528971,voice,680,0.0,2026-01-24 04:02:43,Balikpapan,BPN-002,dropped
1693,08121899899,08133773951,data,0,1577.8,2026-01-24 04:07:43,Balikpapan,BPN-001,dropped
1694,08129329387,08131312961,data,0,2730.0,2026-01-24 04:09:26,Medan,MDN-005,completed
1695,08123755069,08132145049,voice,102,0.0,2026-01-24 04:11:43,Balikpapan,BPN-004,dropped
1696,08124007520,08132310425,voice,273,0.0,2026-01-24 04:15:43,Balikpapan,BPN-004,failed
1697,08123010002,08131889916,data,0,760.9,2026-01-24 04:16:26,Balikpapan,BPN-002,completed
1698,08127232704,08138670118,voice,74,0.0,2026-01-24 04:16:43,Balikpapan,BPN-003,dropped
1699,08121476478,08135528971,voice,353,0.0,2026-01-24 04:31:36,Semarang,SMG-001,completed
1700,08122480627,08136146599,data,0,4228.6,2026-01-24 04:37:43,Balikpapan,BPN-001,dropped
1701,08123340178,08134492186,sms,0,0.0,2026-01-24 04:43:43,Balikpapan,BPN-001,dropped
1702,08126409986,08134445123,voice,286,0.0,2026-01-24 04:47:43,Balikpapan,BPN-001,dropped
1703,08126851078,08134445123,voice,620,0.0,2026-01-24 05:01:43,Balikpapan,BPN-002,dropped
1704,08127603074,08138245839,voice,130,0.0,2026-01-24 05:18:43,Balikpapan,BPN-004,dropped
1705,08122561951,08132745116,voice,423,0.0,2026-01-24 05:38:43,Balikpapan,BPN-004,failed
1706,08129996828,08132091000,voice,244,0.0,2026-01-24 05:45:36,Yogyakarta,YOG-005,completed
1707,08129152462,08136475969,data,0,1083.9,2026-01-24 05:53:07,Yogyakarta,YOG-001,completed
1708,08123359932,08131723779,sms,0,0.0,2026-01-24 05:53:14,Denpasar,DPS-005,completed
1709,08129996828,08139434563,sms,0,0.0,2026-01-24 05:57:43,Balikpapan,BPN-001,dropped
1710,08126351163,08138670118,voice,530,0.0,2026-01-24 06:05:43,Balikpapan,BPN-001,dropped
1711,08127803551,08133550005,voice,384,0.0,2026-01-24 06:06:43,Balikpapan,BPN-003,dropped
1712,08123741962,08138670118,voice,663,0.0,2026-01-24 06:13:48,Medan,MDN-004,completed
1713,08123819221,08136444787,voice,627,0.0,2026-01-24 06:19:43,Balikpapan,BPN-001,dropped
1714,08121476478,08132686161,sms,0,0.0,2026-01-24 07:47:43,Balikpapan,BPN-002,failed
1715,08125916355,08132353532,sms,0,0.0,2026-01-24 08:10:43,Balikpapan,BPN-003,failed
1716,08123502196,08136757515,voice,625,0.0,2026-01-24 08:17:40,Bandung,BDG-001,completed
1717,08121291312,08131889916,data,0,2671.9,2026-01-24 08:21:43,Balikpapan,BPN-004,dropped
1718,08125085916,08132904772,voice,311,0.0,2026-01-24 08:55:18,Yogyakarta,YOG-006,completed
1719,08127772864,08134492186,voice,304,0.0,2026-01-24 10:06:31,Yogyakarta,YOG-003,completed
1720,08121291312,08131889916,data,0,4375.2,2026-01-24 10:47:39,Medan,MDN-001,completed
1721,08122480627,08132686161,data,0,129.5,2026-01-24 11:29:48,Balikpapan,BPN-005,completed
1722,08129329387,08131889916,voice,606,0.0,2026-01-24 13:13:29,Denpasar,DPS-004,completed
1723,08125916355,08135528971,voice,360,0.0,2026-01-24 13:18:49,Denpasar,DPS-005,completed
1724,08124028773,08133773951,voice,294,0.0,2026-01-24 14:05:24,Medan,MDN-006,completed
1725,08128682106,08132145049,voice,707,0.0,2026-01-24 14:48:10,Palembang,PLM-004,completed
1726,08127009027,08136475969,voice,76,0.0,2026-01-24 15:32:31,Denpasar,DPS-003,completed
1727,08123502196,08132145049,data,0,3111.4,2026-01-24 17:54:23,Denpasar,DPS-006,completed
1728,08123727379,08133171407,voice,640,0.0,2026-01-24 18:48:26,Denpasar,DPS-003,completed
1729,08122534297,08135677762,voice,164,0.0,2026-01-24 21:34:34,Yogyakarta,YOG-003,completed
1730,08122480627,08132546588,sms,0,0.0,2026-01-24 23:35:06,Palembang,PLM-002,completed
1731,08128809498,08134141852,voice,701,0.0,2026-01-25 00:21:09,Semarang,SMG-003,completed
1732,08124193747,08138245839,voice,167,0.0,2026-01-25 00:50:24,Semarang,SMG-003,completed
1733,08129996828,08139516217,voice,112,0.0,2026-01-25 04:52:48,Semarang,SMG-001,completed
1734,08128682106,08132160948,voice,138,0.0,2026-01-25 08:44:24,Makassar,MKS-006,completed
1735,08124028773,08134445123,voice,140,0.0,2026-01-25 08:56:02,Medan,MDN-005,completed
1736,08129221446,08134492186,voice,230,0.0,2026-01-25 09:41:25,Bandung,BDG-006,completed
1737,08125085916,08136475969,data,0,4272.2,2026-01-25 10:11:18,Bandung,BDG-005,completed
1738,08121899899,08131278077,voice,565,0.0,2026-01-25 11:01:03,Jakarta,JKT-003,completed
1739,08129996828,08138153511,sms,0,0.0,2026-01-25 11:44:14,Yogyakarta,YOG-005,completed
1740,08122153038,08131931137,voice,552,0.0,2026-01-25 12:21:48,Makassar,MKS-005,completed
1741,08128809498,08133617221,voice,411,0.0,2026-01-25 14:32:56,Balikpapan,BPN-002,completed
1742,08122480627,08131312961,data,0,1844.5,2026-01-25 14:54:32,Jakarta,JKT-006,completed
1743,08129282643,08134445123,voice,387,0.0,2026-01-25 19:33:31,Yogyakarta,YOG-004,completed
1744,08123727379,08135528971,sms,0,0.0,2026-01-25 19:34:06,Jakarta,JKT-004,completed
1745,08128809498,08132904772,sms,0,0.0,2026-01-25 21:50:47,Semarang,SMG-003,completed
1746,08127129850,08131312961,data,0,4210.5,2026-01-25 23:18:39,Semarang,SMG-006,completed
1747,08128809498,08133783250,data,0,379.1,2026-01-26 06:22:20,Makassar,MKS-003,completed
1748,08121626747,08136475969,voice,341,0.0,2026-01-26 07:52:05,Makassar,MKS-003,completed
1749,08124007520,08132310425,voice,403,0.0,2026-01-26 08:24:39,Jakarta,JKT-003,completed
1750,08123010002,08132310425,voice,373,0.0,2026-01-26 09:35:30,Yogyakarta,YOG-002,completed
1751,08123359932,08132904772,sms,0,0.0,2026-01-26 11:57:00,Bandung,BDG-005,completed
1752,08121476478,08131538795,data,0,298.6,2026-01-26 12:21:24,Palembang,PLM-003,completed
1753,08127232704,08132145049,voice,367,0.0,2026-01-26 13:05:20,Palembang,PLM-001,completed
1754,08121337099,08133617221,voice,72,0.0,2026-01-26 13:07:28,Surabaya,SBY-004,completed
1755,08123727379,08135108727,voice,454,0.0,2026-01-26 13:50:00,Palembang,PLM-005,completed
1756,08123727379,08136475969,data,0,4728.3,2026-01-26 15:14:24,Denpasar,DPS-002,completed
1757,08123722577,08136146599,voice,676,0.0,2026-01-26 15:32:01,Jakarta,JKT-001,completed
1758,08123819221,08134309599,sms,0,0.0,2026-01-26 16:05:28,Surabaya,SBY-003,completed
1759,08123755069,08131931137,voice,456,0.0,2026-01-26 20:16:18,Denpasar,DPS-003,completed
1760,08121899899,08136179863,voice,427,0.0,2026-01-26 21:38:44,Jakarta,JKT-002,completed
1761,08121476478,08134492186,voice,506,0.0,2026-01-26 22:37:01,Makassar,MKS-006,completed
1762,08127803551,08132145049,data,0,1208.8,2026-01-26 22:39:41,Medan,MDN-002,completed
1763,08123502196,08133550005,voice,575,0.0,2026-01-27 01:28:02,Surabaya,SBY-004,completed
1764,08126351163,08133550005,voice,706,0.0,2026-01-27 03:57:30,Makassar,MKS-005,completed
1765,08125916355,08133171407,voice,253,0.0,2026-01-27 06:01:12,Makassar,MKS-001,completed
1766,08123819221,08131538795,data,0,1777.6,2026-01-27 07:09:25,Bandung,BDG-005,completed
1767,08123755069,08137966871,data,0,3385.0,2026-01-27 07:55:28,Balikpapan,BPN-006,completed
1768,08128753866,08131538795,voice,574,0.0,2026-01-27 08:54:02,Balikpapan,BPN-002,completed
1769,08123755069,08134116449,data,0,560.7,2026-01-27 10:24:23,Jakarta,JKT-004,completed
1770,08129221446,08137966871,voice,193,0.0,2026-01-27 10:33:57,Denpasar,DPS-005,completed
1771,08127129850,08131723779,voice,129,0.0,2026-01-27 12:01:55,Jakarta,JKT-006,completed
1772,08127803551,08136146599,voice,477,0.0,2026-01-27 15:14:42,Jakarta,JKT-003,completed
1773,08121078308,08138120117,voice,78,0.0,2026-01-27 18:32:36,Medan,MDN-006,completed
1774,08121078308,08132145049,voice,116,0.0,2026-01-27 20:59:56,Jakarta,JKT-006,completed
1775,08126781597,08134445123,voice,534,0.0,2026-01-27 21:11:22,Medan,MDN-003,failed
1776,08122102236,08139516217,data,0,1960.5,2026-01-27 22:02:22,Medan,MDN-004,dropped
1777,08122713684,08138556704,voice,30,0.0,2026-01-27 22:28:54,Makassar,MKS-001,completed
1778,08123502196,08137966871,voice,258,0.0,2026-01-27 23:54:22,Medan,MDN-002,dropped
1779,08121291312,08132686161,data,0,897.8,2026-01-28 00:09:22,Medan,MDN-001,dropped
1780,08123010002,08139434563,voice,621,0.0,2026-01-28 00:16:22,Medan,MDN-002,failed
1781,08123861273,08131723779,sms,0,0.0,2026-01-28 00:34:22,Medan,MDN-004,failed
1782,08128310846,08131140163,sms,0,0.0,2026-01-28 00:40:22,Medan,MDN-001,failed
1783,08123010002,08136444787,data,0,2666.3,2026-01-28 00:49:22,Medan,MDN-001,dropped
1784,08122102236,08132745116,voice,229,0.0,2026-01-28 00:52:22,Medan,MDN-004,failed
1785,08128809498,08133550005,voice,25,0.0,2026-01-28 00:56:22,Medan,MDN-001,dropped
1786,08129221446,08131723779,data,0,1509.5,2026-01-28 00:58:22,Medan,MDN-002,failed
1787,08126781597,08131931137,voice,294,0.0,2026-01-28 01:14:20,Medan,MDN-002,completed
1788,08124193747,08131931137,voice,337,0.0,2026-01-28 01:21:22,Medan,MDN-001,dropped
1789,08123861273,08131931137,voice,601,0.0,2026-01-28 01:38:22,Medan,MDN-003,failed
1790,08127009027,08138245839,voice,609,0.0,2026-01-28 01:49:22,Medan,MDN-005,dropped
1791,08129329387,08139238095,data,0,2929.0,2026-01-28 01:58:22,Medan,MDN-001,dropped
1792,08123340178,08132546588,voice,390,0.0,2026-01-28 02:05:51,Bandung,BDG-005,completed
1793,08129373756,08134141852,voice,340,0.0,2026-01-28 02:14:48,Semarang,SMG-006,completed
1794,08127009027,08133783250,data,0,1267.8,2026-01-28 02:58:22,Medan,MDN-004,failed
1795,08121040858,08136444787,voice,134,0.0,2026-01-28 03:02:22,Medan,MDN-002,dropped
1796,08123741962,08132745116,voice,405,0.0,2026-01-28 03:05:22,Medan,MDN-001,dropped
1797,08127009027,08139238095,data,0,3199.4,2026-01-28 03:10:22,Medan,MDN-004,failed
1798,08125916355,08133617221,voice,450,0.0,2026-01-28 03:28:22,Medan,MDN-005,failed
1799,08122561951,08132353532,voice,157,0.0,2026-01-28 03:33:22,Medan,MDN-003,failed
1800,08126705235,08133773951,voice,420,0.0,2026-01-28 04:13:22,Medan,MDN-001,dropped
1801,08128753866,08133171407,data,0,4621.3,2026-01-28 04:18:22,Medan,MDN-001,dropped
1802,08128682106,08136475969,data,0,3999.9,2026-01-28 04:19:30,Surabaya,SBY-003,completed
1803,08129329387,08132145049,voice,411,0.0,2026-01-28 04:35:22,Medan,MDN-004,failed
1804,08124193747,08135256740,sms,0,0.0,2026-01-28 04:46:22,Medan,MDN-006,failed
1805,08128310846,08135677762,voice,701,0.0,2026-01-28 05:14:52,Makassar,MKS-001,completed
1806,08122480627,08133550005,voice,387,0.0,2026-01-28 06:09:16,Denpasar,DPS-005,completed
1807,08124193747,08132145049,voice,168,0.0,2026-01-28 06:28:43,Balikpapan,BPN-003,completed
1808,08129996828,08132904772,data,0,3158.6,2026-01-28 08:15:35,Palembang,PLM-005,completed
1809,08129282643,08132904772,data,0,2959.7,2026-01-28 08:55:01,Surabaya,SBY-006,completed
1810,08122153038,08132745116,sms,0,0.0,2026-01-28 09:34:01,Denpasar,DPS-003,completed
1811,08127772864,08133617221,voice,367,0.0,2026-01-28 10:45:49,Denpasar,DPS-004,completed
1812,08123340178,08137966871,data,0,386.2,2026-01-28 10:55:00,Jakarta,JKT-003,completed
1813,08129373756,08131369129,voice,525,0.0,2026-01-28 11:40:56,Balikpapan,BPN-005,completed
1814,08129221446,08136444787,sms,0,0.0,2026-01-28 12:16:55,Yogyakarta,YOG-006,completed
1815,08121337099,08133171407,voice,477,0.0,2026-01-28 12:21:01,Balikpapan,BPN-006,completed
1816,08129373756,08134492186,voice,418,0.0,2026-01-28 12:55:29,Semarang,SMG-002,completed
1817,08127232704,08136757515,voice,84,0.0,2026-01-28 16:45:16,Yogyakarta,YOG-001,completed
1818,08123741962,08132353532,voice,72,0.0,2026-01-28 21:13:25,Surabaya,SBY-006,completed
1819,08122534297,08134116449,sms,0,0.0,2026-01-28 23:40:39,Semarang,SMG-003,completed
1820,08128809498,08136444787,data,0,366.1,2026-01-29 01:56:49,Surabaya,SBY-002,completed
1821,08122713684,08136179863,voice,89,0.0,2026-01-29 05:18:12,Palembang,PLM-005,completed
1822,08129329387,08136146599,voice,389,0.0,2026-01-29 06:15:21,Denpasar,DPS-002,completed
1823,08126781597,08132904772,voice,645,0.0,2026-01-29 06:42:51,Medan,MDN-001,completed
1824,08128682106,08131312961,sms,0,0.0,2026-01-29 09:24:39,Balikpapan,BPN-005,completed
1825,08121078308,08132160948,data,0,290.0,2026-01-29 09:36:21,Bandung,BDG-006,completed
1826,08127803551,08132546588,voice,611,0.0,2026-01-29 12:01:16,Palembang,PLM-003,completed
1827,08129996828,08136444787,voice,479,0.0,2026-01-29 13:35:29,Balikpapan,BPN-006,completed
1828,08129282643,08132686161,data,0,1317.6,2026-01-29 16:09:30,Surabaya,SBY-002,completed
1829,08121899899,08135256740,sms,0,0.0,2026-01-29 18:04:53,Surabaya,SBY-005,completed
1830,08124193747,08134445123,data,0,2507.9,2026-01-29 20:07:10,Palembang,PLM-004,completed
1831,08123722577,08138153511,data,0,4288.1,2026-01-29 21:26:32,Medan,MDN-003,completed
1832,08122102236,08132686161,sms,0,0.0,2026-01-29 22:10:41,Medan,MDN-003,completed
1833,08123727379,08136146599,voice,513,0.0,2026-01-30 00:21:41,Semarang,SMG-005,completed
1834,08128682106,08138245839,voice,374,0.0,2026-01-30 02:57:55,Semarang,SMG-006,completed
1835,08123722577,08131278077,voice,706,0.0,2026-01-30 03:41:01,Palembang,PLM-002,completed
1836,08121626747,08139238095,voice,665,0.0,2026-01-30 05:52:00,Medan,MDN-002,completed
1837,08125085916,08131889916,voice,397,0.0,2026-01-30 06:13:12,Palembang,PLM-005,completed
1838,08128753866,08134086463,voice,32,0.0,2026-01-30 07:38:17,Denpasar,DPS-003,completed
1839,08129329387,08132904772,voice,410,0.0,2026-01-30 07:52:13,Yogyakarta,YOG-006,completed
1840,08123819221,08139238095,sms,0,0.0,2026-01-30 09:55:56,Denpasar,DPS-004,completed
1841,08123340178,08132353532,voice,484,0.0,2026-01-30 10:16:07,Balikpapan,BPN-001,completed
1842,08129996828,08136179863,sms,0,0.0,2026-01-30 10:25:33,Jakarta,JKT-005,completed
1843,08121040858,08139516217,data,0,2881.9,2026-01-30 10:28:24,Yogyakarta,YOG-001,completed
1844,08121337099,08138556704,voice,668,0.0,2026-01-30 10:45:43,Medan,MDN-006,completed
1845,08124007520,08139516217,voice,632,0.0,2026-01-30 12:11:44,Semarang,SMG-004,completed
1846,08127232704,08138556704,data,0,2432.1,2026-01-30 13:37:39,Palembang,PLM-006,completed
1847,08123010002,08134400368,voice,438,0.0,2026-01-30 13:59:54,Yogyakarta,YOG-005,completed
1848,08122480627,08133171407,data,0,3363.9,2026-01-30 16:19:46,Palembang,PLM-006,completed
1849,08127009027,08131538795,voice,454,0.0,2026-01-30 17:45:54,Denpasar,DPS-003,completed
1850,08123359932,08133550005,voice,406,0.0,2026-01-30 18:01:32,Semarang,SMG-003,completed
1851,08123340178,08134400368,voice,692,0.0,2026-01-30 18:53:10,Semarang,SMG-003,completed
1852,08121040858,08135108727,voice,317,0.0,2026-01-30 19:36:40,Surabaya,SBY-004,completed
1853,08121626747,08134086463,data,0,3607.0,2026-01-30 19:38:58,Jakarta,JKT-001,completed
1854,08123861273,08131140163,voice,84,0.0,2026-01-30 19:44:25,Makassar,MKS-005,completed
1855,08123502196,08133617221,data,0,4899.3,2026-01-30 21:03:50,Bandung,BDG-005,completed
1856,08126409986,08132160948,sms,0,0.0,2026-01-30 22:18:01,Balikpapan,BPN-001,completed
1857,08126409986,08133773951,voice,628,0.0,2026-01-30 23:52:56,Denpasar,DPS-003,completed
1858,08127603074,08132091000,data,0,3161.1,2026-01-31 00:58:53,Jakarta,JKT-002,completed
1859,08123819221,08132745116,data,0,924.3,2026-01-31 03:47:04,Palembang,PLM-003,completed
1860,08124193747,08133773951,voice,519,0.0,2026-01-31 04:36:17,Surabaya,SBY-006,completed
1861,08123502196,08134309599,voice,440,0.0,2026-01-31 06:11:32,Makassar,MKS-001,completed
1862,08127009027,08134141852,data,0,1139.2,2026-01-31 08:31:54,Palembang,PLM-003,completed
1863,08129329387,08136475969,voice,130,0.0,2026-01-31 09:34:50,Bandung,BDG-006,completed
1864,08129152462,08132686161,voice,490,0.0,2026-01-31 12:39:50,Jakarta,JKT-003,completed
1865,08123819221,08131595943,voice,140,0.0,2026-01-31 14:24:02,Semarang,SMG-001,dropped
1866,08121899899,08133773951,voice,470,0.0,2026-01-31 15:53:02,Semarang,SMG-002,dropped
1867,08126851078,08134086463,data,0,1416.5,2026-01-31 16:22:02,Semarang,SMG-001,dropped
1868,08127009027,08136444787,sms,0,0.0,2026-01-31 16:59:02,Semarang,SMG-001,dropped
1869,08128809498,08132546588,voice,150,0.0,2026-01-31 17:34:02,Semarang,SMG-003,dropped
1870,08128809498,08135108727,data,0,2534.7,2026-01-31 17:48:02,Semarang,SMG-004,failed
1871,08122713684,08133171407,voice,445,0.0,2026-01-31 17:51:02,Semarang,SMG-003,failed
1872,08122534297,08131889916,data,0,246.1,2026-01-31 17:54:02,Semarang,SMG-001,dropped
1873,08122153038,08134116449,sms,0,0.0,2026-01-31 18:07:02,Semarang,SMG-006,dropped
1874,08125085916,08134116449,data,0,4836.0,2026-01-31 18:13:59,Surabaya,SBY-004,completed
1875,08125085916,08136444787,sms,0,0.0,2026-01-31 18:14:30,Surabaya,SBY-004,completed
1876,08125737520,08136444787,voice,591,0.0,2026-01-31 18:18:02,Semarang,SMG-006,dropped
1877,08122713684,08131931137,voice,83,0.0,2026-01-31 18:23:08,Jakarta,JKT-004,completed
1878,08128809498,08134309599,voice,580,0.0,2026-01-31 18:25:02,Semarang,SMG-003,failed
1879,08129221446,08131723779,data,0,671.7,2026-01-31 18:30:32,Balikpapan,BPN-001,completed
1880,08126851078,08132686161,data,0,1367.9,2026-01-31 18:42:02,Semarang,SMG-002,dropped
1881,08123340178,08139516217,voice,188,0.0,2026-01-31 18:49:02,Semarang,SMG-003,dropped
1882,08122534297,08132353532,voice,306,0.0,2026-01-31 18:51:02,Semarang,SMG-006,failed
1883,08127232704,08133773951,data,0,4078.3,2026-01-31 19:03:02,Semarang,SMG-003,failed
1884,08121337099,08132546588,voice,539,0.0,2026-01-31 19:16:02,Semarang,SMG-006,dropped
1885,08121476478,08135677762,data,0,3658.0,2026-01-31 19:30:02,Semarang,SMG-002,dropped
1886,08128753866,08134445123,sms,0,0.0,2026-01-31 19:34:02,Semarang,SMG-004,dropped
1887,08123755069,08138670118,sms,0,0.0,2026-01-31 19:45:02,Semarang,SMG-001,dropped
1888,08126781597,08132160948,voice,266,0.0,2026-01-31 19:54:02,Semarang,SMG-001,dropped
1889,08123741962,08131278077,voice,500,0.0,2026-01-31 20:20:02,Semarang,SMG-002,dropped
1890,08125916355,08134086463,voice,708,0.0,2026-01-31 20:28:02,Semarang,SMG-002,dropped
1891,08125737520,08139516217,voice,560,0.0,2026-01-31 20:51:02,Semarang,SMG-002,dropped
1892,08128682106,08135677762,data,0,1005.8,2026-01-31 21:09:02,Semarang,SMG-002,dropped
1893,08122713684,08131889916,voice,459,0.0,2026-01-31 21:27:02,Semarang,SMG-002,dropped
1894,08129221446,08133783250,voice,160,0.0,2026-01-31 21:36:02,Semarang,SMG-003,dropped
1895,08129329387,08132745116,voice,662,0.0,2026-01-31 21:44:02,Semarang,SMG-001,dropped
1896,08121899899,08132091000,voice,69,0.0,2026-01-31 21:48:20,Yogyakarta,YOG-001,completed
1897,08125916355,08131140163,voice,312,0.0,2026-01-31 23:00:02,Semarang,SMG-002,dropped
1898,08128310846,08132091000,data,0,4306.0,2026-01-31 23:03:49,Semarang,SMG-004,completed
1899,08123819221,08133783250,voice,583,0.0,2026-02-01 00:44:34,Makassar,MKS-005,completed
1900,08121040858,08134400368,sms,0,0.0,2026-02-01 01:05:30,Jakarta,JKT-005,completed
1901,08127603074,08134492186,data,0,2437.7,2026-02-01 02:20:49,Makassar,MKS-006,completed
1902,08128809498,08136757515,voice,154,0.0,2026-02-01 03:30:08,Denpasar,DPS-005,completed
1903,08127772864,08134141852,voice,262,0.0,2026-02-01 04:05:00,Medan,MDN-005,completed
1904,08129221446,08136179863,voice,86,0.0,2026-02-01 04:47:26,Jakarta,JKT-001,completed
1905,08127772864,08134492186,sms,0,0.0,2026-02-01 05:39:13,Yogyakarta,YOG-001,completed
1906,08127129850,08133550005,data,0,405.0,2026-02-01 07:06:45,Surabaya,SBY-001,completed
1907,08123819221,08135108727,voice,276,0.0,2026-02-01 07:16:35,Palembang,PLM-002,failed
1908,08123819221,08134445123,data,0,3723.6,2026-02-01 07:43:35,Palembang,PLM-004,failed
1909,08122534297,08136444787,voice,248,0.0,2026-02-01 07:58:35,Palembang,PLM-002,dropped
1910,08122713684,08132145049,voice,636,0.0,2026-02-01 08:11:30,Balikpapan,BPN-004,completed
1911,08129221446,08139516217,voice,131,0.0,2026-02-01 08:32:18,Bandung,BDG-003,completed
1912,08123819221,08133617221,voice,278,0.0,2026-02-01 08:59:35,Palembang,PLM-004,failed
1913,08129282643,08132160948,voice,228,0.0,2026-02-01 09:36:35,Palembang,PLM-003,failed
1914,08124193747,08133773951,voice,623,0.0,2026-02-01 09:48:35,Palembang,PLM-002,dropped
1915,08123722577,08133171407,voice,467,0.0,2026-02-01 09:55:35,Palembang,PLM-002,failed
1916,08123727379,08131369129,voice,410,0.0,2026-02-01 10:08:35,Palembang,PLM-004,failed
1917,08128310846,08131312961,sms,0,0.0,2026-02-01 10:10:35,Palembang,PLM-001,dropped
1918,08127009027,08132160948,data,0,2368.0,2026-02-01 10:18:35,Palembang,PLM-001,dropped
1919,08122534297,08139516217,data,0,1988.4,2026-02-01 10:19:35,Palembang,PLM-002,dropped
1920,08125737520,08131312961,sms,0,0.0,2026-02-01 10:26:35,Palembang,PLM-002,dropped
1921,08123819221,08139516217,voice,344,0.0,2026-02-01 10:36:35,Palembang,PLM-005,dropped
1922,08127232704,08132091000,data,0,4787.9,2026-02-01 10:42:22,Palembang,PLM-004,completed
1923,08121337099,08133773951,data,0,2629.5,2026-02-01 10:42:35,Palembang,PLM-004,dropped
1924,08126781597,08136179863,voice,505,0.0,2026-02-01 10:58:35,Palembang,PLM-004,failed
1925,08121626747,08138670118,voice,523,0.0,2026-02-01 11:03:35,Palembang,PLM-004,failed
1926,08122102236,08132160948,data,0,712.1,2026-02-01 11:09:37,Makassar,MKS-001,completed
1927,08122561951,08134141852,sms,0,0.0,2026-02-01 11:33:35,Palembang,PLM-001,dropped
1928,08127772864,08131931137,voice,655,0.0,2026-02-01 11:35:35,Palembang,PLM-004,failed
1929,08123010002,08134086463,voice,299,0.0,2026-02-01 11:43:35,Palembang,PLM-002,dropped
1930,08126851078,08135677762,data,0,1201.6,2026-02-01 11:51:35,Palembang,PLM-001,failed
1931,08127803551,08138556704,sms,0,0.0,2026-02-01 11:55:35,Palembang,PLM-002,dropped
1932,08128682106,08138120117,sms,0,0.0,2026-02-01 11:56:35,Palembang,PLM-001,dropped
1933,08121040858,08132091000,voice,625,0.0,2026-02-01 12:09:35,Palembang,PLM-006,failed
1934,08125916355,08136054797,voice,459,0.0,2026-02-01 12:21:35,Palembang,PLM-002,failed
1935,08122713684,08134086463,voice,470,0.0,2026-02-01 12:32:35,Palembang,PLM-005,dropped
1936,08121078308,08138120117,voice,164,0.0,2026-02-01 12:33:35,Palembang,PLM-004,failed
1937,08129996828,08134445123,data,0,1132.5,2026-02-01 12:45:35,Palembang,PLM-001,dropped
1938,08123010002,08134309599,voice,157,0.0,2026-02-01 13:00:31,Balikpapan,BPN-006,completed
1939,08129373756,08132145049,voice,95,0.0,2026-02-01 13:12:54,Yogyakarta,YOG-003,completed
1940,08123359932,08135256740,data,0,1309.5,2026-02-01 13:31:35,Palembang,PLM-001,dropped
1941,08128753866,08134492186,voice,75,0.0,2026-02-01 13:48:33,Yogyakarta,YOG-004,dropped
1942,08123340178,08132353532,data,0,359.9,2026-02-01 13:51:35,Palembang,PLM-002,dropped
1943,08126351163,08134141852,voice,143,0.0,2026-02-01 14:00:33,Yogyakarta,YOG-004,dropped
1944,08128682106,08139238095,voice,428,0.0,2026-02-01 14:21:27,Balikpapan,BPN-002,completed
1945,08125916355,08135256740,voice,512,0.0,2026-02-01 14:46:35,Palembang,PLM-002,dropped
1946,08122561951,08136146599,voice,418,0.0,2026-02-01 14:54:42,Medan,MDN-001,completed
1947,08129282643,08136054797,voice,696,0.0,2026-02-01 14:56:35,Palembang,PLM-004,failed
1948,08129373756,08132904772,voice,549,0.0,2026-02-01 15:50:33,Yogyakarta,YOG-001,dropped
1949,08121337099,08132686161,voice,162,0.0,2026-02-01 15:56:43,Bandung,BDG-005,completed
1950,08126409986,08132160948,voice,688,0.0,2026-02-01 16:09:33,Yogyakarta,YOG-001,dropped
1951,08121040858,08139516217,sms,0,0.0,2026-02-01 16:11:33,Yogyakarta,YOG-001,dropped
1952,08122102236,08138120117,voice,303,0.0,2026-02-01 16:42:33,Yogyakarta,YOG-002,dropped
1953,08127232704,08138670118,voice,676,0.0,2026-02-01 17:05:33,Yogyakarta,YOG-003,failed
1954,08121337099,08133550005,data,0,2480.7,2026-02-01 17:34:33,Yogyakarta,YOG-006,failed
1955,08129996828,08139434563,voice,509,0.0,2026-02-01 17:40:33,Yogyakarta,YOG-003,failed
1956,08124028773,08139516217,voice,30,0.0,2026-02-01 17:46:43,Surabaya,SBY-003,completed
1957,08128310846,08136146599,data,0,2973.8,2026-02-01 17:53:33,Yogyakarta,YOG-002,dropped
1958,08121337099,08132160948,voice,566,0.0,2026-02-01 18:25:33,Yogyakarta,YOG-003,failed
1959,08127009027,08133773951,data,0,1501.4,2026-02-01 18:46:33,Yogyakarta,YOG-003,dropped
1960,08128310846,08132091000,voice,73,0.0,2026-02-01 19:04:33,Yogyakarta,YOG-002,dropped
1961,08122713684,08132310425,data,0,4889.4,2026-02-01 19:51:33,Yogyakarta,YOG-003,dropped
1962,08121040858,08132546588,data,0,2015.8,2026-02-01 20:02:33,Yogyakarta,YOG-001,failed
1963,08123502196,08134141852,sms,0,0.0,2026-02-01 20:21:33,Yogyakarta,YOG-002,dropped
1964,08122713684,08131595943,data,0,4241.9,2026-02-01 20:28:33,Yogyakarta,YOG-004,failed
1965,08123819221,08134309599,voice,663,0.0,2026-02-01 21:05:33,Yogyakarta,YOG-003,dropped
1966,08127232704,08136444787,data,0,1028.8,2026-02-01 21:05:33,Yogyakarta,YOG-005,failed
1967,08121337099,08131889916,voice,118,0.0,2026-02-01 21:18:33,Yogyakarta,YOG-004,failed
1968,08128809498,08131538795,data,0,580.6,2026-02-01 21:59:38,Bandung,BDG-003,completed
1969,08128310846,08136146599,data,0,992.8,2026-02-01 22:00:33,Yogyakarta,YOG-002,dropped
1970,08129373756,08133617221,data,0,1383.3,2026-02-01 22:04:55,Palembang,PLM-006,completed
1971,08127232704,08132686161,data,0,73.5,2026-02-01 22:49:09,Jakarta,JKT-006,completed
1972,08122102236,08138556704,voice,226,0.0,2026-02-01 23:21:20,Jakarta,JKT-001,completed
1973,08123741962,08131369129,voice,345,0.0,2026-02-01 23:32:33,Yogyakarta,YOG-001,failed
1974,08121337099,08137966871,data,0,3242.4,2026-02-02 00:47:05,Palembang,PLM-001,completed
1975,08125085916,08133617221,data,0,4692.4,2026-02-02 01:32:28,Palembang,PLM-001,completed
1976,08123010002,08133783250,voice,655,0.0,2026-02-02 01:55:53,Surabaya,SBY-005,completed
1977,08128809498,08132160948,sms,0,0.0,2026-02-02 03:48:40,Balikpapan,BPN-005,completed
1978,08122153038,08131931137,data,0,1309.6,2026-02-02 07:01:25,Balikpapan,BPN-001,completed
1979,08122534297,08131595943,voice,504,0.0,2026-02-02 08:09:18,Surabaya,SBY-006,completed
1980,08127603074,08138245839,voice,470,0.0,2026-02-02 10:24:26,Surabaya,SBY-005,completed
1981,08123359932,08139516217,data,0,4325.1,2026-02-02 11:25:20,Palembang,PLM-004,completed
1982,08121476478,08138556704,data,0,3523.8,2026-02-02 11:35:31,Denpasar,DPS-006,completed
1983,08123861273,08134445123,sms,0,0.0,2026-02-02 12:32:29,Semarang,SMG-006,completed
1984,08123727379,08138153511,sms,0,0.0,2026-02-02 12:58:05,Bandung,BDG-005,completed
1985,08123340178,08135677762,data,0,3024.8,2026-02-02 13:09:19,Bandung,BDG-004,completed
1986,08121626747,08131312961,voice,712,0.0,2026-02-02 15:48:32,Jakarta,JKT-004,completed
1987,08128682106,08131723779,voice,508,0.0,2026-02-02 19:06:41,Semarang,SMG-003,completed
1988,08125085916,08132546588,sms,0,0.0,2026-02-02 19:59:09,Palembang,PLM-003,completed
1989,08126851078,08134116449,data,0,2491.2,2026-02-02 21:28:00,Semarang,SMG-003,completed
1990,08125085916,08131889916,voice,59,0.0,2026-02-02 21:36:34,Makassar,MKS-003,completed
1991,08123755069,08131595943,voice,434,0.0,2026-02-02 22:51:32,Makassar,MKS-006,completed
1992,08123359932,08138245839,data,0,592.8,2026-02-03 01:05:30,Makassar,MKS-005,completed
1993,08127803551,08131595943,voice,461,0.0,2026-02-03 01:13:25,Denpasar,DPS-003,completed
1994,08123010002,08133783250,voice,245,0.0,2026-02-03 01:47:01,Semarang,SMG-006,completed
1995,08129152462,08138556704,voice,187,0.0,2026-02-03 01:52:12,Bandung,BDG-001,completed
1996,08123502196,08131369129,voice,689,0.0,2026-02-03 02:00:01,Medan,MDN-003,completed
1997,08129282643,08134445123,data,0,2746.0,2026-02-03 02:49:36,Surabaya,SBY-003,completed
1998,08124028773,08132145049,voice,574,0.0,2026-02-03 02:52:07,Makassar,MKS-006,completed
1999,08122102236,08136054797,voice,219,0.0,2026-02-03 06:20:23,Denpasar,DPS-004,completed
2000,08123861273,08139238095,sms,0,0.0,2026-02-03 07:12:53,Balikpapan,BPN-006,completed
2001,08125916355,08131931137,voice,363,0.0,2026-02-03 08:02:17,Yogyakarta,YOG-001,completed
2002,08123727379,08139238095,data,0,2975.5,2026-02-03 08:03:44,Jakarta,JKT-004,completed
2003,08126851078,08134141852,data,0,4142.2,2026-02-03 08:42:47,Palembang,PLM-001,completed
2004,08127603074,08135108727,sms,0,0.0,2026-02-03 09:36:34,Surabaya,SBY-001,completed
2005,08128753866,08138245839,voice,345,0.0,2026-02-03 09:45:48,Palembang,PLM-005,completed
2006,08122534297,08133550005,voice,432,0.0,2026-02-03 11:51:45,Makassar,MKS-006,completed
2007,08129373756,08138245839,data,0,573.9,2026-02-03 13:47:33,Medan,MDN-003,completed
2008,08124193747,08139238095,sms,0,0.0,2026-02-03 18:03:58,Semarang,SMG-003,completed
2009,08129996828,08136475969,data,0,455.4,2026-02-03 18:09:37,Palembang,PLM-006,completed
2010,08128753866,08131411328,data,0,1066.1,2026-02-03 20:27:48,Bandung,BDG-006,completed
2011,08129282643,08131140163,voice,508,0.0,2026-02-03 21:01:09,Makassar,MKS-002,completed
2012,08121040858,08139238095,voice,487,0.0,2026-02-03 21:10:48,Balikpapan,BPN-001,completed
2013,08121337099,08133171407,voice,326,0.0,2026-02-03 21:33:29,Balikpapan,BPN-002,completed
2014,08123819221,08132904772,voice,112,0.0,2026-02-03 22:35:28,Surabaya,SBY-001,completed
2015,08126705235,08136054797,data,0,3126.2,2026-02-03 23:27:51,Bandung,BDG-001,completed
2016,08127129850,08133617221,data,0,1676.5,2026-02-04 00:35:40,Surabaya,SBY-003,completed
2017,08122153038,08139434563,voice,146,0.0,2026-02-04 00:38:42,Bandung,BDG-002,completed
2018,08129996828,08133550005,voice,643,0.0,2026-02-04 01:31:14,Denpasar,DPS-001,completed
2019,08127803551,08134116449,voice,278,0.0,2026-02-04 02:09:47,Denpasar,DPS-002,completed
2020,08126851078,08131931137,voice,368,0.0,2026-02-04 03:45:02,Semarang,SMG-003,completed
2021,08126781597,08135108727,voice,167,0.0,2026-02-04 04:35:33,Bandung,BDG-005,completed
2022,08127009027,08136757515,voice,540,0.0,2026-02-04 05:14:28,Bandung,BDG-004,completed
2023,08126781597,08138120117,voice,25,0.0,2026-02-04 06:39:32,Denpasar,DPS-004,completed
2024,08125737520,08133617221,data,0,2706.4,2026-02-04 07:05:45,Surabaya,SBY-001,completed
2025,08126781597,08131889916,voice,143,0.0,2026-02-04 07:06:24,Yogyakarta,YOG-003,completed
2026,08121337099,08134445123,voice,231,0.0,2026-02-04 10:19:01,Semarang,SMG-004,completed
2027,08121291312,08132353532,voice,439,0.0,2026-02-04 13:50:23,Palembang,PLM-004,completed
2028,08122561951,08132546588,data,0,2762.8,2026-02-04 15:17:51,Jakarta,JKT-001,completed
2029,08123727379,08139516217,voice,219,0.0,2026-02-04 17:04:37,Yogyakarta,YOG-003,completed
2030,08129996828,08136757515,voice,558,0.0,2026-02-04 18:43:01,Denpasar,DPS-002,completed
2031,08122153038,08133783250,data,0,1085.6,2026-02-04 23:24:49,Semarang,SMG-006,completed
2032,08121337099,08136475969,data,0,4721.6,2026-02-04 23:51:24,Surabaya,SBY-003,completed
2033,08123359932,08131538795,data,0,686.0,2026-02-05 01:37:17,Semarang,SMG-006,completed
2034,08129329387,08131595943,voice,200,0.0,2026-02-05 02:11:23,Surabaya,SBY-002,completed
2035,08122153038,08135108727,voice,610,0.0,2026-02-05 04:16:44,Makassar,MKS-002,completed
2036,08121626747,08131411328,voice,620,0.0,2026-02-05 04:48:34,Semarang,SMG-002,completed
2037,08125737520,08138153511,voice,268,0.0,2026-02-05 06:48:18,Semarang,SMG-001,completed
2038,08123359932,08135677762,voice,136,0.0,2026-02-05 09:16:37,Jakarta,JKT-001,completed
2039,08127232704,08132353532,data,0,1678.9,2026-02-05 11:21:09,Denpasar,DPS-001,completed
2040,08129996828,08131312961,voice,436,0.0,2026-02-05 11:41:00,Palembang,PLM-004,completed
2041,08123010002,08133783250,data,0,3424.1,2026-02-05 12:37:39,Jakarta,JKT-005,completed
2042,08123010002,08132145049,data,0,3756.4,2026-02-05 18:21:51,Yogyakarta,YOG-003,completed
2043,08122102236,08136475969,data,0,3516.3,2026-02-06 00:41:38,Palembang,PLM-004,completed
2044,08121476478,08134116449,voice,280,0.0,2026-02-06 01:31:08,Surabaya,SBY-004,completed
2045,08125916355,08134116449,voice,626,0.0,2026-02-06 01:41:11,Balikpapan,BPN-001,completed
2046,08126409986,08134086463,voice,719,0.0,2026-02-06 02:43:31,Balikpapan,BPN-003,completed
2047,08123722577,08139434563,voice,183,0.0,2026-02-06 02:45:14,Balikpapan,BPN-005,completed
2048,08122480627,08137966871,sms,0,0.0,2026-02-06 03:52:00,Yogyakarta,YOG-003,completed
2049,08129282643,08131369129,data,0,2186.9,2026-02-06 04:09:50,Palembang,PLM-006,completed
2050,08122713684,08135677762,sms,0,0.0,2026-02-06 05:27:34,Surabaya,SBY-003,completed
2051,08122534297,08133550005,data,0,2437.5,2026-02-06 05:43:48,Palembang,PLM-002,completed
2052,08123755069,08131538795,voice,616,0.0,2026-02-06 05:56:24,Bandung,BDG-004,completed
2053,08125737520,08133171407,voice,53,0.0,2026-02-06 06:32:48,Yogyakarta,YOG-004,completed
2054,08121040858,08132091000,data,0,2928.9,2026-02-06 08:56:47,Denpasar,DPS-005,completed
2055,08129282643,08132904772,voice,638,0.0,2026-02-06 09:10:57,Makassar,MKS-005,completed
2056,08126851078,08136475969,sms,0,0.0,2026-02-06 12:00:15,Medan,MDN-002,completed
2057,08123722577,08135108727,voice,449,0.0,2026-02-06 13:41:27,Yogyakarta,YOG-005,completed
2058,08126851078,08135108727,data,0,2676.7,2026-02-06 14:20:07,Yogyakarta,YOG-004,completed
2059,08122480627,08131369129,data,0,4179.2,2026-02-06 16:29:45,Medan,MDN-004,completed
2060,08128310846,08139434563,voice,703,0.0,2026-02-06 16:36:08,Semarang,SMG-004,completed
2061,08121899899,08131369129,voice,338,0.0,2026-02-06 20:38:34,Makassar,MKS-001,completed
2062,08129282643,08134141852,data,0,4282.6,2026-02-06 21:12:14,Yogyakarta,YOG-002,completed
2063,08123861273,08139434563,data,0,1906.0,2026-02-06 22:21:02,Semarang,SMG-003,completed
2064,08125737520,08138556704,sms,0,0.0,2026-02-06 22:34:51,Bandung,BDG-006,completed
2065,08126409986,08131140163,voice,93,0.0,2026-02-06 22:41:10,Medan,MDN-002,completed
2066,08127803551,08131312961,voice,359,0.0,2026-02-06 23:30:59,Palembang,PLM-004,completed
2067,08126851078,08132686161,data,0,3931.4,2026-02-07 01:17:10,Yogyakarta,YOG-006,completed
2068,08126351163,08136179863,voice,501,0.0,2026-02-07 01:58:07,Semarang,SMG-001,completed
2069,08127232704,08139238095,voice,99,0.0,2026-02-07 02:25:39,Surabaya,SBY-004,completed
2070,08122102236,08132745116,sms,0,0.0,2026-02-07 03:30:25,Denpasar,DPS-002,completed
2071,08123340178,08135108727,data,0,4230.7,2026-02-07 05:44:11,Jakarta,JKT-006,completed
2072,08129152462,08132353532,voice,659,0.0,2026-02-07 06:34:54,Bandung,BDG-002,completed
2073,08122534297,08133171407,data,0,4025.4,2026-02-07 06:52:17,Denpasar,DPS-002,completed
2074,08123819221,08131140163,voice,708,0.0,2026-02-07 08:21:16,Surabaya,SBY-006,completed
2075,08129152462,08131931137,sms,0,0.0,2026-02-07 11:43:43,Palembang,PLM-001,completed
2076,08123741962,08134086463,voice,26,0.0,2026-02-07 12:15:12,Jakarta,JKT-003,completed
2077,08129282643,08135256740,data,0,2599.3,2026-02-07 12:29:26,Semarang,SMG-006,completed
2078,08122153038,08133773951,sms,0,0.0,2026-02-07 14:07:10,Yogyakarta,YOG-001,completed
2079,08129282643,08137966871,voice,616,0.0,2026-02-07 17:36:20,Palembang,PLM-004,completed
2080,08126705235,08139238095,voice,529,0.0,2026-02-07 19:01:09,Denpasar,DPS-004,completed
2081,08126351163,08134445123,voice,575,0.0,2026-02-07 21:33:08,Yogyakarta,YOG-003,completed
2082,08127772864,08136444787,voice,262,0.0,2026-02-08 01:15:24,Surabaya,SBY-002,completed
2083,08129282643,08138556704,voice,626,0.0,2026-02-08 01:35:13,Jakarta,JKT-006,completed
2084,08123727379,08131931137,data,0,235.1,2026-02-08 02:44:59,Palembang,PLM-006,completed
2085,08123861273,08136444787,data,0,3481.2,2026-02-08 03:28:16,Semarang,SMG-005,completed
2086,08125737520,08131723779,data,0,739.5,2026-02-08 05:54:15,Jakarta,JKT-005,completed
2087,08122561951,08133550005,voice,470,0.0,2026-02-08 08:59:12,Surabaya,SBY-001,completed
2088,08122561951,08134492186,data,0,1629.0,2026-02-08 11:24:55,Semarang,SMG-005,completed
2089,08127603074,08136757515,voice,612,0.0,2026-02-08 12:29:13,Yogyakarta,YOG-005,completed
2090,08127129850,08138556704,voice,236,0.0,2026-02-08 12:55:33,Makassar,MKS-003,completed
2091,08127129850,08136757515,voice,92,0.0,2026-02-08 13:49:33,Jakarta,JKT-001,completed
2092,08123359932,08135256740,voice,529,0.0,2026-02-08 14:10:00,Bandung,BDG-003,completed
2093,08123861273,08136757515,sms,0,0.0,2026-02-08 18:10:38,Balikpapan,BPN-001,completed
2094,08121078308,08135108727,voice,73,0.0,2026-02-08 18:37:02,Medan,MDN-001,completed
2095,08121291312,08131723779,sms,0,0.0,2026-02-08 20:07:28,Jakarta,JKT-004,completed
2096,08121476478,08131889916,voice,248,0.0,2026-02-08 21:02:24,Denpasar,DPS-001,completed
2097,08122480627,08132310425,sms,0,0.0,2026-02-09 03:11:28,Jakarta,JKT-001,completed
2098,08124007520,08136444787,voice,452,0.0,2026-02-09 03:25:34,Balikpapan,BPN-005,completed
2099,08127803551,08131411328,voice,277,0.0,2026-02-09 03:29:58,Makassar,MKS-006,completed
2100,08122153038,08132145049,voice,332,0.0,2026-02-09 04:26:38,Yogyakarta,YOG-003,completed
2101,08127603074,08139238095,voice,717,0.0,2026-02-09 05:41:46,Medan,MDN-004,completed
2102,08121337099,08136146599,voice,348,0.0,2026-02-09 10:57:38,Semarang,SMG-003,completed
2103,08123741962,08136475969,data,0,2964.2,2026-02-09 11:05:34,Makassar,MKS-005,completed
2104,08123502196,08135528971,sms,0,0.0,2026-02-09 11:09:38,Yogyakarta,YOG-005,completed
2105,08122713684,08131595943,voice,472,0.0,2026-02-09 13:02:50,Surabaya,SBY-001,completed
2106,08126409986,08132686161,sms,0,0.0,2026-02-09 13:57:27,Jakarta,JKT-006,completed
2107,08127129850,08131723779,data,0,1164.3,2026-02-09 14:21:41,Denpasar,DPS-002,completed
2108,08128809498,08131140163,data,0,1733.9,2026-02-09 14:35:32,Balikpapan,BPN-004,completed
2109,08129221446,08135677762,data,0,1409.5,2026-02-09 15:00:40,Semarang,SMG-004,completed
2110,08127232704,08131889916,data,0,347.3,2026-02-09 17:39:19,Palembang,PLM-004,completed
2111,08121078308,08136475969,voice,640,0.0,2026-02-09 20:07:35,Balikpapan,BPN-001,completed
2112,08123861273,08132091000,voice,141,0.0,2026-02-09 20:41:00,Bandung,BDG-002,completed
2113,08123502196,08134445123,data,0,4517.5,2026-02-09 21:20:49,Bandung,BDG-006,completed
2114,08121078308,08132353532,voice,511,0.0,2026-02-10 00:10:23,Surabaya,SBY-004,completed
2115,08128753866,08134116449,data,0,3139.1,2026-02-10 00:54:09,Jakarta,JKT-002,completed
2116,08123819221,08131278077,voice,490,0.0,2026-02-10 01:42:37,Medan,MDN-005,completed
2117,08121626747,08139434563,sms,0,0.0,2026-02-10 06:17:53,Balikpapan,BPN-001,completed
2118,08123340178,08132546588,data,0,554.7,2026-02-10 07:35:31,Semarang,SMG-002,completed
2119,08129152462,08133171407,sms,0,0.0,2026-02-10 09:14:54,Bandung,BDG-006,completed
2120,08122102236,08138153511,voice,245,0.0,2026-02-10 09:32:25,Yogyakarta,YOG-003,completed
2121,08129329387,08135677762,voice,415,0.0,2026-02-10 09:48:50,Surabaya,SBY-003,completed
2122,08127129850,08132745116,voice,107,0.0,2026-02-10 10:00:58,Makassar,MKS-004,completed
2123,08129329387,08132353532,data,0,2587.6,2026-02-10 10:24:25,Makassar,MKS-001,completed
2124,08124193747,08132353532,voice,620,0.0,2026-02-10 11:47:50,Yogyakarta,YOG-005,completed
2125,08122480627,08131538795,voice,84,0.0,2026-02-10 12:33:33,Yogyakarta,YOG-001,completed
2126,08121899899,08133783250,data,0,978.6,2026-02-10 12:43:55,Palembang,PLM-006,completed
2127,08122480627,08131411328,voice,331,0.0,2026-02-10 15:44:01,Medan,MDN-002,completed
2128,08127129850,08138245839,voice,70,0.0,2026-02-10 17:07:49,Surabaya,SBY-002,completed
2129,08128753866,08139238095,voice,445,0.0,2026-02-10 17:31:56,Palembang,PLM-006,completed
2130,08123861273,08135108727,voice,402,0.0,2026-02-10 18:20:24,Palembang,PLM-002,completed
2131,08124028773,08136475969,voice,690,0.0,2026-02-10 19:25:29,Palembang,PLM-003,completed
2132,08123010002,08131889916,sms,0,0.0,2026-02-10 20:54:38,Denpasar,DPS-002,completed
2133,08123819221,08138120117,voice,156,0.0,2026-02-10 22:58:28,Medan,MDN-004,completed
2134,08122534297,08131931137,sms,0,0.0,2026-02-10 23:27:15,Bandung,BDG-006,completed
2135,08122153038,08134492186,voice,138,0.0,2026-02-11 00:22:28,Denpasar,DPS-001,completed
2136,08123861273,08132904772,data,0,4513.0,2026-02-11 05:33:25,Surabaya,SBY-001,completed
2137,08127232704,08136444787,sms,0,0.0,2026-02-11 10:39:27,Makassar,MKS-003,completed
2138,08124193747,08134116449,voice,225,0.0,2026-02-11 11:09:44,Makassar,MKS-002,completed
2139,08129221446,08131411328,voice,196,0.0,2026-02-11 11:39:12,Medan,MDN-001,completed
2140,08126851078,08132745116,data,0,3658.3,2026-02-11 11:39:14,Bandung,BDG-005,completed
2141,08126351163,08132546588,voice,81,0.0,2026-02-11 14:35:21,Semarang,SMG-003,completed
2142,08123819221,08136179863,data,0,3629.8,2026-02-11 16:17:19,Surabaya,SBY-004,completed
2143,08126351163,08134492186,voice,495,0.0,2026-02-11 17:30:09,Denpasar,DPS-003,completed
2144,08127772864,08136444787,voice,263,0.0,2026-02-11 17:52:03,Medan,MDN-001,completed
2145,08121476478,08134445123,voice,652,0.0,2026-02-11 17:59:21,Makassar,MKS-004,completed
2146,08128310846,08132310425,data,0,385.1,2026-02-11 21:19:57,Makassar,MKS-003,completed
2147,08123359932,08138120117,voice,676,0.0,2026-02-11 23:04:48,Semarang,SMG-006,completed
2148,08128310846,08132904772,voice,472,0.0,2026-02-11 23:29:41,Jakarta,JKT-006,completed
2149,08123340178,08136054797,voice,463,0.0,2026-02-12 00:28:07,Medan,MDN-001,completed
2150,08121337099,08132353532,data,0,454.0,2026-02-12 04:05:00,Medan,MDN-002,completed
2151,08128809498,08135677762,voice,405,0.0,2026-02-12 04:46:51,Balikpapan,BPN-004,completed
2152,08123755069,08132310425,data,0,4332.7,2026-02-12 05:31:56,Semarang,SMG-001,completed
2153,08128310846,08134141852,voice,367,0.0,2026-02-12 05:32:04,Makassar,MKS-002,completed
2154,08127129850,08131140163,voice,426,0.0,2026-02-12 06:14:37,Medan,MDN-005,completed
2155,08121078308,08131140163,data,0,4614.1,2026-02-12 06:43:37,Balikpapan,BPN-005,completed
2156,08122713684,08133783250,voice,678,0.0,2026-02-12 09:30:57,Makassar,MKS-006,completed
2157,08128310846,08131595943,voice,607,0.0,2026-02-12 09:59:39,Denpasar,DPS-001,completed
2158,08127129850,08131140163,voice,588,0.0,2026-02-12 10:12:38,Yogyakarta,YOG-003,completed
2159,08121291312,08136475969,data,0,3649.8,2026-02-12 10:31:49,Makassar,MKS-003,completed
2160,08129282643,08132686161,data,0,2404.0,2026-02-12 10:32:17,Jakarta,JKT-002,completed
2161,08127232704,08132546588,voice,47,0.0,2026-02-12 11:14:55,Bandung,BDG-001,completed
2162,08123861273,08136475969,sms,0,0.0,2026-02-12 12:05:45,Palembang,PLM-005,completed
2163,08126409986,08134309599,voice,268,0.0,2026-02-12 13:48:26,Bandung,BDG-001,completed
2164,08129996828,08138245839,data,0,706.8,2026-02-12 15:07:15,Medan,MDN-004,completed
2165,08127603074,08138556704,data,0,2391.1,2026-02-12 15:41:12,Makassar,MKS-001,failed
2166,08122153038,08131595943,voice,31,0.0,2026-02-12 15:43:12,Makassar,MKS-005,dropped
2167,08123340178,08138245839,data,0,2422.3,2026-02-12 15:50:12,Makassar,MKS-005,dropped
2168,08126781597,08131723779,data,0,4194.5,2026-02-12 15:50:12,Makassar,MKS-004,failed
2169,08121291312,08138153511,voice,475,0.0,2026-02-12 15:51:12,Makassar,MKS-001,dropped
2170,08126851078,08133550005,voice,285,0.0,2026-02-12 16:15:12,Makassar,MKS-004,dropped
2171,08129152462,08132353532,voice,99,0.0,2026-02-12 16:27:12,Makassar,MKS-005,failed
2172,08126351163,08132310425,voice,161,0.0,2026-02-12 16:28:12,Makassar,MKS-001,dropped
2173,08122561951,08139516217,voice,65,0.0,2026-02-12 16:59:12,Makassar,MKS-001,dropped
2174,08127772864,08134116449,voice,586,0.0,2026-02-12 16:59:12,Makassar,MKS-002,failed
2175,08129282643,08134445123,voice,519,0.0,2026-02-12 17:03:12,Makassar,MKS-004,dropped
2176,08122561951,08138120117,voice,571,0.0,2026-02-12 17:16:12,Makassar,MKS-004,failed
2177,08124193747,08134445123,voice,476,0.0,2026-02-12 17:21:12,Makassar,MKS-006,failed
2178,08123861273,08133773951,data,0,1978.9,2026-02-12 17:45:12,Makassar,MKS-006,failed
2179,08125916355,08139516217,sms,0,0.0,2026-02-12 17:48:12,Makassar,MKS-004,failed
2180,08124028773,08135108727,voice,203,0.0,2026-02-12 17:54:12,Makassar,MKS-004,failed
2181,08127803551,08132160948,voice,669,0.0,2026-02-12 17:56:12,Makassar,MKS-002,failed
2182,08125085916,08139516217,voice,49,0.0,2026-02-12 18:00:06,Semarang,SMG-001,completed
2183,08123010002,08131312961,sms,0,0.0,2026-02-12 18:01:12,Makassar,MKS-003,dropped
2184,08121476478,08133773951,data,0,4147.9,2026-02-12 18:24:12,Makassar,MKS-004,failed
2185,08127772864,08134116449,voice,454,0.0,2026-02-12 18:25:12,Makassar,MKS-004,dropped
2186,08128753866,08136444787,data,0,2813.4,2026-02-12 18:46:12,Makassar,MKS-001,dropped
2187,08121337099,08132160948,voice,643,0.0,2026-02-12 19:49:54,Jakarta,JKT-001,completed
2188,08123819221,08135256740,sms,0,0.0,2026-02-12 20:04:12,Makassar,MKS-006,dropped
2189,08123502196,08131278077,voice,244,0.0,2026-02-12 20:36:12,Makassar,MKS-005,dropped
2190,08126409986,08136146599,data,0,1360.3,2026-02-12 20:53:12,Makassar,MKS-002,dropped
2191,08123727379,08133783250,voice,28,0.0,2026-02-13 00:22:15,Balikpapan,BPN-005,completed
2192,08123861273,08132091000,data,0,3251.9,2026-02-13 00:31:58,Surabaya,SBY-006,completed
2193,08127803551,08135528971,voice,39,0.0,2026-02-13 00:38:39,Denpasar,DPS-001,completed
2194,08123861273,08136475969,voice,290,0.0,2026-02-13 03:27:38,Medan,MDN-006,completed
2195,08127772864,08131889916,voice,463,0.0,2026-02-13 07:37:25,Denpasar,DPS-001,completed
2196,08123861273,08131595943,voice,83,0.0,2026-02-13 08:36:04,Denpasar,DPS-006,completed
2197,08126781597,08135677762,voice,103,0.0,2026-02-13 08:39:14,Palembang,PLM-003,completed
2198,08123819221,08136179863,voice,685,0.0,2026-02-13 10:23:58,Balikpapan,BPN-004,completed
2199,08123819221,08132686161,voice,662,0.0,2026-02-13 11:17:07,Jakarta,JKT-006,completed
2200,08121899899,08138245839,data,0,3872.4,2026-02-13 12:28:49,Semarang,SMG-002,completed
2201,08121337099,08132310425,voice,430,0.0,2026-02-13 14:47:09,Balikpapan,BPN-001,completed
2202,08121626747,08132091000,voice,665,0.0,2026-02-14 00:20:14,Palembang,PLM-002,completed
2203,08123502196,08138670118,voice,466,0.0,2026-02-14 00:50:02,Jakarta,JKT-002,completed
2204,08127129850,08134309599,sms,0,0.0,2026-02-14 00:57:04,Medan,MDN-003,completed
2205,08126781597,08134309599,voice,528,0.0,2026-02-14 02:58:19,Denpasar,DPS-006,completed
2206,08121337099,08132686161,voice,126,0.0,2026-02-14 03:20:19,Balikpapan,BPN-006,completed
2207,08127772864,08132686161,voice,37,0.0,2026-02-14 04:07:41,Makassar,MKS-005,completed
2208,08128753866,08132353532,sms,0,0.0,2026-02-14 04:20:27,Yogyakarta,YOG-005,completed
2209,08128310846,08136444787,voice,162,0.0,2026-02-14 04:57:40,Surabaya,SBY-006,completed
2210,08121899899,08138670118,sms,0,0.0,2026-02-14 05:18:06,Balikpapan,BPN-006,completed
2211,08128310846,08132160948,voice,492,0.0,2026-02-14 07:01:43,Surabaya,SBY-002,completed
2212,08128809498,08133550005,voice,356,0.0,2026-02-14 07:09:52,Bandung,BDG-001,completed
2213,08124007520,08139434563,voice,559,0.0,2026-02-14 07:20:08,Denpasar,DPS-004,completed
2214,08121337099,08131595943,voice,517,0.0,2026-02-14 07:20:34,Yogyakarta,YOG-002,completed
2215,08122480627,08134116449,sms,0,0.0,2026-02-14 08:25:51,Bandung,BDG-004,completed
2216,08129996828,08131889916,voice,508,0.0,2026-02-14 10:08:27,Palembang,PLM-006,completed
2217,08129221446,08132145049,sms,0,0.0,2026-02-14 12:06:08,Surabaya,SBY-005,completed
2218,08129996828,08131369129,voice,47,0.0,2026-02-14 12:45:45,Palembang,PLM-001,completed
2219,08123502196,08139516217,voice,408,0.0,2026-02-14 12:52:05,Bandung,BDG-006,completed
2220,08123755069,08131140163,voice,295,0.0,2026-02-14 13:36:52,Palembang,PLM-002,completed
2221,08129329387,08138670118,voice,221,0.0,2026-02-14 13:59:36,Bandung,BDG-006,completed
2222,08126851078,08133783250,data,0,4778.7,2026-02-14 15:31:56,Medan,MDN-006,completed
2223,08122713684,08133171407,sms,0,0.0,2026-02-14 15:40:49,Surabaya,SBY-003,completed
2224,08128753866,08134309599,data,0,4747.1,2026-02-14 16:01:57,Yogyakarta,YOG-006,completed
2225,08123340178,08135108727,voice,643,0.0,2026-02-14 17:15:12,Palembang,PLM-001,completed
2226,08126409986,08134445123,voice,139,0.0,2026-02-14 18:44:06,Bandung,BDG-006,completed
2227,08123819221,08139516217,data,0,4332.6,2026-02-14 19:00:56,Surabaya,SBY-001,completed
2228,08127129850,08131369129,data,0,227.3,2026-02-14 21:38:06,Medan,MDN-003,completed
2229,08123359932,08134141852,voice,511,0.0,2026-02-14 22:03:12,Yogyakarta,YOG-005,completed
2230,08127232704,08138245839,voice,394,0.0,2026-02-14 22:22:52,Palembang,PLM-003,failed
2231,08129282643,08132310425,voice,208,0.0,2026-02-14 23:08:52,Palembang,PLM-005,dropped
2232,08122153038,08136444787,sms,0,0.0,2026-02-14 23:19:52,Palembang,PLM-001,dropped
2233,08126781597,08131278077,voice,372,0.0,2026-02-14 23:37:52,Palembang,PLM-003,failed
2234,08126781597,08136444787,data,0,86.1,2026-02-14 23:39:54,Yogyakarta,YOG-006,completed
2235,08123755069,08138153511,sms,0,0.0,2026-02-14 23:56:52,Palembang,PLM-004,failed
2236,08121291312,08131369129,sms,0,0.0,2026-02-15 00:19:52,Palembang,PLM-002,failed
2237,08125085916,08136054797,voice,713,0.0,2026-02-15 00:22:52,Palembang,PLM-001,dropped
2238,08127803551,08133783250,data,0,828.6,2026-02-15 00:24:52,Palembang,PLM-003,failed
2239,08127009027,08136054797,voice,50,0.0,2026-02-15 00:33:52,Palembang,PLM-004,failed
2240,08125085916,08132546588,sms,0,0.0,2026-02-15 00:44:52,Palembang,PLM-004,failed
2241,08125737520,08131411328,sms,0,0.0,2026-02-15 00:45:52,Palembang,PLM-003,failed
2242,08121899899,08135528971,voice,104,0.0,2026-02-15 00:58:52,Palembang,PLM-005,dropped
2243,08127009027,08131889916,data,0,417.6,2026-02-15 01:35:52,Palembang,PLM-001,dropped
2244,08126851078,08135108727,voice,658,0.0,2026-02-15 02:08:50,Medan,MDN-001,completed
2245,08127803551,08131278077,voice,462,0.0,2026-02-15 02:14:52,Palembang,PLM-002,dropped
2246,08122153038,08138245839,data,0,4120.5,2026-02-15 02:15:52,Palembang,PLM-001,dropped
2247,08122534297,08134309599,voice,631,0.0,2026-02-15 02:15:52,Palembang,PLM-003,failed
2248,08122480627,08131538795,data,0,105.6,2026-02-15 02:17:52,Palembang,PLM-001,dropped
2249,08121040858,08132745116,voice,513,0.0,2026-02-15 02:44:52,Palembang,PLM-004,failed
2250,08123340178,08139434563,voice,262,0.0,2026-02-15 02:48:30,Palembang,PLM-001,completed
2251,08126705235,08139516217,data,0,996.6,2026-02-15 02:55:03,Balikpapan,BPN-004,completed
2252,08123741962,08135108727,voice,302,0.0,2026-02-15 03:13:52,Palembang,PLM-003,failed
2253,08126409986,08132160948,voice,256,0.0,2026-02-15 03:35:52,Palembang,PLM-002,dropped
2254,08129152462,08136475969,data,0,4102.2,2026-02-15 03:42:52,Palembang,PLM-001,dropped
2255,08123741962,08134445123,voice,25,0.0,2026-02-15 04:19:52,Palembang,PLM-004,failed
2256,08128809498,08136146599,voice,590,0.0,2026-02-15 04:36:52,Palembang,PLM-002,dropped
2257,08129152462,08138670118,sms,0,0.0,2026-02-15 04:49:52,Palembang,PLM-005,failed
2258,08123727379,08137966871,sms,0,0.0,2026-02-15 04:58:52,Palembang,PLM-001,dropped
2259,08121040858,08133617221,voice,621,0.0,2026-02-15 05:37:33,Denpasar,DPS-001,completed
2260,08123755069,08133171407,voice,655,0.0,2026-02-15 06:10:52,Palembang,PLM-002,dropped
2261,08122713684,08131369129,voice,716,0.0,2026-02-15 08:47:34,Bandung,BDG-005,completed
2262,08126409986,08131140163,data,0,4911.4,2026-02-15 10:07:21,Balikpapan,BPN-006,completed
2263,08121337099,08136054797,data,0,4635.1,2026-02-15 10:07:25,Makassar,MKS-006,completed
2264,08128682106,08131595943,sms,0,0.0,2026-02-15 10:44:59,Makassar,MKS-004,completed
2265,08126351163,08133171407,voice,257,0.0,2026-02-15 12:53:04,Balikpapan,BPN-005,completed
2266,08124193747,08135108727,voice,707,0.0,2026-02-15 12:55:29,Balikpapan,BPN-002,completed
2267,08124007520,08132353532,voice,142,0.0,2026-02-15 14:41:11,Yogyakarta,YOG-005,completed
2268,08126705235,08134445123,voice,78,0.0,2026-02-15 15:09:34,Jakarta,JKT-004,completed
2269,08125916355,08136444787,voice,408,0.0,2026-02-15 15:58:03,Balikpapan,BPN-001,completed
2270,08126781597,08131312961,sms,0,0.0,2026-02-15 16:43:43,Bandung,BDG-005,completed
2271,08126851078,08135256740,voice,255,0.0,2026-02-15 17:06:31,Palembang,PLM-001,completed
2272,08129373756,08136179863,voice,183,0.0,2026-02-15 17:08:43,Denpasar,DPS-003,completed
2273,08128310846,08131595943,sms,0,0.0,2026-02-15 17:55:33,Denpasar,DPS-004,completed
2274,08122713684,08132145049,voice,293,0.0,2026-02-15 18:17:55,Palembang,PLM-001,completed
2275,08124007520,08136179863,voice,210,0.0,2026-02-15 18:24:34,Makassar,MKS-001,completed
2276,08122713684,08132686161,voice,261,0.0,2026-02-15 19:46:30,Surabaya,SBY-003,completed
2277,08129373756,08138670118,voice,351,0.0,2026-02-15 19:49:35,Palembang,PLM-004,completed
2278,08121626747,08138670118,voice,110,0.0,2026-02-15 19:53:52,Balikpapan,BPN-005,completed
2279,08129373756,08137966871,sms,0,0.0,2026-02-15 21:34:17,Bandung,BDG-001,completed
2280,08123359932,08139238095,voice,301,0.0,2026-02-16 01:16:17,Medan,MDN-002,completed
2281,08124028773,08132145049,voice,230,0.0,2026-02-16 01:30:43,Makassar,MKS-006,completed
2282,08125085916,08133617221,sms,0,0.0,2026-02-16 05:20:41,Yogyakarta,YOG-003,failed
2283,08123861273,08134492186,voice,478,0.0,2026-02-16 06:12:41,Yogyakarta,YOG-005,failed
2284,08122713684,08134086463,data,0,1457.0,2026-02-16 06:30:41,Yogyakarta,YOG-002,dropped
2285,08123722577,08132686161,voice,51,0.0,2026-02-16 06:42:41,Yogyakarta,YOG-002,dropped
2286,08124028773,08132160948,voice,385,0.0,2026-02-16 07:17:41,Yogyakarta,YOG-001,dropped
2287,08125085916,08131931137,voice,491,0.0,2026-02-16 07:56:35,Medan,MDN-005,completed
2288,08129221446,08131538795,voice,508,0.0,2026-02-16 08:04:41,Yogyakarta,YOG-002,dropped
2289,08123727379,08138556704,voice,258,0.0,2026-02-16 08:08:41,Yogyakarta,YOG-002,dropped
2290,08128753866,08136444787,voice,113,0.0,2026-02-16 08:18:41,Yogyakarta,YOG-001,dropped
2291,08128753866,08132546588,voice,619,0.0,2026-02-16 08:20:41,Yogyakarta,YOG-003,failed
2292,08127129850,08132745116,data,0,3207.5,2026-02-16 08:23:41,Yogyakarta,YOG-005,dropped
2293,08123861273,08135677762,voice,718,0.0,2026-02-16 08:23:41,Yogyakarta,YOG-002,dropped
2294,08129996828,08132091000,voice,256,0.0,2026-02-16 08:30:02,Yogyakarta,YOG-002,completed
2295,08125916355,08131723779,voice,297,0.0,2026-02-16 08:43:54,Semarang,SMG-002,failed
2296,08125085916,08136475969,data,0,2980.6,2026-02-16 09:19:41,Yogyakarta,YOG-006,dropped
2297,08126781597,08137966871,data,0,1091.3,2026-02-16 09:28:54,Semarang,SMG-003,failed
2298,08123722577,08131538795,data,0,2194.5,2026-02-16 09:30:41,Yogyakarta,YOG-004,failed
2299,08121040858,08131538795,data,0,2533.4,2026-02-16 09:39:41,Yogyakarta,YOG-003,failed
2300,08126705235,08132546588,voice,534,0.0,2026-02-16 09:44:41,Yogyakarta,YOG-002,dropped
2301,08129329387,08132686161,voice,261,0.0,2026-02-16 10:01:41,Yogyakarta,YOG-003,dropped
2302,08122153038,08134086463,voice,164,0.0,2026-02-16 10:16:54,Semarang,SMG-002,failed
2303,08125085916,08133617221,voice,164,0.0,2026-02-16 10:21:41,Yogyakarta,YOG-004,failed
2304,08128753866,08138245839,data,0,3099.9,2026-02-16 10:23:41,Yogyakarta,YOG-006,failed
2305,08128809498,08139238095,voice,141,0.0,2026-02-16 10:30:41,Yogyakarta,YOG-001,dropped
2306,08123010002,08131723779,data,0,3892.8,2026-02-16 10:32:41,Yogyakarta,YOG-001,dropped
2307,08124007520,08132353532,data,0,4520.4,2026-02-16 10:39:41,Yogyakarta,YOG-001,dropped
2308,08123722577,08131931137,sms,0,0.0,2026-02-16 10:48:41,Yogyakarta,YOG-003,dropped
2309,08128753866,08133171407,voice,224,0.0,2026-02-16 10:53:41,Yogyakarta,YOG-001,dropped
2310,08125737520,08131538795,data,0,3721.1,2026-02-16 10:55:54,Semarang,SMG-003,failed
2311,08124007520,08132091000,sms,0,0.0,2026-02-16 10:56:54,Semarang,SMG-001,dropped
2312,08122480627,08131278077,data,0,4204.5,2026-02-16 11:14:54,Semarang,SMG-002,dropped
2313,08121476478,08132310425,voice,472,0.0,2026-02-16 11:39:03,Denpasar,DPS-004,completed
2314,08123755069,08131411328,voice,687,0.0,2026-02-16 11:56:41,Yogyakarta,YOG-005,dropped
2315,08124193747,08138153511,voice,275,0.0,2026-02-16 12:09:51,Jakarta,JKT-002,completed
2316,08122153038,08134086463,data,0,2875.9,2026-02-16 12:10:54,Semarang,SMG-002,dropped
2317,08122561951,08131140163,voice,206,0.0,2026-02-16 12:18:41,Yogyakarta,YOG-004,failed
2318,08127232704,08133171407,voice,599,0.0,2026-02-16 12:26:54,Semarang,SMG-002,dropped
2319,08128753866,08138245839,voice,114,0.0,2026-02-16 12:47:54,Semarang,SMG-005,dropped
2320,08122102236,08133783250,sms,0,0.0,2026-02-16 13:03:54,Semarang,SMG-002,dropped
2321,08125737520,08133783250,voice,378,0.0,2026-02-16 13:07:54,Semarang,SMG-001,dropped
2322,08123010002,08134141852,voice,694,0.0,2026-02-16 13:23:15,Yogyakarta,YOG-004,completed
2323,08123340178,08135677762,voice,67,0.0,2026-02-16 13:28:54,Semarang,SMG-002,dropped
2324,08125737520,08131931137,voice,257,0.0,2026-02-16 13:28:54,Semarang,SMG-001,dropped
2325,08123340178,08134309599,sms,0,0.0,2026-02-16 13:51:54,Semarang,SMG-006,dropped
2326,08125085916,08131595943,data,0,2665.6,2026-02-16 14:12:54,Semarang,SMG-004,failed
2327,08126409986,08133783250,voice,495,0.0,2026-02-16 14:35:54,Semarang,SMG-003,failed
2328,08123359932,08138245839,voice,268,0.0,2026-02-16 15:45:54,Semarang,SMG-001,dropped
2329,08121476478,08132904772,voice,341,0.0,2026-02-16 15:55:54,Semarang,SMG-003,failed
2330,08123340178,08132310425,sms,0,0.0,2026-02-16 15:57:22,Balikpapan,BPN-002,completed
2331,08128809498,08131723779,voice,371,0.0,2026-02-16 16:14:07,Medan,MDN-002,completed
2332,08123340178,08131312961,voice,217,0.0,2026-02-16 17:28:54,Semarang,SMG-001,dropped
2333,08121476478,08138120117,voice,514,0.0,2026-02-16 18:25:14,Semarang,SMG-006,completed
2334,08126851078,08135256740,voice,26,0.0,2026-02-16 18:28:45,Yogyakarta,YOG-002,dropped
2335,08121899899,08133550005,voice,600,0.0,2026-02-16 18:47:45,Yogyakarta,YOG-002,dropped
2336,08121337099,08134309599,voice,624,0.0,2026-02-16 18:54:56,Surabaya,SBY-001,completed
2337,08129373756,08137966871,voice,333,0.0,2026-02-16 19:18:07,Bandung,BDG-004,completed
2338,08124007520,08131140163,sms,0,0.0,2026-02-16 19:28:45,Yogyakarta,YOG-006,dropped
2339,08127232704,08138153511,voice,337,0.0,2026-02-16 19:49:45,Yogyakarta,YOG-002,dropped
2340,08127772864,08132686161,data,0,4756.3,2026-02-16 20:45:45,Yogyakarta,YOG-002,dropped
2341,08126351163,08138245839,sms,0,0.0,2026-02-16 20:55:45,Yogyakarta,YOG-002,dropped
2342,08125916355,08138670118,voice,693,0.0,2026-02-16 21:03:45,Yogyakarta,YOG-001,dropped
2343,08122534297,08131723779,voice,78,0.0,2026-02-16 21:03:45,Yogyakarta,YOG-003,failed
2344,08121626747,08136757515,voice,604,0.0,2026-02-16 21:09:45,Yogyakarta,YOG-002,dropped
2345,08122153038,08135108727,voice,157,0.0,2026-02-16 21:13:45,Yogyakarta,YOG-004,failed
2346,08121078308,08136757515,voice,453,0.0,2026-02-16 21:15:45,Yogyakarta,YOG-003,failed
2347,08125916355,08138120117,voice,566,0.0,2026-02-16 21:25:19,Balikpapan,BPN-005,completed
2348,08127009027,08136179863,data,0,3421.7,2026-02-16 21:31:45,Yogyakarta,YOG-002,dropped
2349,08127129850,08134086463,voice,234,0.0,2026-02-16 21:33:48,Makassar,MKS-002,completed
2350,08123340178,08139434563,sms,0,0.0,2026-02-16 21:37:45,Yogyakarta,YOG-001,dropped
2351,08129373756,08136475969,data,0,4010.1,2026-02-16 21:47:41,Yogyakarta,YOG-004,completed
2352,08121078308,08134445123,voice,186,0.0,2026-02-16 22:05:45,Yogyakarta,YOG-006,failed
2353,08127772864,08132145049,voice,130,0.0,2026-02-16 22:15:45,Yogyakarta,YOG-001,failed
2354,08124007520,08133617221,voice,109,0.0,2026-02-16 22:31:45,Yogyakarta,YOG-002,dropped
2355,08123861273,08136179863,voice,99,0.0,2026-02-16 23:19:45,Yogyakarta,YOG-004,failed
2356,08123502196,08131595943,voice,130,0.0,2026-02-16 23:23:45,Yogyakarta,YOG-002,dropped
2357,08127803551,08134309599,data,0,410.1,2026-02-16 23:39:50,Bandung,BDG-002,completed
2358,08123819221,08134445123,sms,0,0.0,2026-02-16 23:55:21,Medan,MDN-006,completed
2359,08127803551,08131889916,data,0,2633.9,2026-02-17 00:19:45,Yogyakarta,YOG-002,dropped
2360,08121337099,08132310425,voice,46,0.0,2026-02-17 00:39:45,Yogyakarta,YOG-001,dropped
2361,08121626747,08136475969,data,0,4760.6,2026-02-17 00:57:45,Yogyakarta,YOG-006,dropped
2362,08126781597,08131595943,data,0,3224.7,2026-02-17 01:18:19,Balikpapan,BPN-003,completed
2363,08128809498,08136444787,voice,319,0.0,2026-02-17 01:34:45,Yogyakarta,YOG-004,failed
2364,08127603074,08139238095,voice,225,0.0,2026-02-17 01:59:45,Yogyakarta,YOG-005,dropped
2365,08123010002,08133550005,voice,26,0.0,2026-02-17 02:20:11,Makassar,MKS-003,completed
2366,08127129850,08131931137,data,0,1270.4,2026-02-17 03:24:27,Denpasar,DPS-002,completed
2367,08128682106,08131140163,data,0,4243.0,2026-02-17 03:40:55,Bandung,BDG-002,completed
2368,08127603074,08133773951,voice,609,0.0,2026-02-17 05:03:49,Surabaya,SBY-001,completed
2369,08122153038,08131723779,voice,365,0.0,2026-02-17 07:08:17,Denpasar,DPS-001,completed
2370,08129152462,08134492186,voice,34,0.0,2026-02-17 12:26:06,Palembang,PLM-001,completed
2371,08127232704,08133550005,voice,338,0.0,2026-02-17 13:20:33,Balikpapan,BPN-003,completed
2372,08126781597,08131312961,data,0,1790.0,2026-02-17 15:03:50,Balikpapan,BPN-003,completed
2373,08129221446,08132310425,voice,321,0.0,2026-02-17 15:40:23,Makassar,MKS-003,completed
2374,08121476478,08138556704,data,0,926.8,2026-02-17 16:50:35,Palembang,PLM-006,completed
2375,08121291312,08132160948,data,0,570.9,2026-02-17 16:52:53,Surabaya,SBY-003,completed
2376,08123010002,08132310425,voice,116,0.0,2026-02-17 19:14:07,Medan,MDN-005,completed
2377,08125737520,08133783250,data,0,563.1,2026-02-17 19:55:24,Medan,MDN-001,completed
2378,08127129850,08132546588,data,0,2058.4,2026-02-17 21:44:24,Makassar,MKS-003,completed
2379,08125737520,08131595943,data,0,2544.2,2026-02-17 22:59:36,Medan,MDN-005,completed
2380,08127803551,08136444787,data,0,4385.5,2026-02-17 23:42:25,Surabaya,SBY-006,completed
2381,08128310846,08131312961,voice,322,0.0,2026-02-18 00:53:39,Yogyakarta,YOG-005,completed
2382,08127772864,08132904772,data,0,3862.6,2026-02-18 02:53:58,Medan,MDN-002,completed
2383,08121476478,08131595943,voice,576,0.0,2026-02-18 05:07:14,Makassar,MKS-003,completed
2384,08124007520,08132353532,voice,693,0.0,2026-02-18 08:20:20,Semarang,SMG-002,completed
2385,08125737520,08131312961,sms,0,0.0,2026-02-18 09:01:27,Balikpapan,BPN-001,completed
2386,08123722577,08131723779,voice,223,0.0,2026-02-18 10:04:17,Makassar,MKS-001,completed
2387,08124193747,08132904772,voice,372,0.0,2026-02-18 10:05:00,Surabaya,SBY-005,completed
2388,08123502196,08132353532,voice,244,0.0,2026-02-18 10:08:06,Bandung,BDG-002,completed
2389,08123340178,08131312961,sms,0,0.0,2026-02-18 11:51:29,Balikpapan,BPN-002,completed
2390,08122480627,08133783250,data,0,3376.9,2026-02-18 16:19:41,Denpasar,DPS-002,completed
2391,08123727379,08138120117,sms,0,0.0,2026-02-18 19:40:33,Denpasar,DPS-001,completed
2392,08124028773,08134116449,data,0,1989.2,2026-02-18 20:57:24,Makassar,MKS-004,completed
2393,08128809498,08132160948,voice,282,0.0,2026-02-18 21:05:26,Medan,MDN-004,completed
2394,08127129850,08131312961,voice,293,0.0,2026-02-18 21:48:52,Semarang,SMG-003,completed
2395,08127603074,08132145049,sms,0,0.0,2026-02-19 00:39:13,Palembang,PLM-002,completed
2396,08127603074,08134400368,sms,0,0.0,2026-02-19 03:18:24,Jakarta,JKT-003,completed
2397,08129282643,08139516217,voice,95,0.0,2026-02-19 04:48:41,Makassar,MKS-002,completed
2398,08129282643,08136757515,data,0,3637.3,2026-02-19 05:10:03,Makassar,MKS-006,completed
2399,08129996828,08139516217,voice,362,0.0,2026-02-19 07:36:24,Semarang,SMG-002,completed
2400,08127129850,08135528971,voice,238,0.0,2026-02-19 08:20:20,Makassar,MKS-005,completed
2401,08129152462,08132145049,voice,436,0.0,2026-02-19 09:07:42,Yogyakarta,YOG-006,completed
2402,08129373756,08134116449,voice,686,0.0,2026-02-19 09:17:46,Makassar,MKS-001,completed
2403,08123722577,08135528971,data,0,481.4,2026-02-19 10:03:03,Balikpapan,BPN-004,completed
2404,08127009027,08131931137,data,0,3518.1,2026-02-19 12:17:56,Denpasar,DPS-005,completed
2405,08123010002,08131411328,data,0,160.7,2026-02-19 14:55:54,Semarang,SMG-002,completed
2406,08124007520,08132145049,voice,144,0.0,2026-02-19 15:22:49,Denpasar,DPS-004,completed
2407,08122102236,08136757515,voice,205,0.0,2026-02-19 16:16:44,Jakarta,JKT-002,completed
2408,08129996828,08138120117,voice,42,0.0,2026-02-19 18:03:12,Bandung,BDG-006,completed
2409,08121291312,08131369129,sms,0,0.0,2026-02-19 18:26:00,Balikpapan,BPN-001,completed
2410,08123861273,08138670118,voice,616,0.0,2026-02-19 20:32:17,Makassar,MKS-005,completed
2411,08125737520,08132091000,voice,598,0.0,2026-02-19 21:10:09,Makassar,MKS-004,completed
2412,08128682106,08134116449,data,0,793.3,2026-02-20 00:45:44,Balikpapan,BPN-005,completed
2413,08121040858,08132310425,sms,0,0.0,2026-02-20 01:43:26,Surabaya,SBY-006,completed
2414,08129152462,08138556704,voice,403,0.0,2026-02-20 03:34:30,Surabaya,SBY-001,completed
2415,08123861273,08133550005,voice,227,0.0,2026-02-20 03:56:49,Surabaya,SBY-004,completed
2416,08121040858,08132686161,voice,287,0.0,2026-02-20 04:19:25,Bandung,BDG-003,completed
2417,08121476478,08131312961,sms,0,0.0,2026-02-20 04:38:51,Surabaya,SBY-003,completed
2418,08128682106,08133171407,voice,576,0.0,2026-02-20 07:23:23,Bandung,BDG-002,completed
2419,08123727379,08138120117,sms,0,0.0,2026-02-20 07:40:01,Bandung,BDG-001,completed
2420,08125737520,08132546588,voice,246,0.0,2026-02-20 08:14:45,Yogyakarta,YOG-005,completed
2421,08122480627,08133171407,sms,0,0.0,2026-02-20 09:07:53,Medan,MDN-001,completed
2422,08121626747,08136444787,voice,518,0.0,2026-02-20 10:34:41,Semarang,SMG-003,completed
2423,08127009027,08136475969,data,0,4561.1,2026-02-20 14:31:01,Surabaya,SBY-001,completed
2424,08129996828,08133550005,data,0,1014.9,2026-02-20 15:02:26,Makassar,MKS-005,completed
2425,08129373756,08131369129,data,0,2011.5,2026-02-20 15:26:17,Medan,MDN-004,completed
2426,08128809498,08136444787,voice,705,0.0,2026-02-20 15:29:37,Jakarta,JKT-005,completed
2427,08126351163,08132091000,voice,335,0.0,2026-02-20 16:55:22,Surabaya,SBY-003,completed
2428,08129221446,08133617221,voice,692,0.0,2026-02-20 19:19:03,Makassar,MKS-006,completed
2429,08129329387,08134141852,voice,97,0.0,2026-02-20 21:57:44,Balikpapan,BPN-003,completed
2430,08121078308,08131889916,voice,525,0.0,2026-02-21 02:25:21,Balikpapan,BPN-003,completed
2431,08123755069,08135256740,data,0,1523.5,2026-02-21 03:17:21,Makassar,MKS-003,completed
2432,08123340178,08133171407,voice,305,0.0,2026-02-21 03:26:53,Balikpapan,BPN-004,completed
2433,08124193747,08131369129,voice,399,0.0,2026-02-21 07:36:07,Bandung,BDG-003,completed
2434,08126781597,08136054797,data,0,1560.6,2026-02-21 08:03:58,Medan,MDN-002,completed
2435,08126781597,08139516217,sms,0,0.0,2026-02-21 08:42:55,Jakarta,JKT-006,completed
2436,08129152462,08132091000,voice,148,0.0,2026-02-21 10:08:30,Surabaya,SBY-002,completed
2437,08125737520,08132546588,voice,432,0.0,2026-02-21 17:47:00,Bandung,BDG-004,completed
2438,08121291312,08134445123,voice,325,0.0,2026-02-21 19:10:38,Palembang,PLM-001,completed
2439,08125085916,08137966871,data,0,3934.1,2026-02-21 19:31:22,Denpasar,DPS-001,completed
2440,08123819221,08131278077,data,0,4557.7,2026-02-21 20:53:01,Balikpapan,BPN-005,completed
2441,08123359932,08131411328,voice,94,0.0,2026-02-21 22:26:53,Makassar,MKS-003,completed
2442,08124193747,08132353532,voice,479,0.0,2026-02-21 22:32:30,Balikpapan,BPN-002,completed
2443,08129152462,08135677762,sms,0,0.0,2026-02-21 22:34:41,Palembang,PLM-005,completed
2444,08127009027,08133773951,data,0,4526.7,2026-02-22 00:04:38,Medan,MDN-001,dropped
2445,08121040858,08139238095,sms,0,0.0,2026-02-22 00:08:38,Medan,MDN-004,failed
2446,08127129850,08131595943,data,0,1872.4,2026-02-22 00:25:38,Medan,MDN-003,failed
2447,08127232704,08131931137,voice,328,0.0,2026-02-22 00:54:38,Medan,MDN-003,failed
2448,08121626747,08132686161,voice,708,0.0,2026-02-22 01:16:38,Medan,MDN-002,dropped
2449,08126705235,08136179863,data,0,4276.6,2026-02-22 01:31:38,Medan,MDN-001,dropped
2450,08128682106,08136444787,data,0,1580.5,2026-02-22 01:32:38,Medan,MDN-004,dropped
2451,08124028773,08135256740,data,0,170.1,2026-02-22 01:34:38,Medan,MDN-005,dropped
2452,08122561951,08131312961,voice,616,0.0,2026-02-22 01:37:59,Bandung,BDG-003,completed
2453,08127232704,08131140163,data,0,2090.0,2026-02-22 01:47:38,Medan,MDN-003,dropped
2454,08128310846,08132686161,voice,514,0.0,2026-02-22 01:48:38,Medan,MDN-003,failed
2455,08125085916,08131723779,voice,232,0.0,2026-02-22 02:07:38,Medan,MDN-001,dropped
2456,08122480627,08139516217,voice,592,0.0,2026-02-22 02:21:45,Yogyakarta,YOG-004,completed
2457,08123741962,08133783250,data,0,1519.1,2026-02-22 02:23:38,Medan,MDN-001,dropped
2458,08122561951,08138245839,data,0,1601.1,2026-02-22 02:24:38,Medan,MDN-003,failed
2459,08128809498,08133617221,data,0,1787.0,2026-02-22 02:44:38,Medan,MDN-002,dropped
2460,08124028773,08131278077,voice,440,0.0,2026-02-22 02:50:38,Medan,MDN-002,dropped
2461,08129996828,08136054797,data,0,1490.0,2026-02-22 03:06:38,Medan,MDN-002,dropped
2462,08128310846,08134400368,data,0,2298.6,2026-02-22 03:10:38,Medan,MDN-002,dropped
2463,08126409986,08131538795,data,0,4994.4,2026-02-22 03:12:38,Medan,MDN-002,dropped
2464,08123359932,08136179863,voice,26,0.0,2026-02-22 03:17:38,Medan,MDN-004,failed
2465,08123722577,08136475969,voice,260,0.0,2026-02-22 03:18:38,Medan,MDN-001,dropped
2466,08127232704,08134086463,data,0,1134.7,2026-02-22 03:38:38,Medan,MDN-001,dropped
2467,08123010002,08131369129,voice,290,0.0,2026-02-22 03:38:38,Medan,MDN-003,failed
2468,08122102236,08131538795,data,0,1635.5,2026-02-22 04:00:05,Surabaya,SBY-004,completed
2469,08123755069,08131931137,voice,77,0.0,2026-02-22 04:08:38,Medan,MDN-004,failed
2470,08122102236,08132091000,voice,110,0.0,2026-02-22 04:21:38,Medan,MDN-004,dropped
2471,08123755069,08136444787,voice,446,0.0,2026-02-22 04:35:38,Medan,MDN-004,dropped
2472,08125737520,08133617221,voice,585,0.0,2026-02-22 04:50:38,Medan,MDN-003,failed
2473,08124028773,08135677762,data,0,2812.8,2026-02-22 04:51:38,Medan,MDN-001,dropped
2474,08126851078,08137966871,voice,221,0.0,2026-02-22 05:00:38,Medan,MDN-003,failed
2475,08126351163,08133550005,sms,0,0.0,2026-02-22 05:43:38,Medan,MDN-004,dropped
2476,08129373756,08134309599,data,0,1295.6,2026-02-22 07:35:56,Makassar,MKS-002,completed
2477,08127603074,08136444787,data,0,1556.2,2026-02-22 08:41:23,Makassar,MKS-002,completed
2478,08123727379,08132745116,voice,352,0.0,2026-02-22 11:42:50,Balikpapan,BPN-001,completed
2479,08122480627,08131931137,voice,456,0.0,2026-02-22 15:00:38,Makassar,MKS-002,completed
2480,08124007520,08133617221,sms,0,0.0,2026-02-22 17:38:18,Semarang,SMG-002,completed
2481,08122153038,08135108727,voice,85,0.0,2026-02-22 18:58:53,Semarang,SMG-006,dropped
2482,08122534297,08134116449,sms,0,0.0,2026-02-22 20:18:53,Semarang,SMG-003,failed
2483,08123502196,08131595943,data,0,4000.7,2026-02-22 20:20:13,Yogyakarta,YOG-006,completed
2484,08127129850,08132904772,voice,147,0.0,2026-02-22 20:32:53,Semarang,SMG-005,dropped
2485,08129996828,08134492186,voice,458,0.0,2026-02-22 21:33:53,Semarang,SMG-005,failed
2486,08123819221,08131723779,data,0,4965.4,2026-02-22 22:16:18,Surabaya,SBY-004,completed
2487,08121899899,08139238095,voice,544,0.0,2026-02-22 22:54:50,Denpasar,DPS-006,completed
2488,08128809498,08131723779,voice,461,0.0,2026-02-22 22:55:53,Semarang,SMG-006,dropped
2489,08121291312,08138120117,data,0,4678.3,2026-02-22 22:59:53,Semarang,SMG-002,dropped
2490,08121476478,08139516217,data,0,2581.3,2026-02-22 23:36:53,Semarang,SMG-002,failed
2491,08123741962,08132091000,voice,365,0.0,2026-02-23 00:00:53,Semarang,SMG-001,dropped
2492,08124193747,08131278077,voice,239,0.0,2026-02-23 00:43:53,Semarang,SMG-001,dropped
2493,08121899899,08138670118,data,0,4278.4,2026-02-23 01:20:35,Balikpapan,BPN-004,completed
2494,08127129850,08138245839,sms,0,0.0,2026-02-23 01:29:53,Semarang,SMG-001,failed
2495,08123010002,08136179863,voice,392,0.0,2026-02-23 01:44:37,Semarang,SMG-003,completed
2496,08121078308,08139434563,voice,301,0.0,2026-02-23 02:34:53,Semarang,SMG-004,failed
2497,08126409986,08131312961,voice,709,0.0,2026-02-23 02:45:53,Semarang,SMG-001,dropped
2498,08121476478,08137966871,voice,577,0.0,2026-02-23 02:54:30,Denpasar,DPS-004,completed
2499,08127129850,08131889916,voice,152,0.0,2026-02-23 03:50:06,Medan,MDN-005,completed
2500,08123741962,08132091000,voice,215,0.0,2026-02-23 05:42:28,Jakarta,JKT-005,completed
2501,08125916355,08139516217,voice,222,0.0,2026-02-23 11:05:07,Balikpapan,BPN-006,completed
2502,08125085916,08134309599,data,0,344.2,2026-02-23 11:39:38,Jakarta,JKT-003,completed
2503,08128753866,08131931137,data,0,311.3,2026-02-23 14:54:37,Makassar,MKS-005,completed
2504,08128753866,08139434563,voice,627,0.0,2026-02-23 15:45:06,Bandung,BDG-003,completed
2505,08122102236,08136054797,voice,352,0.0,2026-02-23 15:54:56,Surabaya,SBY-001,completed
2506,08121078308,08139516217,data,0,2157.1,2026-02-23 16:40:37,Medan,MDN-002,completed
2507,08126781597,08132310425,sms,0,0.0,2026-02-23 17:04:56,Medan,MDN-003,failed
2508,08121291312,08131278077,data,0,2895.7,2026-02-23 17:40:56,Medan,MDN-003,dropped
2509,08123340178,08131411328,voice,311,0.0,2026-02-23 17:53:56,Medan,MDN-004,failed
2510,08126705235,08133617221,voice,699,0.0,2026-02-23 17:57:56,Medan,MDN-005,failed
2511,08125737520,08134141852,voice,634,0.0,2026-02-23 18:01:56,Medan,MDN-002,dropped
2512,08121040858,08136757515,data,0,3878.1,2026-02-23 18:11:56,Medan,MDN-005,dropped
2513,08129373756,08135677762,voice,177,0.0,2026-02-23 18:11:56,Medan,MDN-006,dropped
2514,08127129850,08131931137,voice,295,0.0,2026-02-23 18:14:56,Medan,MDN-004,dropped
2515,08123340178,08131538795,data,0,1307.2,2026-02-23 18:21:56,Medan,MDN-006,failed
2516,08127803551,08137966871,data,0,2682.6,2026-02-23 18:31:56,Medan,MDN-003,dropped
2517,08121899899,08138245839,voice,633,0.0,2026-02-23 18:45:56,Medan,MDN-001,dropped
2518,08126409986,08132904772,data,0,2270.3,2026-02-23 18:53:56,Medan,MDN-006,dropped
2519,08122713684,08131140163,voice,112,0.0,2026-02-23 19:10:56,Medan,MDN-002,dropped
2520,08123819221,08135256740,voice,199,0.0,2026-02-23 19:19:56,Medan,MDN-002,dropped
2521,08126851078,08136757515,voice,31,0.0,2026-02-23 19:24:56,Medan,MDN-004,failed
2522,08129373756,08132091000,voice,264,0.0,2026-02-23 19:29:46,Semarang,SMG-002,completed
2523,08129373756,08132310425,data,0,1146.3,2026-02-23 19:31:56,Medan,MDN-003,failed
2524,08123359932,08135528971,voice,431,0.0,2026-02-23 19:52:56,Medan,MDN-002,dropped
2525,08123502196,08131369129,voice,73,0.0,2026-02-23 19:58:56,Medan,MDN-004,dropped
2526,08123722577,08134309599,voice,298,0.0,2026-02-23 20:09:56,Medan,MDN-004,dropped
2527,08123722577,08135677762,sms,0,0.0,2026-02-23 20:20:56,Medan,MDN-001,dropped
2528,08127009027,08132686161,voice,335,0.0,2026-02-23 20:48:56,Medan,MDN-002,dropped
2529,08129152462,08134116449,voice,139,0.0,2026-02-23 21:02:56,Medan,MDN-004,failed
2530,08128753866,08132904772,voice,203,0.0,2026-02-23 21:26:31,Denpasar,DPS-003,completed
2531,08122713684,08134492186,voice,30,0.0,2026-02-23 21:36:56,Medan,MDN-002,dropped
2532,08123861273,08133783250,voice,485,0.0,2026-02-23 21:43:09,Palembang,PLM-002,completed
2533,08129282643,08138556704,data,0,3035.0,2026-02-23 21:54:56,Medan,MDN-001,dropped
2534,08123755069,08138556704,voice,614,0.0,2026-02-23 22:14:23,Makassar,MKS-003,completed
2535,08123359932,08132745116,data,0,2162.8,2026-02-23 22:47:56,Medan,MDN-006,dropped
2536,08122713684,08135528971,data,0,1268.9,2026-02-23 22:52:38,Jakarta,JKT-006,completed
2537,08127009027,08136054797,voice,211,0.0,2026-02-23 22:55:56,Medan,MDN-002,dropped
2538,08121899899,08132745116,sms,0,0.0,2026-02-23 23:46:12,Bandung,BDG-004,completed
2539,08123741962,08131723779,voice,452,0.0,2026-02-24 00:00:56,Medan,MDN-001,dropped
2540,08124007520,08134400368,voice,656,0.0,2026-02-24 00:35:01,Medan,MDN-002,completed
2541,08124193747,08134309599,sms,0,0.0,2026-02-24 01:03:01,Jakarta,JKT-001,failed
2542,08127129850,08132091000,voice,198,0.0,2026-02-24 01:20:52,Surabaya,SBY-003,completed
2543,08129373756,08132160948,sms,0,0.0,2026-02-24 01:50:04,Makassar,MKS-004,completed
2544,08124193747,08134086463,voice,158,0.0,2026-02-24 01:53:38,Semarang,SMG-004,completed
2545,08123741962,08134141852,sms,0,0.0,2026-02-24 02:12:37,Yogyakarta,YOG-002,completed
2546,08128682106,08132310425,voice,659,0.0,2026-02-24 02:36:11,Balikpapan,BPN-003,completed
2547,08125085916,08138670118,voice,245,0.0,2026-02-24 02:38:31,Balikpapan,BPN-002,completed
2548,08127603074,08136757515,voice,373,0.0,2026-02-24 03:02:50,Yogyakarta,YOG-006,completed
2549,08129996828,08132686161,voice,354,0.0,2026-02-24 03:09:01,Jakarta,JKT-002,dropped
2550,08122713684,08133617221,data,0,3926.5,2026-02-24 03:11:36,Semarang,SMG-004,completed
2551,08128682106,08133773951,voice,659,0.0,2026-02-24 03:13:01,Jakarta,JKT-003,dropped
2552,08121337099,08138153511,data,0,4194.0,2026-02-24 03:27:01,Jakarta,JKT-002,dropped
2553,08129329387,08132904772,voice,70,0.0,2026-02-24 03:44:33,Palembang,PLM-002,completed
2554,08124007520,08134445123,data,0,1617.8,2026-02-24 04:01:01,Jakarta,JKT-002,dropped
2555,08129329387,08138120117,voice,451,0.0,2026-02-24 04:53:01,Jakarta,JKT-002,dropped
2556,08122102236,08131411328,voice,369,0.0,2026-02-24 05:16:01,Jakarta,JKT-006,failed
2557,08124007520,08133773951,voice,663,0.0,2026-02-24 06:12:45,Balikpapan,BPN-003,completed
2558,08126409986,08138153511,voice,702,0.0,2026-02-24 06:18:01,Jakarta,JKT-003,failed
2559,08126351163,08132686161,voice,644,0.0,2026-02-24 06:24:01,Jakarta,JKT-002,dropped
2560,08123755069,08133773951,data,0,3575.5,2026-02-24 06:37:01,Jakarta,JKT-001,dropped
2561,08122153038,08134309599,voice,252,0.0,2026-02-24 06:49:58,Semarang,SMG-006,completed
2562,08128310846,08132745116,sms,0,0.0,2026-02-24 07:00:01,Jakarta,JKT-004,failed
2563,08129221446,08131595943,voice,429,0.0,2026-02-24 07:04:30,Palembang,PLM-001,completed
2564,08129152462,08131723779,sms,0,0.0,2026-02-24 07:12:01,Jakarta,JKT-004,failed
2565,08121040858,08131931137,voice,639,0.0,2026-02-24 07:32:01,Jakarta,JKT-004,dropped
2566,08128682106,08139434563,voice,539,0.0,2026-02-24 07:43:01,Jakarta,JKT-002,dropped
2567,08121040858,08131538795,voice,45,0.0,2026-02-24 08:08:01,Jakarta,JKT-002,dropped
2568,08122102236,08131538795,voice,579,0.0,2026-02-24 08:28:01,Jakarta,JKT-003,failed
2569,08127232704,08132904772,voice,483,0.0,2026-02-24 08:53:01,Jakarta,JKT-002,dropped
2570,08123819221,08139238095,sms,0,0.0,2026-02-24 09:10:35,Denpasar,DPS-001,completed
2571,08129329387,08131931137,data,0,2845.8,2026-02-24 09:16:01,Jakarta,JKT-001,dropped
2572,08127129850,08137966871,data,0,1942.1,2026-02-24 09:30:01,Jakarta,JKT-006,failed
2573,08128310846,08133617221,sms,0,0.0,2026-02-24 09:34:01,Jakarta,JKT-001,dropped
2574,08123741962,08134445123,voice,370,0.0,2026-02-24 09:49:01,Jakarta,JKT-006,failed
2575,08126851078,08133550005,data,0,1393.4,2026-02-24 10:05:01,Jakarta,JKT-001,dropped
2576,08129282643,08135256740,voice,452,0.0,2026-02-24 10:07:18,Balikpapan,BPN-004,completed
2577,08127772864,08131889916,sms,0,0.0,2026-02-24 11:39:30,Bandung,BDG-004,completed
2578,08123819221,08134116449,voice,519,0.0,2026-02-24 12:12:04,Yogyakarta,YOG-001,completed
2579,08127009027,08133171407,voice,344,0.0,2026-02-24 12:30:37,Makassar,MKS-004,completed
2580,08124028773,08134086463,voice,330,0.0,2026-02-24 15:06:15,Yogyakarta,YOG-001,completed
2581,08123359932,08136475969,voice,337,0.0,2026-02-24 17:55:40,Jakarta,JKT-001,completed
2582,08125737520,08134309599,voice,565,0.0,2026-02-24 18:56:11,Yogyakarta,YOG-004,completed
2583,08127803551,08136054797,sms,0,0.0,2026-02-24 19:13:54,Palembang,PLM-006,completed
2584,08126781597,08134445123,voice,119,0.0,2026-02-24 20:27:25,Balikpapan,BPN-005,completed
2585,08122153038,08132546588,voice,440,0.0,2026-02-24 21:12:17,Bandung,BDG-004,completed
2586,08127772864,08131889916,data,0,4286.4,2026-02-24 23:03:44,Bandung,BDG-001,completed
2587,08125916355,08133783250,voice,116,0.0,2026-02-24 23:31:51,Medan,MDN-003,completed
2588,08126351163,08139516217,data,0,1376.3,2026-02-25 01:29:34,Surabaya,SBY-006,completed
2589,08121337099,08134116449,data,0,4922.8,2026-02-25 03:25:52,Denpasar,DPS-006,completed
2590,08129282643,08137966871,data,0,2797.4,2026-02-25 03:34:51,Bandung,BDG-006,completed
2591,08124028773,08132310425,voice,617,0.0,2026-02-25 03:35:14,Medan,MDN-006,completed
2592,08121899899,08132904772,voice,336,0.0,2026-02-25 08:13:59,Medan,MDN-003,completed
2593,08122713684,08134400368,data,0,3952.8,2026-02-25 10:07:53,Bandung,BDG-005,completed
2594,08123722577,08139516217,voice,698,0.0,2026-02-25 10:54:51,Denpasar,DPS-003,completed
2595,08129329387,08138670118,sms,0,0.0,2026-02-25 11:39:54,Palembang,PLM-003,completed
2596,08121899899,08139434563,voice,512,0.0,2026-02-25 16:11:36,Denpasar,DPS-003,completed
2597,08127129850,08131931137,voice,478,0.0,2026-02-25 18:03:44,Jakarta,JKT-005,completed
2598,08121899899,08134309599,voice,129,0.0,2026-02-25 18:51:00,Medan,MDN-006,completed
2599,08122153038,08133617221,sms,0,0.0,2026-02-25 19:26:35,Surabaya,SBY-002,completed
2600,08123722577,08136475969,data,0,4281.9,2026-02-25 19:42:32,Surabaya,SBY-005,completed
2601,08129152462,08138556704,voice,398,0.0,2026-02-25 19:59:11,Balikpapan,BPN-003,completed
2602,08123861273,08139238095,voice,282,0.0,2026-02-26 00:10:11,Bandung,BDG-002,completed
2603,08122713684,08137966871,data,0,4837.6,2026-02-26 03:29:11,Palembang,PLM-005,completed
2604,08121291312,08134086463,data,0,1576.0,2026-02-26 08:39:23,Makassar,MKS-001,completed
2605,08129996828,08136444787,sms,0,0.0,2026-02-26 09:44:26,Surabaya,SBY-006,completed
2606,08128682106,08131889916,voice,180,0.0,2026-02-26 13:05:19,Palembang,PLM-006,completed
2607,08123340178,08131931137,sms,0,0.0,2026-02-26 16:13:16,Balikpapan,BPN-003,completed
2608,08123722577,08138120117,voice,574,0.0,2026-02-26 17:19:47,Makassar,MKS-005,completed
2609,08125085916,08131723779,voice,419,0.0,2026-02-26 20:12:48,Jakarta,JKT-006,completed
2610,08121476478,08132353532,voice,26,0.0,2026-02-26 22:35:46,Jakarta,JKT-002,completed
2611,08121337099,08132145049,voice,318,0.0,2026-02-26 22:41:00,Medan,MDN-006,completed
2612,08128753866,08132904772,sms,0,0.0,2026-02-27 02:46:57,Makassar,MKS-001,completed
2613,08121899899,08136179863,sms,0,0.0,2026-02-27 03:14:04,Yogyakarta,YOG-005,completed
2614,08129282643,08139238095,data,0,4193.8,2026-02-27 04:09:40,Medan,MDN-004,completed
2615,08129221446,08136444787,data,0,493.0,2026-02-27 04:12:30,Medan,MDN-002,completed
2616,08126851078,08133550005,voice,703,0.0,2026-02-27 04:37:56,Bandung,BDG-002,completed
2617,08125085916,08134141852,voice,99,0.0,2026-02-27 06:11:39,Medan,MDN-002,completed
2618,08128753866,08131723779,data,0,1701.5,2026-02-27 10:25:00,Jakarta,JKT-006,completed
2619,08126351163,08134141852,data,0,2422.2,2026-02-27 17:43:18,Bandung,BDG-004,completed
2620,08124007520,08131411328,voice,682,0.0,2026-02-27 18:23:01,Denpasar,DPS-006,completed
2621,08128753866,08136179863,data,0,3903.5,2026-02-27 19:59:48,Denpasar,DPS-005,dropped
2622,08127232704,08131538795,voice,245,0.0,2026-02-27 20:20:56,Medan,MDN-004,completed
2623,08123741962,08131723779,voice,118,0.0,2026-02-27 20:45:48,Denpasar,DPS-004,failed
2624,08129221446,08136475969,data,0,4867.4,2026-02-27 20:52:48,Denpasar,DPS-003,dropped
2625,08129996828,08138153511,data,0,4961.4,2026-02-27 21:39:48,Denpasar,DPS-004,failed
2626,08129373756,08135256740,data,0,4197.8,2026-02-27 21:46:48,Denpasar,DPS-003,failed
2627,08128310846,08138245839,voice,526,0.0,2026-02-27 21:56:01,Makassar,MKS-003,completed
2628,08122534297,08132904772,voice,391,0.0,2026-02-27 22:06:48,Denpasar,DPS-002,dropped
2629,08127603074,08132904772,sms,0,0.0,2026-02-27 22:13:48,Denpasar,DPS-002,dropped
2630,08123861273,08136179863,voice,143,0.0,2026-02-27 22:25:48,Denpasar,DPS-004,dropped
2631,08121626747,08131278077,sms,0,0.0,2026-02-27 23:09:48,Denpasar,DPS-003,failed
2632,08123502196,08131931137,voice,86,0.0,2026-02-27 23:13:13,Surabaya,SBY-002,completed
2633,08123340178,08138670118,voice,346,0.0,2026-02-27 23:43:59,Jakarta,JKT-001,dropped
2634,08129282643,08138670118,voice,392,0.0,2026-02-27 23:48:48,Denpasar,DPS-001,dropped
2635,08129373756,08133783250,data,0,809.1,2026-02-27 23:52:48,Denpasar,DPS-003,dropped
2636,08129329387,08131369129,voice,648,0.0,2026-02-27 23:53:48,Denpasar,DPS-003,failed
2637,08122561951,08132091000,voice,436,0.0,2026-02-28 00:00:48,Denpasar,DPS-003,failed
2638,08128310846,08138245839,voice,102,0.0,2026-02-28 00:12:48,Denpasar,DPS-004,failed
2639,08128753866,08131889916,sms,0,0.0,2026-02-28 00:18:59,Jakarta,JKT-002,failed
2640,08121078308,08136179863,data,0,4822.5,2026-02-28 00:29:48,Denpasar,DPS-001,dropped
2641,08127009027,08132145049,sms,0,0.0,2026-02-28 00:36:48,Denpasar,DPS-005,dropped
2642,08123359932,08131889916,voice,537,0.0,2026-02-28 00:38:59,Jakarta,JKT-005,dropped
2643,08122561951,08135256740,data,0,2235.6,2026-02-28 00:50:48,Denpasar,DPS-004,failed
2644,08123722577,08134141852,voice,575,0.0,2026-02-28 00:51:48,Denpasar,DPS-002,dropped
2645,08128310846,08136757515,voice,550,0.0,2026-02-28 00:57:48,Denpasar,DPS-006,dropped
2646,08126409986,08131595943,voice,169,0.0,2026-02-28 00:58:48,Denpasar,DPS-001,dropped
2647,08127803551,08135677762,voice,291,0.0,2026-02-28 01:07:48,Denpasar,DPS-003,dropped
2648,08122102236,08132546588,voice,130,0.0,2026-02-28 01:14:48,Denpasar,DPS-003,failed
2649,08123722577,08132745116,voice,415,0.0,2026-02-28 01:20:48,Denpasar,DPS-004,failed
2650,08128753866,08131278077,sms,0,0.0,2026-02-28 01:21:50,Makassar,MKS-004,completed
2651,08128310846,08133550005,voice,569,0.0,2026-02-28 01:21:59,Jakarta,JKT-002,dropped
2652,08123741962,08132904772,data,0,1684.8,2026-02-28 01:47:48,Denpasar,DPS-003,failed
2653,08123861273,08134116449,data,0,3089.3,2026-02-28 01:50:48,Denpasar,DPS-002,dropped
2654,08122102236,08131889916,data,0,344.0,2026-02-28 01:52:48,Denpasar,DPS-006,dropped
2655,08122153038,08131723779,data,0,3740.7,2026-02-28 02:08:59,Jakarta,JKT-002,dropped
2656,08123861273,08132904772,voice,501,0.0,2026-02-28 02:14:59,Jakarta,JKT-003,failed
2657,08122480627,08131411328,voice,98,0.0,2026-02-28 02:23:48,Denpasar,DPS-002,dropped
2658,08121078308,08132145049,sms,0,0.0,2026-02-28 02:29:49,Medan,MDN-005,completed
2659,08121291312,08131278077,sms,0,0.0,2026-02-28 02:42:48,Denpasar,DPS-001,dropped
2660,08123722577,08136475969,voice,168,0.0,2026-02-28 02:52:59,Jakarta,JKT-001,dropped
2661,08129996828,08132091000,data,0,1868.8,2026-02-28 03:07:48,Denpasar,DPS-001,dropped
2662,08126351163,08131889916,sms,0,0.0,2026-02-28 03:08:48,Denpasar,DPS-004,failed
2663,08124193747,08134141852,voice,350,0.0,2026-02-28 03:13:59,Jakarta,JKT-004,dropped
2664,08128753866,08131411328,voice,458,0.0,2026-02-28 03:29:59,Jakarta,JKT-003,failed
2665,08123340178,08139516217,data,0,369.1,2026-02-28 03:47:59,Jakarta,JKT-003,failed
2666,08121626747,08133773951,data,0,2649.6,2026-02-28 03:47:59,Jakarta,JKT-004,failed
2667,08126851078,08133617221,data,0,2349.9,2026-02-28 03:55:48,Denpasar,DPS-002,dropped
2668,08128682106,08132546588,sms,0,0.0,2026-02-28 03:56:48,Denpasar,DPS-002,dropped
2669,08123359932,08133171407,data,0,3076.5,2026-02-28 03:56:59,Jakarta,JKT-003,dropped
2670,08122561951,08135528971,voice,650,0.0,2026-02-28 03:58:59,Jakarta,JKT-003,failed
2671,08126781597,08132745116,data,0,1577.2,2026-02-28 04:08:59,Jakarta,JKT-001,dropped
2672,08123727379,08133783250,sms,0,0.0,2026-02-28 04:09:59,Jakarta,JKT-001,dropped
2673,08127129850,08132353532,voice,83,0.0,2026-02-28 04:14:59,Jakarta,JKT-003,failed
2674,08125916355,08132310425,data,0,4251.9,2026-02-28 04:18:48,Denpasar,DPS-002,dropped
2675,08128310846,08136444787,sms,0,0.0,2026-02-28 04:20:17,Denpasar,DPS-004,completed
2676,08124007520,08136146599,data,0,1343.6,2026-02-28 04:31:59,Jakarta,JKT-006,failed
2677,08123502196,08135677762,voice,297,0.0,2026-02-28 04:37:59,Jakarta,JKT-004,failed
2678,08122153038,08134400368,data,0,2287.1,2026-02-28 04:46:59,Jakarta,JKT-002,dropped
2679,08128682106,08138245839,voice,605,0.0,2026-02-28 04:55:59,Jakarta,JKT-001,failed
2680,08127803551,08131538795,voice,677,0.0,2026-02-28 05:01:23,Denpasar,DPS-002,completed
2681,08127232704,08132145049,data,0,2934.4,2026-02-28 05:05:59,Jakarta,JKT-002,dropped
2682,08126851078,08131931137,data,0,4842.5,2026-02-28 05:16:28,Surabaya,SBY-002,completed
2683,08124007520,08139434563,voice,496,0.0,2026-02-28 05:45:59,Jakarta,JKT-001,dropped
2684,08125737520,08131595943,sms,0,0.0,2026-02-28 05:53:22,Medan,MDN-003,completed
2685,08122713684,08132546588,voice,534,0.0,2026-02-28 06:00:59,Jakarta,JKT-001,dropped
2686,08123755069,08132145049,data,0,2962.9,2026-02-28 06:10:57,Surabaya,SBY-005,completed
2687,08123359932,08132353532,voice,81,0.0,2026-02-28 06:18:59,Jakarta,JKT-002,dropped
2688,08128310846,08131140163,voice,568,0.0,2026-02-28 06:51:43,Surabaya,SBY-005,completed
2689,08123359932,08134141852,data,0,739.0,2026-02-28 06:57:59,Jakarta,JKT-003,failed
2690,08126351163,08133773951,sms,0,0.0,2026-02-28 07:43:59,Jakarta,JKT-002,dropped
2691,08126409986,08137966871,data,0,4749.2,2026-02-28 07:53:59,Jakarta,JKT-004,failed
2692,08129221446,08132353532,voice,587,0.0,2026-02-28 10:24:52,Balikpapan,BPN-001,completed
2693,08126705235,08131278077,data,0,1253.9,2026-02-28 10:52:59,Jakarta,JKT-002,dropped
2694,08127603074,08131538795,voice,226,0.0,2026-02-28 12:32:05,Bandung,BDG-002,completed
2695,08121337099,08131595943,voice,39,0.0,2026-02-28 12:55:19,Balikpapan,BPN-002,completed
2696,08121899899,08134116449,voice,465,0.0,2026-02-28 14:56:49,Balikpapan,BPN-005,completed
2697,08123010002,08131931137,voice,243,0.0,2026-02-28 15:42:23,Palembang,PLM-002,completed
2698,08126351163,08136179863,sms,0,0.0,2026-02-28 16:34:19,Denpasar,DPS-001,completed
2699,08122480627,08133171407,voice,38,0.0,2026-02-28 22:25:42,Bandung,BDG-006,completed
2700,08124007520,08131312961,sms,0,0.0,2026-02-28 23:47:58,Jakarta,JKT-003,completed
2701,08122102236,08136146599,data,0,3079.1,2026-03-01 02:32:55,Jakarta,JKT-006,failed
2702,08126781597,08131411328,voice,292,0.0,2026-03-01 02:35:55,Jakarta,JKT-002,dropped
2703,08126409986,08136179863,voice,640,0.0,2026-03-01 02:46:55,Jakarta,JKT-001,dropped
2704,08123722577,08138556704,voice,544,0.0,2026-03-01 03:15:55,Jakarta,JKT-001,dropped
2705,08127772864,08136757515,data,0,1370.4,2026-03-01 03:16:02,Surabaya,SBY-006,completed
2706,08121078308,08134309599,data,0,4888.8,2026-03-01 04:05:49,Semarang,SMG-002,completed
2707,08123819221,08135677762,voice,287,0.0,2026-03-01 04:07:55,Jakarta,JKT-004,failed
2708,08122153038,08133171407,voice,28,0.0,2026-03-01 04:08:55,Jakarta,JKT-003,failed
2709,08128310846,08136179863,data,0,239.5,2026-03-01 04:12:55,Jakarta,JKT-002,dropped
2710,08127772864,08134309599,voice,102,0.0,2026-03-01 04:19:55,Jakarta,JKT-004,failed
2711,08126409986,08136054797,voice,375,0.0,2026-03-01 04:23:55,Jakarta,JKT-006,failed
2712,08127129850,08136054797,voice,184,0.0,2026-03-01 04:26:55,Jakarta,JKT-002,dropped
2713,08123359932,08133171407,data,0,4188.1,2026-03-01 04:27:55,Jakarta,JKT-003,failed
2714,08121626747,08131278077,sms,0,0.0,2026-03-01 04:40:55,Jakarta,JKT-006,failed
2715,08123722577,08136757515,voice,79,0.0,2026-03-01 05:00:55,Jakarta,JKT-003,dropped
2716,08128310846,08138556704,data,0,3529.4,2026-03-01 05:28:55,Jakarta,JKT-006,dropped
2717,08122713684,08138670118,voice,139,0.0,2026-03-01 05:34:55,Jakarta,JKT-003,failed
2718,08129152462,08138245839,voice,427,0.0,2026-03-01 05:38:55,Jakarta,JKT-004,failed
2719,08129373756,08131312961,voice,660,0.0,2026-03-01 05:41:55,Jakarta,JKT-003,dropped
2720,08123010002,08135528971,data,0,3307.9,2026-03-01 05:45:55,Jakarta,JKT-001,dropped
2721,08127803551,08139238095,voice,508,0.0,2026-03-01 05:51:55,Jakarta,JKT-003,failed
2722,08121291312,08133171407,voice,274,0.0,2026-03-01 06:22:55,Jakarta,JKT-003,failed
2723,08127803551,08138556704,sms,0,0.0,2026-03-01 06:27:55,Jakarta,JKT-004,failed
2724,08121040858,08131595943,voice,58,0.0,2026-03-01 06:31:55,Jakarta,JKT-004,failed
2725,08123010002,08136444787,sms,0,0.0,2026-03-01 06:48:55,Jakarta,JKT-002,dropped
2726,08123502196,08132353532,data,0,3019.4,2026-03-01 07:12:55,Jakarta,JKT-003,dropped
2727,08124007520,08136475969,voice,74,0.0,2026-03-01 07:29:55,Jakarta,JKT-004,dropped
2728,08121899899,08134116449,voice,671,0.0,2026-03-01 08:00:35,Medan,MDN-003,completed
2729,08129329387,08131595943,data,0,3339.7,2026-03-01 08:44:39,Palembang,PLM-002,completed
2730,08122534297,08133550005,voice,121,0.0,2026-03-01 08:45:55,Jakarta,JKT-001,dropped
2731,08128310846,08138120117,data,0,3073.8,2026-03-01 10:26:01,Jakarta,JKT-003,completed
2732,08127603074,08131538795,data,0,317.6,2026-03-01 11:24:04,Balikpapan,BPN-004,completed
2733,08121337099,08138670118,voice,112,0.0,2026-03-01 11:43:27,Medan,MDN-006,completed
2734,08127603074,08139516217,data,0,4056.4,2026-03-01 13:01:58,Palembang,PLM-006,completed
2735,08128753866,08138556704,voice,147,0.0,2026-03-01 14:49:37,Medan,MDN-005,completed
2736,08123741962,08131889916,data,0,2979.7,2026-03-01 14:59:44,Medan,MDN-002,completed
2737,08129329387,08136757515,sms,0,0.0,2026-03-01 15:22:58,Bandung,BDG-005,completed
2738,08125737520,08138670118,sms,0,0.0,2026-03-01 15:56:19,Balikpapan,BPN-002,completed
2739,08129152462,08132745116,voice,324,0.0,2026-03-01 19:58:33,Palembang,PLM-001,completed
2740,08127603074,08133617221,voice,564,0.0,2026-03-01 23:09:39,Balikpapan,BPN-003,completed
2741,08129152462,08131278077,voice,124,0.0,2026-03-01 23:38:49,Palembang,PLM-001,dropped
2742,08126705235,08131278077,voice,307,0.0,2026-03-02 00:15:49,Palembang,PLM-002,dropped
2743,08127009027,08132686161,voice,335,0.0,2026-03-02 00:31:49,Palembang,PLM-004,dropped
2744,08128310846,08132310425,data,0,3837.1,2026-03-02 01:07:49,Palembang,PLM-003,failed
2745,08123861273,08132686161,voice,281,0.0,2026-03-02 01:13:37,Jakarta,JKT-004,completed
2746,08123819221,08132353532,data,0,4548.3,2026-03-02 01:41:49,Palembang,PLM-003,failed
2747,08123819221,08138120117,data,0,1645.3,2026-03-02 01:47:49,Palembang,PLM-002,dropped
2748,08123755069,08139434563,voice,391,0.0,2026-03-02 02:03:49,Palembang,PLM-001,failed
2749,08127129850,08132546588,voice,388,0.0,2026-03-02 02:10:49,Palembang,PLM-001,failed
2750,08126705235,08134445123,voice,603,0.0,2026-03-02 02:29:49,Palembang,PLM-005,failed
2751,08129329387,08138245839,voice,364,0.0,2026-03-02 02:35:49,Palembang,PLM-002,failed
2752,08125916355,08132745116,data,0,4228.6,2026-03-02 02:51:49,Palembang,PLM-006,failed
2753,08121476478,08131538795,data,0,1017.6,2026-03-02 02:53:49,Palembang,PLM-002,dropped
2754,08127232704,08131312961,voice,471,0.0,2026-03-02 02:57:49,Palembang,PLM-003,failed
2755,08121626747,08132145049,voice,248,0.0,2026-03-02 03:07:49,Palembang,PLM-003,failed
2756,08125085916,08134492186,voice,575,0.0,2026-03-02 03:08:30,Denpasar,DPS-001,dropped
2757,08125737520,08132904772,sms,0,0.0,2026-03-02 03:17:49,Palembang,PLM-002,dropped
2758,08122713684,08139516217,voice,199,0.0,2026-03-02 03:32:49,Palembang,PLM-004,failed
2759,08127603074,08138670118,data,0,4683.7,2026-03-02 03:34:49,Palembang,PLM-001,dropped
2760,08129152462,08139434563,voice,149,0.0,2026-03-02 03:37:49,Palembang,PLM-004,failed
2761,08122534297,08132160948,voice,707,0.0,2026-03-02 03:42:49,Palembang,PLM-001,dropped
2762,08128809498,08134116449,data,0,4349.6,2026-03-02 03:43:34,Balikpapan,BPN-002,completed
2763,08123755069,08133617221,sms,0,0.0,2026-03-02 03:46:49,Palembang,PLM-003,failed
2764,08127772864,08135256740,sms,0,0.0,2026-03-02 04:01:46,Makassar,MKS-003,completed
2765,08128753866,08132091000,voice,392,0.0,2026-03-02 04:02:49,Palembang,PLM-003,failed
2766,08129221446,08132353532,sms,0,0.0,2026-03-02 04:07:17,Yogyakarta,YOG-006,completed
2767,08123861273,08139434563,data,0,1073.6,2026-03-02 04:12:49,Palembang,PLM-006,failed
2768,08129282643,08131723779,voice,166,0.0,2026-03-02 04:21:49,Palembang,PLM-004,failed
2769,08127232704,08134445123,voice,374,0.0,2026-03-02 04:23:49,Palembang,PLM-006,failed
2770,08121476478,08138120117,data,0,1498.6,2026-03-02 04:26:49,Palembang,PLM-001,failed
2771,08127009027,08136444787,data,0,2643.9,2026-03-02 04:27:49,Palembang,PLM-004,failed
2772,08123741962,08136475969,data,0,3171.2,2026-03-02 04:28:30,Denpasar,DPS-004,failed
2773,08126705235,08131931137,voice,299,0.0,2026-03-02 04:54:30,Denpasar,DPS-002,dropped
2774,08123010002,08131889916,voice,616,0.0,2026-03-02 05:16:49,Palembang,PLM-004,dropped
2775,08127803551,08134116449,sms,0,0.0,2026-03-02 05:33:30,Denpasar,DPS-001,failed
2776,08123340178,08133550005,sms,0,0.0,2026-03-02 05:52:30,Denpasar,DPS-003,failed
2777,08129996828,08132904772,data,0,4252.0,2026-03-02 05:58:30,Denpasar,DPS-001,dropped
2778,08122561951,08132904772,data,0,892.7,2026-03-02 06:09:30,Denpasar,DPS-002,dropped
2779,08123722577,08131278077,data,0,2710.8,2026-03-02 06:13:30,Denpasar,DPS-002,dropped
2780,08129221446,08134309599,voice,199,0.0,2026-03-02 06:16:30,Denpasar,DPS-002,dropped
2781,08126781597,08132145049,data,0,2412.3,2026-03-02 06:30:30,Denpasar,DPS-003,failed
2782,08128809498,08132145049,voice,28,0.0,2026-03-02 06:30:44,Yogyakarta,YOG-002,completed
2783,08129373756,08139434563,data,0,4557.8,2026-03-02 07:13:30,Denpasar,DPS-001,dropped
2784,08123819221,08133171407,voice,248,0.0,2026-03-02 07:28:40,Makassar,MKS-003,completed
2785,08126351163,08134116449,voice,403,0.0,2026-03-02 07:44:30,Denpasar,DPS-005,failed
2786,08122480627,08132145049,sms,0,0.0,2026-03-02 07:51:30,Denpasar,DPS-002,dropped
2787,08126409986,08133171407,data,0,4320.0,2026-03-02 08:15:30,Denpasar,DPS-005,dropped
2788,08123741962,08133550005,voice,649,0.0,2026-03-02 08:59:30,Denpasar,DPS-002,dropped
2789,08127232704,08138670118,voice,465,0.0,2026-03-02 09:09:30,Denpasar,DPS-003,dropped
2790,08121899899,08135108727,voice,418,0.0,2026-03-02 09:32:30,Denpasar,DPS-001,dropped
2791,08122480627,08134400368,voice,405,0.0,2026-03-02 09:54:25,Makassar,MKS-001,completed
2792,08121078308,08131278077,voice,359,0.0,2026-03-02 10:24:30,Denpasar,DPS-005,dropped
2793,08123010002,08132160948,data,0,1763.1,2026-03-02 10:27:13,Yogyakarta,YOG-002,completed
2794,08128809498,08136179863,voice,33,0.0,2026-03-02 10:29:30,Denpasar,DPS-001,dropped
2795,08128682106,08131931137,sms,0,0.0,2026-03-02 10:41:30,Denpasar,DPS-006,failed
2796,08122153038,08132904772,sms,0,0.0,2026-03-02 11:41:30,Denpasar,DPS-002,dropped
2797,08123010002,08131889916,data,0,3057.2,2026-03-02 13:51:13,Semarang,SMG-004,completed
2798,08128310846,08136757515,sms,0,0.0,2026-03-02 14:41:35,Semarang,SMG-004,completed
2799,08124028773,08131931137,voice,433,0.0,2026-03-02 15:44:23,Bandung,BDG-002,completed
2800,08127232704,08135256740,sms,0,0.0,2026-03-02 18:22:41,Bandung,BDG-004,completed
2801,08127803551,08136444787,voice,476,0.0,2026-03-02 18:28:21,Medan,MDN-003,completed
2802,08121078308,08135108727,data,0,426.0,2026-03-02 19:45:16,Bandung,BDG-002,completed
2803,08129329387,08133550005,voice,133,0.0,2026-03-02 21:13:04,Bandung,BDG-001,completed
2804,08123010002,08133617221,voice,531,0.0,2026-03-02 21:49:55,Balikpapan,BPN-004,completed
2805,08129221446,08131278077,voice,618,0.0,2026-03-02 22:44:27,Makassar,MKS-002,completed
2806,08121476478,08138670118,voice,159,0.0,2026-03-02 23:07:02,Yogyakarta,YOG-003,completed
2807,08128753866,08138245839,voice,269,0.0,2026-03-02 23:44:33,Jakarta,JKT-002,completed
2808,08123819221,08136757515,data,0,2272.0,2026-03-03 01:17:15,Bandung,BDG-006,completed
2809,08127129850,08135256740,voice,661,0.0,2026-03-03 03:24:20,Medan,MDN-003,completed
2810,08128753866,08135528971,data,0,3159.2,2026-03-03 06:46:14,Denpasar,DPS-002,dropped
2811,08127232704,08138153511,sms,0,0.0,2026-03-03 07:51:01,Medan,MDN-004,completed
2812,08121899899,08135108727,voice,27,0.0,2026-03-03 07:57:14,Denpasar,DPS-003,dropped
2813,08126851078,08131278077,data,0,1861.9,2026-03-03 08:00:14,Denpasar,DPS-001,failed
2814,08126781597,08131723779,data,0,1840.7,2026-03-03 08:07:14,Denpasar,DPS-003,dropped
2815,08126705235,08132353532,voice,91,0.0,2026-03-03 08:20:44,Medan,MDN-005,completed
2816,08128682106,08139238095,sms,0,0.0,2026-03-03 08:48:14,Denpasar,DPS-004,failed
2817,08123359932,08135108727,voice,692,0.0,2026-03-03 09:06:14,Denpasar,DPS-001,dropped
2818,08126351163,08132686161,voice,196,0.0,2026-03-03 09:08:14,Denpasar,DPS-002,dropped
2819,08126851078,08133783250,data,0,1989.2,2026-03-03 09:29:14,Denpasar,DPS-001,failed
2820,08129221446,08133171407,data,0,209.9,2026-03-03 09:39:38,Surabaya,SBY-004,completed
2821,08127232704,08132745116,data,0,1680.9,2026-03-03 10:12:14,Denpasar,DPS-001,dropped
2822,08125737520,08139238095,data,0,4251.9,2026-03-03 10:35:14,Denpasar,DPS-002,dropped
2823,08126409986,08132145049,voice,413,0.0,2026-03-03 10:50:18,Bandung,BDG-001,dropped
2824,08129221446,08139238095,voice,175,0.0,2026-03-03 11:17:14,Denpasar,DPS-004,failed
2825,08123741962,08131931137,voice,693,0.0,2026-03-03 11:43:14,Denpasar,DPS-005,dropped
2826,08128809498,08136475969,voice,200,0.0,2026-03-03 11:44:14,Denpasar,DPS-004,failed
2827,08122713684,08131595943,sms,0,0.0,2026-03-03 11:47:18,Bandung,BDG-001,dropped
2828,08121078308,08133550005,voice,252,0.0,2026-03-03 12:19:14,Denpasar,DPS-004,failed
2829,08126705235,08133617221,voice,458,0.0,2026-03-03 12:23:14,Denpasar,DPS-003,dropped
2830,08127803551,08136146599,data,0,2937.5,2026-03-03 12:23:14,Denpasar,DPS-001,failed
2831,08123359932,08138245839,voice,124,0.0,2026-03-03 12:30:14,Denpasar,DPS-004,failed
2832,08129221446,08138153511,data,0,2283.4,2026-03-03 12:53:14,Denpasar,DPS-004,dropped
2833,08124193747,08131595943,voice,57,0.0,2026-03-03 12:54:18,Bandung,BDG-006,dropped
2834,08129996828,08132904772,data,0,84.9,2026-03-03 13:36:14,Denpasar,DPS-001,dropped
2835,08123722577,08136444787,sms,0,0.0,2026-03-03 13:42:18,Bandung,BDG-004,failed
2836,08122561951,08138556704,data,0,1548.3,2026-03-03 13:43:42,Surabaya,SBY-001,dropped
2837,08129221446,08136054797,voice,95,0.0,2026-03-03 13:52:18,Bandung,BDG-002,dropped
2838,08125737520,08133171407,data,0,524.8,2026-03-03 13:57:14,Denpasar,DPS-002,dropped
2839,08121337099,08132353532,data,0,2276.7,2026-03-03 13:59:18,Bandung,BDG-003,failed
2840,08126351163,08131931137,sms,0,0.0,2026-03-03 14:01:18,Bandung,BDG-002,dropped
2841,08127232704,08139516217,voice,295,0.0,2026-03-03 14:18:18,Bandung,BDG-004,failed
2842,08125085916,08138245839,voice,373,0.0,2026-03-03 14:22:18,Bandung,BDG-001,dropped
2843,08127803551,08138670118,voice,528,0.0,2026-03-03 14:31:18,Bandung,BDG-001,dropped
2844,08122153038,08131595943,voice,272,0.0,2026-03-03 14:36:18,Bandung,BDG-001,dropped
2845,08123819221,08132546588,data,0,4521.0,2026-03-03 14:36:18,Bandung,BDG-002,dropped
2846,08128809498,08132904772,voice,493,0.0,2026-03-03 14:45:18,Bandung,BDG-002,dropped
2847,08124028773,08136179863,voice,62,0.0,2026-03-03 14:48:42,Surabaya,SBY-001,dropped
2848,08126851078,08134492186,data,0,2091.5,2026-03-03 14:59:24,Jakarta,JKT-005,completed
2849,08129996828,08133773951,voice,219,0.0,2026-03-03 15:00:18,Bandung,BDG-004,failed
2850,08123359932,08132160948,voice,61,0.0,2026-03-03 15:13:42,Surabaya,SBY-001,dropped
2851,08121078308,08137966871,voice,91,0.0,2026-03-03 15:46:36,Surabaya,SBY-003,completed
2852,08124193747,08132686161,voice,24,0.0,2026-03-03 15:49:42,Surabaya,SBY-002,dropped
2853,08125916355,08136146599,voice,63,0.0,2026-03-03 15:50:18,Bandung,BDG-002,dropped
2854,08126409986,08131538795,voice,201,0.0,2026-03-03 15:50:42,Surabaya,SBY-001,dropped
2855,08122713684,08133171407,sms,0,0.0,2026-03-03 15:53:42,Surabaya,SBY-003,dropped
2856,08122534297,08132353532,voice,683,0.0,2026-03-03 15:59:42,Surabaya,SBY-001,dropped
2857,08127803551,08132546588,voice,349,0.0,2026-03-03 16:06:18,Bandung,BDG-001,dropped
2858,08121476478,08134445123,voice,182,0.0,2026-03-03 16:07:18,Bandung,BDG-004,dropped
2859,08123861273,08134116449,data,0,979.4,2026-03-03 16:10:54,Palembang,PLM-004,completed
2860,08123861273,08134116449,data,0,4772.8,2026-03-03 16:12:42,Surabaya,SBY-002,dropped
2861,08123819221,08138120117,sms,0,0.0,2026-03-03 16:18:18,Bandung,BDG-005,dropped
2862,08122153038,08131140163,sms,0,0.0,2026-03-03 16:27:18,Bandung,BDG-002,dropped
2863,08127603074,08138153511,voice,513,0.0,2026-03-03 16:29:18,Bandung,BDG-003,dropped
2864,08121040858,08135108727,voice,686,0.0,2026-03-03 16:34:42,Surabaya,SBY-002,dropped
2865,08129152462,08131140163,sms,0,0.0,2026-03-03 16:37:18,Bandung,BDG-002,dropped
2866,08121899899,08131889916,sms,0,0.0,2026-03-03 16:37:42,Surabaya,SBY-001,dropped
2867,08123727379,08133550005,voice,597,0.0,2026-03-03 16:43:18,Bandung,BDG-004,dropped
2868,08128809498,08132745116,voice,387,0.0,2026-03-03 16:48:42,Surabaya,SBY-002,dropped
2869,08121899899,08134445123,voice,520,0.0,2026-03-03 16:53:18,Bandung,BDG-003,failed
2870,08129373756,08135108727,voice,209,0.0,2026-03-03 17:00:18,Bandung,BDG-003,failed
2871,08127803551,08132145049,voice,506,0.0,2026-03-03 17:02:18,Bandung,BDG-001,dropped
2872,08128310846,08132145049,sms,0,0.0,2026-03-03 17:06:42,Surabaya,SBY-003,failed
2873,08122102236,08135108727,voice,327,0.0,2026-03-03 17:14:42,Surabaya,SBY-004,failed
2874,08121899899,08138153511,sms,0,0.0,2026-03-03 17:19:42,Surabaya,SBY-002,dropped
2875,08126781597,08133171407,sms,0,0.0,2026-03-03 17:20:42,Surabaya,SBY-002,dropped
2876,08124007520,08135677762,voice,494,0.0,2026-03-03 17:21:42,Surabaya,SBY-001,failed
2877,08129373756,08139434563,voice,195,0.0,2026-03-03 17:26:42,Surabaya,SBY-002,dropped
2878,08123722577,08131723779,voice,617,0.0,2026-03-03 17:29:18,Bandung,BDG-004,failed
2879,08121291312,08135528971,voice,189,0.0,2026-03-03 17:31:18,Bandung,BDG-002,dropped
2880,08128753866,08134492186,sms,0,0.0,2026-03-03 17:48:42,Surabaya,SBY-003,failed
2881,08127009027,08132904772,data,0,4016.8,2026-03-03 18:03:42,Surabaya,SBY-002,failed
2882,08127232704,08131411328,voice,627,0.0,2026-03-03 18:06:18,Bandung,BDG-001,dropped
2883,08122713684,08133783250,data,0,2934.5,2026-03-03 18:12:18,Bandung,BDG-001,failed
2884,08123861273,08133773951,data,0,4140.4,2026-03-03 18:15:18,Bandung,BDG-001,dropped
2885,08126351163,08139434563,voice,664,0.0,2026-03-03 18:42:18,Bandung,BDG-002,dropped
2886,08128310846,08133773951,data,0,2696.9,2026-03-03 18:42:42,Surabaya,SBY-001,dropped
2887,08126851078,08131889916,voice,419,0.0,2026-03-03 18:44:18,Bandung,BDG-001,dropped
2888,08124007520,08134445123,voice,496,0.0,2026-03-03 19:00:42,Surabaya,SBY-003,failed
2889,08122480627,08138670118,voice,51,0.0,2026-03-03 19:01:42,Surabaya,SBY-001,dropped
2890,08128310846,08131140163,data,0,462.7,2026-03-03 19:28:18,Bandung,BDG-002,dropped
2891,08124028773,08131312961,voice,261,0.0,2026-03-03 19:29:18,Bandung,BDG-002,dropped
2892,08123755069,08138245839,voice,43,0.0,2026-03-03 19:30:42,Surabaya,SBY-003,failed
2893,08121626747,08132904772,voice,502,0.0,2026-03-03 19:52:18,Bandung,BDG-001,dropped
2894,08123359932,08132310425,voice,450,0.0,2026-03-03 19:59:18,Bandung,BDG-002,dropped
2895,08129996828,08131538795,voice,706,0.0,2026-03-03 20:10:18,Bandung,BDG-005,failed
2896,08129152462,08138120117,voice,195,0.0,2026-03-03 20:29:14,Denpasar,DPS-006,completed
2897,08127009027,08139238095,voice,282,0.0,2026-03-03 20:49:00,Semarang,SMG-002,completed
2898,08121040858,08134445123,voice,524,0.0,2026-03-03 21:17:42,Surabaya,SBY-004,dropped
2899,08123819221,08131411328,data,0,76.1,2026-03-03 21:24:42,Surabaya,SBY-002,dropped
2900,08122102236,08131931137,voice,505,0.0,2026-03-03 23:33:48,Surabaya,SBY-002,completed
2901,08123819221,08139434563,voice,188,0.0,2026-03-04 00:30:33,Medan,MDN-006,failed
2902,08126851078,08138153511,voice,637,0.0,2026-03-04 01:43:17,Jakarta,JKT-005,completed
2903,08123359932,08132160948,sms,0,0.0,2026-03-04 02:28:35,Surabaya,SBY-001,completed
2904,08128682106,08136179863,voice,495,0.0,2026-03-04 02:29:33,Medan,MDN-001,dropped
2905,08129996828,08138153511,sms,0,0.0,2026-03-04 02:55:33,Medan,MDN-005,dropped
2906,08123722577,08136444787,sms,0,0.0,2026-03-04 03:26:33,Medan,MDN-002,dropped
2907,08121626747,08136054797,data,0,3632.6,2026-03-04 03:35:33,Medan,MDN-004,dropped
2908,08121337099,08136146599,sms,0,0.0,2026-03-04 03:44:33,Medan,MDN-001,dropped
2909,08125737520,08132145049,voice,632,0.0,2026-03-04 03:47:33,Medan,MDN-004,failed
2910,08127603074,08136179863,voice,117,0.0,2026-03-04 03:50:33,Medan,MDN-002,dropped
2911,08123741962,08133171407,data,0,1482.6,2026-03-04 04:10:33,Medan,MDN-003,failed
2912,08126705235,08132904772,voice,673,0.0,2026-03-04 04:18:33,Medan,MDN-003,failed
2913,08125916355,08134086463,voice,299,0.0,2026-03-04 04:26:33,Medan,MDN-005,dropped
2914,08126781597,08131595943,voice,498,0.0,2026-03-04 04:31:33,Medan,MDN-002,failed
2915,08127603074,08135256740,data,0,653.8,2026-03-04 04:40:33,Medan,MDN-001,dropped
2916,08123861273,08131889916,voice,419,0.0,2026-03-04 04:53:33,Medan,MDN-003,dropped
2917,08129221446,08138120117,data,0,3493.1,2026-03-04 04:55:33,Medan,MDN-001,dropped
2918,08127772864,08132745116,data,0,1371.2,2026-03-04 05:06:33,Medan,MDN-003,failed
2919,08121899899,08133171407,voice,564,0.0,2026-03-04 05:14:33,Medan,MDN-001,dropped
2920,08127232704,08132904772,voice,79,0.0,2026-03-04 05:27:33,Medan,MDN-002,dropped
2921,08129329387,08132904772,voice,672,0.0,2026-03-04 05:48:39,Jakarta,JKT-006,completed
2922,08123819221,08135256740,sms,0,0.0,2026-03-04 06:08:33,Medan,MDN-005,failed
2923,08121040858,08132353532,voice,375,0.0,2026-03-04 06:10:33,Medan,MDN-001,dropped
2924,08128682106,08138670118,voice,624,0.0,2026-03-04 06:13:33,Medan,MDN-005,dropped
2925,08123340178,08132745116,voice,70,0.0,2026-03-04 06:17:33,Medan,MDN-004,failed
2926,08128753866,08138556704,sms,0,0.0,2026-03-04 06:21:33,Medan,MDN-002,dropped
2927,08127232704,08131140163,voice,670,0.0,2026-03-04 06:22:25,Palembang,PLM-005,completed
2928,08128753866,08132745116,voice,68,0.0,2026-03-04 06:23:33,Medan,MDN-001,dropped
2929,08129373756,08135677762,voice,544,0.0,2026-03-04 06:24:33,Medan,MDN-005,dropped
2930,08127009027,08135528971,data,0,1269.0,2026-03-04 06:34:33,Medan,MDN-003,failed
2931,08121040858,08133171407,voice,673,0.0,2026-03-04 06:34:33,Medan,MDN-003,failed
2932,08122153038,08135677762,voice,494,0.0,2026-03-04 06:48:33,Medan,MDN-002,dropped
2933,08121291312,08135677762,voice,655,0.0,2026-03-04 06:49:33,Medan,MDN-002,dropped
2934,08123819221,08131931137,voice,686,0.0,2026-03-04 06:52:33,Medan,MDN-003,dropped
2935,08121899899,08131312961,voice,415,0.0,2026-03-04 07:09:33,Medan,MDN-001,dropped
2936,08127603074,08132745116,voice,221,0.0,2026-03-04 07:19:28,Denpasar,DPS-002,completed
2937,08121291312,08136146599,sms,0,0.0,2026-03-04 07:23:32,Jakarta,JKT-001,completed
2938,08121078308,08134116449,voice,320,0.0,2026-03-04 07:31:33,Medan,MDN-002,dropped
2939,08122153038,08139434563,voice,708,0.0,2026-03-04 07:36:33,Medan,MDN-001,dropped
2940,08121899899,08135108727,voice,381,0.0,2026-03-04 07:55:37,Balikpapan,BPN-002,completed
2941,08122480627,08139238095,voice,230,0.0,2026-03-04 07:58:29,Balikpapan,BPN-002,completed
2942,08126781597,08131723779,voice,440,0.0,2026-03-04 08:02:21,Jakarta,JKT-005,completed
2943,08123010002,08131723779,sms,0,0.0,2026-03-04 08:15:33,Medan,MDN-004,dropped
2944,08125737520,08134141852,voice,638,0.0,2026-03-04 11:23:26,Surabaya,SBY-001,completed
2945,08127772864,08131411328,data,0,4634.7,2026-03-04 12:27:27,Medan,MDN-003,completed
2946,08124007520,08135256740,data,0,2735.1,2026-03-04 13:13:24,Balikpapan,BPN-001,completed
2947,08123727379,08136757515,voice,274,0.0,2026-03-04 14:40:31,Yogyakarta,YOG-003,completed
2948,08123861273,08133783250,sms,0,0.0,2026-03-04 16:04:31,Palembang,PLM-004,completed
2949,08127772864,08131140163,voice,113,0.0,2026-03-04 17:23:24,Yogyakarta,YOG-005,completed
2950,08123502196,08136757515,sms,0,0.0,2026-03-04 18:04:10,Jakarta,JKT-006,completed
2951,08121899899,08134445123,voice,56,0.0,2026-03-04 18:30:56,Jakarta,JKT-005,completed
2952,08123010002,08131931137,voice,366,0.0,2026-03-04 18:59:07,Balikpapan,BPN-002,dropped
2953,08123340178,08131411328,data,0,4826.0,2026-03-04 20:00:07,Balikpapan,BPN-001,dropped
2954,08127232704,08131369129,voice,402,0.0,2026-03-04 20:01:31,Surabaya,SBY-002,completed
2955,08123722577,08133773951,data,0,945.1,2026-03-04 20:50:07,Balikpapan,BPN-003,failed
2956,08123727379,08136146599,voice,550,0.0,2026-03-04 21:06:09,Makassar,MKS-001,completed
2957,08121626747,08137966871,voice,286,0.0,2026-03-04 21:13:01,Makassar,MKS-006,completed
2958,08127772864,08131889916,voice,253,0.0,2026-03-04 21:15:30,Yogyakarta,YOG-005,completed
2959,08121626747,08132686161,voice,415,0.0,2026-03-04 21:50:06,Medan,MDN-005,completed
2960,08125916355,08138556704,voice,221,0.0,2026-03-04 21:53:07,Balikpapan,BPN-003,failed
2961,08128310846,08135528971,voice,650,0.0,2026-03-04 22:13:07,Balikpapan,BPN-002,dropped
2962,08129996828,08131595943,voice,644,0.0,2026-03-04 22:15:07,Balikpapan,BPN-002,failed
2963,08123861273,08139434563,sms,0,0.0,2026-03-04 22:21:09,Jakarta,JKT-006,completed
2964,08125085916,08131369129,voice,107,0.0,2026-03-04 22:42:07,Balikpapan,BPN-001,failed
2965,08126781597,08136444787,data,0,2805.7,2026-03-04 22:59:18,Medan,MDN-006,completed
2966,08123722577,08135528971,data,0,1122.0,2026-03-04 23:12:07,Balikpapan,BPN-006,dropped
2967,08127232704,08133783250,data,0,4950.7,2026-03-04 23:15:07,Balikpapan,BPN-004,failed
2968,08126851078,08134086463,voice,463,0.0,2026-03-04 23:16:14,Medan,MDN-003,completed
2969,08123359932,08131140163,data,0,4296.9,2026-03-04 23:42:07,Balikpapan,BPN-001,failed
2970,08125085916,08132145049,data,0,3618.4,2026-03-04 23:44:07,Balikpapan,BPN-001,dropped
2971,08123010002,08139434563,data,0,388.8,2026-03-04 23:54:07,Balikpapan,BPN-004,failed
2972,08121078308,08132904772,voice,592,0.0,2026-03-04 23:57:07,Balikpapan,BPN-006,dropped
2973,08122480627,08138245839,data,0,2773.4,2026-03-05 00:11:07,Balikpapan,BPN-003,failed
2974,08126351163,08137966871,voice,308,0.0,2026-03-05 00:13:07,Balikpapan,BPN-002,dropped
2975,08129152462,08132745116,voice,173,0.0,2026-03-05 00:49:07,Balikpapan,BPN-001,dropped
2976,08129152462,08136757515,data,0,4349.2,2026-03-05 00:50:07,Balikpapan,BPN-002,dropped
2977,08121040858,08132904772,voice,198,0.0,2026-03-05 01:04:07,Balikpapan,BPN-003,failed
2978,08123755069,08137966871,voice,550,0.0,2026-03-05 01:12:07,Balikpapan,BPN-001,dropped
2979,08127772864,08132745116,voice,462,0.0,2026-03-05 01:22:07,Balikpapan,BPN-002,dropped
2980,08129329387,08131411328,voice,322,0.0,2026-03-05 01:23:07,Balikpapan,BPN-003,failed
2981,08128753866,08131140163,voice,132,0.0,2026-03-05 01:29:07,Balikpapan,BPN-006,dropped
2982,08128310846,08132904772,voice,562,0.0,2026-03-05 01:38:07,Balikpapan,BPN-001,dropped
2983,08127772864,08133617221,voice,521,0.0,2026-03-05 01:57:04,Semarang,SMG-004,completed
2984,08125916355,08132353532,sms,0,0.0,2026-03-05 03:08:49,Semarang,SMG-004,completed
2985,08128310846,08138556704,voice,322,0.0,2026-03-05 03:49:44,Surabaya,SBY-005,completed
2986,08121078308,08134141852,voice,184,0.0,2026-03-05 03:51:07,Balikpapan,BPN-001,dropped
2987,08127129850,08131889916,voice,718,0.0,2026-03-05 04:38:07,Balikpapan,BPN-006,dropped
2988,08125737520,08131889916,data,0,3963.6,2026-03-05 07:45:12,Jakarta,JKT-003,completed
2989,08129996828,08134400368,voice,326,0.0,2026-03-05 10:31:30,Makassar,MKS-006,completed
2990,08122153038,08132353532,data,0,4623.9,2026-03-05 14:13:34,Yogyakarta,YOG-005,completed
2991,08122561951,08131369129,voice,238,0.0,2026-03-05 17:25:49,Bandung,BDG-001,completed
2992,08129996828,08136179863,data,0,4999.9,2026-03-05 20:13:55,Surabaya,SBY-002,completed
2993,08122153038,08133617221,sms,0,0.0,2026-03-05 22:26:15,Medan,MDN-004,completed
2994,08121040858,08133171407,voice,85,0.0,2026-03-06 01:12:45,Surabaya,SBY-003,completed
2995,08122534297,08131723779,voice,414,0.0,2026-03-06 01:31:33,Denpasar,DPS-006,completed
2996,08123722577,08131595943,data,0,985.0,2026-03-06 02:32:07,Denpasar,DPS-001,completed
2997,08124007520,08135528971,data,0,672.7,2026-03-06 04:09:52,Palembang,PLM-005,completed
2998,08124007520,08131538795,data,0,1054.8,2026-03-06 05:14:05,Denpasar,DPS-003,completed
2999,08129282643,08131278077,voice,379,0.0,2026-03-06 06:27:11,Bandung,BDG-003,completed
3000,08127129850,08131538795,voice,504,0.0,2026-03-06 06:32:29,Balikpapan,BPN-005,completed
3001,08127129850,08139434563,data,0,2928.9,2026-03-06 07:39:08,Medan,MDN-006,completed
3002,08123819221,08131595943,voice,477,0.0,2026-03-06 09:04:51,Bandung,BDG-005,completed
3003,08127603074,08131931137,voice,150,0.0,2026-03-06 09:09:39,Medan,MDN-004,completed
3004,08124007520,08132546588,data,0,2041.1,2026-03-06 10:02:28,Medan,MDN-005,completed
3005,08123010002,08133171407,data,0,1993.2,2026-03-06 11:25:31,Surabaya,SBY-001,completed
3006,08124028773,08132160948,voice,519,0.0,2026-03-06 14:01:32,Palembang,PLM-006,completed
3007,08129329387,08136475969,sms,0,0.0,2026-03-06 16:02:13,Bandung,BDG-005,completed
3008,08123861273,08132745116,voice,64,0.0,2026-03-06 16:23:38,Yogyakarta,YOG-005,completed
3009,08121337099,08131369129,voice,127,0.0,2026-03-06 16:31:43,Balikpapan,BPN-002,completed
3010,08122561951,08136179863,voice,513,0.0,2026-03-06 16:53:35,Semarang,SMG-002,completed
3011,08123340178,08135677762,voice,37,0.0,2026-03-06 17:13:53,Semarang,SMG-006,completed
3012,08129996828,08136179863,voice,79,0.0,2026-03-06 17:57:51,Semarang,SMG-004,completed
3013,08121899899,08132145049,voice,266,0.0,2026-03-06 18:07:24,Yogyakarta,YOG-002,completed
3014,08128809498,08131538795,sms,0,0.0,2026-03-06 20:00:45,Jakarta,JKT-006,completed
3015,08128809498,08139238095,voice,356,0.0,2026-03-06 21:20:20,Balikpapan,BPN-005,completed
3016,08123359932,08132353532,data,0,3021.8,2026-03-07 03:50:05,Palembang,PLM-001,completed
3017,08126781597,08133617221,data,0,504.5,2026-03-07 06:29:22,Yogyakarta,YOG-004,completed
3018,08128682106,08139516217,voice,420,0.0,2026-03-07 07:56:49,Balikpapan,BPN-005,completed
3019,08127129850,08138153511,voice,74,0.0,2026-03-07 09:54:07,Balikpapan,BPN-005,completed
3020,08122102236,08133773951,voice,74,0.0,2026-03-07 10:53:29,Surabaya,SBY-003,completed
3021,08123010002,08131140163,sms,0,0.0,2026-03-07 11:02:09,Semarang,SMG-003,completed
3022,08126705235,08131723779,data,0,1927.8,2026-03-07 16:47:57,Semarang,SMG-002,completed
3023,08126705235,08135256740,voice,161,0.0,2026-03-07 17:17:57,Balikpapan,BPN-002,completed
3024,08122102236,08132686161,voice,308,0.0,2026-03-07 18:46:06,Denpasar,DPS-004,dropped
3025,08124028773,08132546588,data,0,2173.9,2026-03-07 18:55:06,Denpasar,DPS-002,dropped
3026,08122534297,08134400368,voice,574,0.0,2026-03-07 19:11:06,Denpasar,DPS-001,failed
3027,08128682106,08131312961,voice,162,0.0,2026-03-07 19:16:02,Balikpapan,BPN-002,completed
3028,08127232704,08133783250,data,0,1920.3,2026-03-07 19:31:07,Palembang,PLM-003,completed
3029,08121040858,08133773951,voice,345,0.0,2026-03-07 19:41:06,Denpasar,DPS-003,failed
3030,08128310846,08139516217,voice,503,0.0,2026-03-07 19:55:11,Yogyakarta,YOG-002,completed
3031,08127009027,08136054797,voice,330,0.0,2026-03-07 20:20:34,Balikpapan,BPN-002,completed
3032,08127772864,08138670118,sms,0,0.0,2026-03-07 20:21:06,Denpasar,DPS-001,dropped
3033,08127129850,08139434563,voice,622,0.0,2026-03-07 20:25:06,Denpasar,DPS-003,failed
3034,08127129850,08135256740,voice,448,0.0,2026-03-07 20:55:34,Balikpapan,BPN-003,completed
3035,08127009027,08135108727,voice,242,0.0,2026-03-07 20:57:06,Denpasar,DPS-006,failed
3036,08127129850,08131312961,voice,320,0.0,2026-03-07 20:59:06,Denpasar,DPS-001,dropped
3037,08121078308,08132686161,voice,536,0.0,2026-03-07 21:01:06,Denpasar,DPS-006,failed
3038,08128753866,08133783250,voice,453,0.0,2026-03-07 21:14:33,Denpasar,DPS-001,completed
3039,08129152462,08132353532,voice,221,0.0,2026-03-07 21:28:06,Denpasar,DPS-004,failed
3040,08129373756,08132546588,data,0,1007.5,2026-03-07 21:33:20,Bandung,BDG-003,completed
3041,08121291312,08134141852,voice,88,0.0,2026-03-07 21:34:06,Denpasar,DPS-002,dropped
3042,08126781597,08138556704,voice,512,0.0,2026-03-07 22:01:06,Denpasar,DPS-005,failed
3043,08125085916,08131312961,voice,568,0.0,2026-03-07 22:02:06,Denpasar,DPS-004,dropped
3044,08128809498,08133773951,voice,472,0.0,2026-03-07 22:16:06,Denpasar,DPS-004,failed
3045,08123741962,08138670118,voice,74,0.0,2026-03-07 22:33:06,Denpasar,DPS-006,dropped
3046,08123722577,08138556704,voice,206,0.0,2026-03-07 23:03:06,Denpasar,DPS-003,failed
3047,08129996828,08136179863,sms,0,0.0,2026-03-07 23:52:06,Denpasar,DPS-001,dropped
3048,08128809498,08138245839,voice,255,0.0,2026-03-08 00:16:06,Denpasar,DPS-006,failed
3049,08123741962,08133783250,data,0,2870.1,2026-03-08 01:05:02,Medan,MDN-005,completed
3050,08122561951,08138120117,voice,318,0.0,2026-03-08 01:20:06,Denpasar,DPS-003,failed
3051,08127772864,08138245839,voice,349,0.0,2026-03-08 02:26:40,Surabaya,SBY-004,completed
3052,08122713684,08132160948,voice,167,0.0,2026-03-08 04:35:31,Semarang,SMG-006,completed
3053,08121040858,08138245839,voice,32,0.0,2026-03-08 07:39:35,Denpasar,DPS-003,completed
3054,08127232704,08133617221,voice,331,0.0,2026-03-08 10:50:50,Makassar,MKS-003,completed
3055,08126851078,08136444787,sms,0,0.0,2026-03-08 13:05:53,Bandung,BDG-005,completed
3056,08121626747,08132145049,data,0,4724.8,2026-03-08 13:11:31,Balikpapan,BPN-001,completed
3057,08128310846,08136444787,voice,255,0.0,2026-03-08 16:27:58,Balikpapan,BPN-005,completed
3058,08127232704,08133783250,voice,512,0.0,2026-03-08 17:09:51,Jakarta,JKT-003,completed
3059,08124007520,08139238095,data,0,1817.1,2026-03-08 17:49:00,Semarang,SMG-003,completed
3060,08126351163,08139434563,voice,613,0.0,2026-03-08 17:49:17,Balikpapan,BPN-004,completed
3061,08125916355,08131411328,voice,223,0.0,2026-03-08 17:51:20,Palembang,PLM-002,completed
3062,08121899899,08131595943,voice,489,0.0,2026-03-08 17:55:47,Jakarta,JKT-002,completed
3063,08122102236,08132160948,voice,648,0.0,2026-03-08 18:15:18,Medan,MDN-003,completed
3064,08128809498,08135108727,data,0,1833.8,2026-03-08 19:12:25,Semarang,SMG-002,completed
3065,08127603074,08134141852,sms,0,0.0,2026-03-08 19:46:06,Jakarta,JKT-002,completed
3066,08123755069,08132310425,voice,582,0.0,2026-03-08 21:13:09,Balikpapan,BPN-003,completed
3067,08124028773,08131889916,data,0,204.4,2026-03-08 23:03:39,Semarang,SMG-003,completed
3068,08121291312,08132686161,voice,82,0.0,2026-03-08 23:28:03,Medan,MDN-004,completed
3069,08121626747,08131595943,voice,376,0.0,2026-03-09 00:12:15,Yogyakarta,YOG-002,completed
3070,08121291312,08138245839,sms,0,0.0,2026-03-09 00:49:38,Semarang,SMG-002,completed
3071,08123741962,08131931137,data,0,1632.0,2026-03-09 03:38:16,Yogyakarta,YOG-003,completed
3072,08126781597,08136179863,voice,367,0.0,2026-03-09 04:03:04,Medan,MDN-004,completed
3073,08128809498,08138153511,voice,574,0.0,2026-03-09 05:17:57,Palembang,PLM-005,completed
3074,08128809498,08131723779,data,0,901.8,2026-03-09 06:26:22,Denpasar,DPS-004,completed
3075,08121040858,08134116449,voice,24,0.0,2026-03-09 06:27:06,Surabaya,SBY-002,completed
3076,08127603074,08131312961,data,0,1326.9,2026-03-09 06:32:17,Makassar,MKS-005,completed
3077,08122153038,08138120117,sms,0,0.0,2026-03-09 12:10:08,Yogyakarta,YOG-003,completed
3078,08125085916,08131312961,voice,483,0.0,2026-03-09 12:53:00,Palembang,PLM-004,completed
3079,08123727379,08132686161,voice,588,0.0,2026-03-09 14:00:29,Medan,MDN-001,completed
3080,08129329387,08139238095,voice,121,0.0,2026-03-09 14:39:29,Yogyakarta,YOG-005,completed
3081,08124028773,08136179863,voice,515,0.0,2026-03-09 15:58:44,Denpasar,DPS-001,completed
3082,08121626747,08134116449,voice,242,0.0,2026-03-09 18:53:35,Palembang,PLM-004,dropped
3083,08128753866,08138556704,voice,393,0.0,2026-03-09 19:15:35,Palembang,PLM-003,failed
3084,08124193747,08135677762,voice,295,0.0,2026-03-09 19:17:35,Palembang,PLM-001,dropped
3085,08129329387,08136179863,sms,0,0.0,2026-03-09 19:25:35,Palembang,PLM-002,dropped
3086,08122561951,08139238095,voice,602,0.0,2026-03-09 20:05:35,Palembang,PLM-002,dropped
3087,08129221446,08133171407,data,0,1627.4,2026-03-09 20:27:35,Palembang,PLM-004,failed
3088,08122534297,08131723779,data,0,1288.9,2026-03-09 20:28:35,Palembang,PLM-002,dropped
3089,08125916355,08134400368,voice,635,0.0,2026-03-09 20:47:17,Semarang,SMG-004,dropped
3090,08122713684,08136054797,data,0,1587.5,2026-03-09 20:48:35,Palembang,PLM-001,dropped
3091,08129373756,08132310425,data,0,4169.7,2026-03-09 21:01:35,Palembang,PLM-004,failed
3092,08121626747,08133773951,voice,194,0.0,2026-03-09 21:18:35,Palembang,PLM-004,failed
3093,08128310846,08131312961,data,0,2421.4,2026-03-09 21:19:35,Palembang,PLM-002,failed
3094,08123722577,08132546588,voice,333,0.0,2026-03-09 21:35:35,Palembang,PLM-006,dropped
3095,08123861273,08134141852,voice,417,0.0,2026-03-09 21:39:35,Palembang,PLM-006,dropped
3096,08121078308,08131312961,data,0,4558.0,2026-03-09 21:40:35,Palembang,PLM-003,failed
3097,08123340178,08139516217,voice,569,0.0,2026-03-09 21:43:02,Semarang,SMG-006,completed
3098,08127129850,08135677762,sms,0,0.0,2026-03-09 21:45:35,Palembang,PLM-003,failed
3099,08129329387,08131538795,sms,0,0.0,2026-03-09 21:46:35,Palembang,PLM-003,failed
3100,08129373756,08131278077,voice,559,0.0,2026-03-09 21:47:17,Semarang,SMG-002,dropped
3101,08121337099,08136054797,voice,351,0.0,2026-03-09 22:01:35,Palembang,PLM-006,failed
3102,08122561951,08134309599,voice,496,0.0,2026-03-09 22:10:17,Semarang,SMG-004,failed
3103,08123340178,08133550005,data,0,1459.9,2026-03-09 22:18:17,Semarang,SMG-002,dropped
3104,08129282643,08131889916,sms,0,0.0,2026-03-09 22:19:17,Semarang,SMG-006,dropped
3105,08123722577,08132904772,voice,433,0.0,2026-03-09 22:32:17,Semarang,SMG-002,dropped
3106,08123722577,08132904772,data,0,3225.5,2026-03-09 22:33:35,Palembang,PLM-005,failed
3107,08124007520,08131595943,sms,0,0.0,2026-03-09 22:36:35,Palembang,PLM-005,dropped
3108,08121040858,08132145049,sms,0,0.0,2026-03-09 22:54:17,Semarang,SMG-004,dropped
3109,08122102236,08134492186,data,0,3443.9,2026-03-09 23:00:17,Semarang,SMG-004,failed
3110,08121476478,08133171407,sms,0,0.0,2026-03-09 23:37:17,Semarang,SMG-001,dropped
3111,08127803551,08131140163,data,0,1231.9,2026-03-09 23:39:17,Semarang,SMG-002,failed
3112,08122561951,08131278077,data,0,4227.8,2026-03-09 23:41:35,Palembang,PLM-001,dropped
3113,08125085916,08131411328,voice,148,0.0,2026-03-10 00:05:17,Semarang,SMG-005,dropped
3114,08127772864,08131538795,voice,629,0.0,2026-03-10 00:11:17,Semarang,SMG-002,dropped
3115,08129329387,08132686161,voice,183,0.0,2026-03-10 00:12:38,Surabaya,SBY-003,completed
3116,08128682106,08132353532,data,0,1935.7,2026-03-10 00:19:17,Semarang,SMG-006,dropped
3117,08123755069,08133171407,data,0,4584.7,2026-03-10 01:07:17,Semarang,SMG-006,failed
3118,08125916355,08132904772,data,0,2353.4,2026-03-10 01:21:35,Palembang,PLM-004,failed
3119,08129221446,08138556704,sms,0,0.0,2026-03-10 01:32:27,Surabaya,SBY-005,completed
3120,08127603074,08131312961,voice,58,0.0,2026-03-10 01:50:17,Semarang,SMG-003,failed
3121,08122102236,08134309599,sms,0,0.0,2026-03-10 02:05:02,Jakarta,JKT-006,completed
3122,08122561951,08133617221,data,0,4156.8,2026-03-10 02:35:17,Semarang,SMG-003,failed
3123,08122561951,08139238095,voice,550,0.0,2026-03-10 05:00:43,Jakarta,JKT-004,completed
3124,08121476478,08137966871,voice,205,0.0,2026-03-10 07:21:13,Yogyakarta,YOG-006,completed
3125,08128809498,08139434563,voice,459,0.0,2026-03-10 10:06:14,Denpasar,DPS-006,completed
3126,08123340178,08135256740,voice,204,0.0,2026-03-10 13:22:10,Medan,MDN-006,completed
3127,08123861273,08131538795,voice,395,0.0,2026-03-10 15:40:35,Palembang,PLM-002,completed
3128,08126851078,08136444787,sms,0,0.0,2026-03-10 19:57:01,Palembang,PLM-003,completed
3129,08122561951,08131312961,voice,555,0.0,2026-03-10 20:05:46,Surabaya,SBY-003,completed
3130,08128809498,08133773951,voice,479,0.0,2026-03-10 20:17:12,Yogyakarta,YOG-001,completed
3131,08123340178,08136757515,data,0,3035.1,2026-03-10 20:43:40,Yogyakarta,YOG-006,completed
3132,08121040858,08135108727,data,0,2176.3,2026-03-10 21:46:17,Jakarta,JKT-006,completed
3133,08123727379,08134309599,data,0,1630.9,2026-03-10 22:23:45,Denpasar,DPS-005,completed
3134,08129373756,08132353532,data,0,606.3,2026-03-10 23:27:50,Surabaya,SBY-001,completed
3135,08123502196,08133773951,data,0,2334.1,2026-03-10 23:53:49,Denpasar,DPS-005,completed
3136,08124193747,08135528971,data,0,797.5,2026-03-11 00:09:25,Palembang,PLM-004,completed
3137,08129221446,08133773951,data,0,2157.7,2026-03-11 00:10:29,Medan,MDN-001,completed
3138,08128809498,08131411328,voice,83,0.0,2026-03-11 07:05:15,Medan,MDN-004,completed
3139,08121899899,08132145049,sms,0,0.0,2026-03-11 07:17:12,Balikpapan,BPN-002,completed
3140,08129373756,08134492186,data,0,1305.9,2026-03-11 09:20:29,Balikpapan,BPN-003,completed
3141,08121291312,08131369129,voice,462,0.0,2026-03-11 11:07:28,Makassar,MKS-001,completed
3142,08122534297,08139238095,voice,546,0.0,2026-03-11 12:18:17,Yogyakarta,YOG-002,completed
3143,08126781597,08136179863,voice,694,0.0,2026-03-11 13:42:54,Denpasar,DPS-001,completed
3144,08122561951,08132310425,data,0,4966.4,2026-03-11 15:00:09,Bandung,BDG-003,completed
3145,08123741962,08138153511,voice,117,0.0,2026-03-11 15:02:25,Bandung,BDG-005,completed
3146,08122534297,08132091000,voice,612,0.0,2026-03-11 15:15:27,Palembang,PLM-002,completed
3147,08127009027,08138245839,data,0,708.7,2026-03-11 17:17:11,Balikpapan,BPN-006,completed
3148,08129221446,08134116449,voice,600,0.0,2026-03-11 17:31:24,Palembang,PLM-004,completed
3149,08121626747,08134400368,data,0,561.6,2026-03-11 17:52:46,Makassar,MKS-003,completed
3150,08127129850,08136146599,sms,0,0.0,2026-03-11 21:14:02,Denpasar,DPS-005,completed
3151,08127009027,08131411328,data,0,196.8,2026-03-11 22:50:14,Yogyakarta,YOG-003,completed
3152,08123861273,08138670118,data,0,4517.0,2026-03-11 23:23:54,Surabaya,SBY-005,completed
3153,08122102236,08132745116,voice,489,0.0,2026-03-11 23:37:09,Denpasar,DPS-005,completed
3154,08121626747,08131411328,voice,365,0.0,2026-03-12 00:28:50,Medan,MDN-003,completed
3155,08128809498,08136054797,data,0,3156.0,2026-03-12 02:23:57,Denpasar,DPS-002,completed
3156,08124007520,08131723779,sms,0,0.0,2026-03-12 02:49:12,Semarang,SMG-003,completed
3157,08123359932,08133171407,data,0,3947.3,2026-03-12 03:13:11,Denpasar,DPS-004,completed
3158,08123741962,08136146599,voice,560,0.0,2026-03-12 04:53:49,Denpasar,DPS-001,completed
3159,08122153038,08132686161,voice,341,0.0,2026-03-12 06:27:53,Surabaya,SBY-005,completed
3160,08123359932,08132546588,data,0,1668.1,2026-03-12 07:58:05,Surabaya,SBY-003,completed
3161,08122713684,08138120117,data,0,508.1,2026-03-12 09:13:18,Semarang,SMG-006,completed
3162,08124028773,08131889916,data,0,4131.0,2026-03-12 09:14:04,Semarang,SMG-001,completed
3163,08122713684,08131312961,data,0,4430.8,2026-03-12 12:01:28,Palembang,PLM-004,dropped
3164,08122102236,08134086463,data,0,4220.4,2026-03-12 12:10:39,Balikpapan,BPN-004,completed
3165,08129152462,08136444787,voice,273,0.0,2026-03-12 12:50:28,Palembang,PLM-005,failed
3166,08125085916,08133783250,data,0,3261.1,2026-03-12 13:07:28,Palembang,PLM-004,failed
3167,08123727379,08131312961,data,0,1203.8,2026-03-12 13:11:11,Bandung,BDG-006,completed
3168,08126409986,08134400368,voice,327,0.0,2026-03-12 13:23:28,Palembang,PLM-001,dropped
3169,08121291312,08134445123,voice,710,0.0,2026-03-12 13:43:28,Palembang,PLM-002,dropped
3170,08126705235,08131723779,data,0,913.6,2026-03-12 13:44:38,Medan,MDN-006,completed
3171,08127803551,08139516217,voice,663,0.0,2026-03-12 13:45:28,Palembang,PLM-002,dropped
3172,08125916355,08134445123,voice,263,0.0,2026-03-12 14:08:28,Palembang,PLM-003,failed
3173,08122713684,08138556704,voice,533,0.0,2026-03-12 14:26:56,Yogyakarta,YOG-003,completed
3174,08125916355,08135677762,voice,340,0.0,2026-03-12 14:46:28,Palembang,PLM-003,dropped
3175,08121337099,08138670118,voice,528,0.0,2026-03-12 14:46:48,Makassar,MKS-004,failed
3176,08122713684,08134309599,voice,180,0.0,2026-03-12 14:48:28,Palembang,PLM-006,dropped
3177,08123727379,08138120117,voice,196,0.0,2026-03-12 15:06:28,Palembang,PLM-002,dropped
3178,08123359932,08134400368,voice,469,0.0,2026-03-12 15:14:28,Palembang,PLM-003,failed
3179,08129282643,08135528971,voice,660,0.0,2026-03-12 15:39:28,Palembang,PLM-002,dropped
3180,08123359932,08135528971,sms,0,0.0,2026-03-12 16:08:28,Palembang,PLM-003,failed
3181,08129996828,08136179863,data,0,2656.6,2026-03-12 16:16:28,Palembang,PLM-006,dropped
3182,08127803551,08132310425,voice,95,0.0,2026-03-12 16:54:28,Palembang,PLM-005,dropped
3183,08121337099,08132145049,voice,630,0.0,2026-03-12 16:54:28,Palembang,PLM-001,dropped
3184,08127803551,08133171407,voice,103,0.0,2026-03-12 17:11:28,Palembang,PLM-001,dropped
3185,08124193747,08132091000,sms,0,0.0,2026-03-12 17:12:28,Palembang,PLM-004,failed
3186,08126781597,08132904772,voice,352,0.0,2026-03-12 17:19:28,Palembang,PLM-001,dropped
3187,08125916355,08132091000,data,0,4750.0,2026-03-12 17:44:02,Jakarta,JKT-001,completed
3188,08128682106,08131278077,data,0,574.8,2026-03-12 17:46:01,Balikpapan,BPN-001,completed
3189,08125737520,08134445123,sms,0,0.0,2026-03-12 18:00:48,Makassar,MKS-004,failed
3190,08125737520,08139434563,sms,0,0.0,2026-03-12 18:14:48,Makassar,MKS-003,failed
3191,08128753866,08132904772,sms,0,0.0,2026-03-12 18:21:48,Makassar,MKS-002,dropped
3192,08129996828,08133550005,sms,0,0.0,2026-03-12 18:34:48,Makassar,MKS-002,dropped
3193,08121899899,08131278077,voice,270,0.0,2026-03-12 18:37:48,Makassar,MKS-003,failed
3194,08123819221,08138245839,data,0,1713.0,2026-03-12 18:49:48,Makassar,MKS-004,failed
3195,08123741962,08133171407,voice,278,0.0,2026-03-12 18:54:48,Makassar,MKS-003,failed
3196,08128310846,08133171407,data,0,839.6,2026-03-12 18:58:28,Palembang,PLM-001,dropped
3197,08121626747,08138153511,voice,559,0.0,2026-03-12 19:01:48,Makassar,MKS-001,dropped
3198,08122102236,08132904772,voice,207,0.0,2026-03-12 19:02:48,Makassar,MKS-001,dropped
3199,08125916355,08132160948,sms,0,0.0,2026-03-12 19:25:48,Makassar,MKS-006,failed
3200,08129373756,08132145049,data,0,4300.1,2026-03-12 19:25:48,Makassar,MKS-003,failed
3201,08122480627,08131723779,data,0,3090.8,2026-03-12 19:26:38,Semarang,SMG-006,completed
3202,08125916355,08135256740,voice,627,0.0,2026-03-12 19:30:48,Makassar,MKS-002,dropped
3203,08126851078,08136054797,data,0,2854.8,2026-03-12 19:36:48,Makassar,MKS-004,failed
3204,08121476478,08131595943,voice,262,0.0,2026-03-12 20:00:48,Makassar,MKS-001,dropped
3205,08125737520,08134445123,voice,524,0.0,2026-03-12 20:03:48,Makassar,MKS-004,dropped
3206,08126851078,08138670118,voice,322,0.0,2026-03-12 20:10:48,Makassar,MKS-005,dropped
3207,08129282643,08132160948,voice,316,0.0,2026-03-12 20:20:48,Makassar,MKS-006,failed
3208,08126781597,08132160948,voice,116,0.0,2026-03-12 20:41:29,Balikpapan,BPN-006,completed
3209,08123741962,08134086463,voice,130,0.0,2026-03-12 20:48:48,Makassar,MKS-003,failed
3210,08129329387,08138120117,voice,208,0.0,2026-03-12 21:25:48,Makassar,MKS-006,dropped
3211,08125085916,08134116449,voice,403,0.0,2026-03-12 21:58:43,Medan,MDN-005,completed
3212,08129221446,08135677762,voice,487,0.0,2026-03-12 22:10:48,Makassar,MKS-002,dropped
3213,08123727379,08131538795,voice,563,0.0,2026-03-12 22:22:48,Makassar,MKS-001,failed
3214,08126781597,08135256740,sms,0,0.0,2026-03-12 22:25:26,Palembang,PLM-003,completed
3215,08123755069,08132310425,voice,104,0.0,2026-03-12 23:39:38,Palembang,PLM-003,completed
3216,08122713684,08136179863,data,0,3933.4,2026-03-13 00:35:00,Jakarta,JKT-006,completed
3217,08121626747,08131312961,voice,410,0.0,2026-03-13 00:53:40,Makassar,MKS-002,completed
3218,08124193747,08134309599,sms,0,0.0,2026-03-13 01:01:39,Semarang,SMG-005,completed
3219,08128310846,08131538795,data,0,2596.4,2026-03-13 01:14:53,Denpasar,DPS-003,completed
3220,08126851078,08131723779,data,0,2866.2,2026-03-13 05:13:41,Makassar,MKS-003,completed
3221,08127129850,08134400368,sms,0,0.0,2026-03-13 05:33:53,Bandung,BDG-003,completed
3222,08121476478,08136444787,voice,701,0.0,2026-03-13 05:52:01,Yogyakarta,YOG-001,completed
3223,08122561951,08131595943,sms,0,0.0,2026-03-13 07:43:03,Makassar,MKS-001,completed
3224,08126851078,08135256740,data,0,1842.2,2026-03-13 09:38:18,Yogyakarta,YOG-002,completed
3225,08123502196,08139516217,voice,516,0.0,2026-03-13 10:43:33,Palembang,PLM-003,completed
3226,08125916355,08131411328,voice,581,0.0,2026-03-13 14:05:49,Jakarta,JKT-005,completed
3227,08123741962,08131538795,voice,388,0.0,2026-03-13 14:59:08,Surabaya,SBY-002,completed
3228,08126409986,08132310425,voice,22,0.0,2026-03-13 20:42:51,Balikpapan,BPN-001,completed
3229,08122713684,08132091000,data,0,4718.6,2026-03-13 21:09:41,Makassar,MKS-005,completed
3230,08121291312,08132091000,voice,21,0.0,2026-03-13 21:12:18,Yogyakarta,YOG-001,completed
3231,08121337099,08131369129,voice,207,0.0,2026-03-13 23:48:43,Bandung,BDG-001,completed
3232,08123727379,08132745116,voice,72,0.0,2026-03-13 23:58:16,Surabaya,SBY-003,completed
3233,08129329387,08135108727,voice,21,0.0,2026-03-14 01:13:00,Makassar,MKS-004,completed
3234,08123010002,08133773951,voice,252,0.0,2026-03-14 01:33:37,Palembang,PLM-003,completed
3235,08127232704,08131140163,sms,0,0.0,2026-03-14 03:14:21,Bandung,BDG-004,completed
3236,08129282643,08131278077,data,0,1315.6,2026-03-14 03:38:26,Medan,MDN-005,completed
3237,08122561951,08135677762,data,0,773.3,2026-03-14 06:34:28,Surabaya,SBY-001,completed
3238,08122102236,08131595943,voice,148,0.0,2026-03-14 10:16:33,Palembang,PLM-004,completed
3239,08129373756,08133171407,voice,656,0.0,2026-03-14 12:15:39,Palembang,PLM-005,completed
3240,08124007520,08132686161,data,0,412.9,2026-03-14 13:14:45,Semarang,SMG-001,completed
3241,08123741962,08138670118,voice,39,0.0,2026-03-14 13:17:40,Jakarta,JKT-005,completed
3242,08126781597,08132310425,voice,120,0.0,2026-03-14 13:55:27,Balikpapan,BPN-004,completed
3243,08123359932,08136475969,data,0,3344.7,2026-03-14 15:02:57,Surabaya,SBY-002,completed
3244,08121626747,08139238095,voice,429,0.0,2026-03-14 15:06:05,Semarang,SMG-005,completed
3245,08123359932,08132745116,voice,69,0.0,2026-03-14 15:54:24,Denpasar,DPS-006,completed
3246,08121626747,08134086463,voice,642,0.0,2026-03-14 18:37:26,Yogyakarta,YOG-002,completed
3247,08121476478,08136444787,data,0,2745.7,2026-03-14 18:47:46,Bandung,BDG-001,completed
3248,08122102236,08135528971,data,0,3778.9,2026-03-14 20:37:53,Makassar,MKS-001,completed
3249,08124193747,08134492186,voice,395,0.0,2026-03-15 01:21:08,Medan,MDN-004,completed
3250,08122534297,08133550005,sms,0,0.0,2026-03-15 02:53:16,Palembang,PLM-006,completed
3251,08127232704,08131889916,sms,0,0.0,2026-03-15 05:11:50,Semarang,SMG-004,completed
3252,08128682106,08131411328,voice,205,0.0,2026-03-15 06:59:05,Palembang,PLM-004,completed
3253,08128310846,08132745116,data,0,4055.1,2026-03-15 07:08:10,Balikpapan,BPN-002,completed
3254,08121476478,08136054797,voice,586,0.0,2026-03-15 07:55:42,Surabaya,SBY-005,completed
3255,08127603074,08133783250,data,0,2574.7,2026-03-15 08:28:14,Makassar,MKS-006,completed
3256,08121476478,08131369129,voice,446,0.0,2026-03-15 12:48:02,Medan,MDN-001,completed
3257,08127232704,08136054797,sms,0,0.0,2026-03-15 12:54:33,Jakarta,JKT-006,completed
3258,08121078308,08131312961,sms,0,0.0,2026-03-15 13:40:26,Bandung,BDG-003,completed
3259,08128310846,08136146599,sms,0,0.0,2026-03-15 15:18:24,Medan,MDN-002,completed
3260,08122713684,08133773951,data,0,4896.5,2026-03-15 16:46:59,Medan,MDN-006,completed
3261,08126781597,08132160948,voice,536,0.0,2026-03-15 16:56:55,Palembang,PLM-003,completed
3262,08123861273,08131595943,voice,369,0.0,2026-03-15 18:54:49,Surabaya,SBY-006,completed
3263,08121337099,08136146599,voice,254,0.0,2026-03-15 20:57:32,Jakarta,JKT-006,completed
3264,08123722577,08135256740,data,0,2440.5,2026-03-15 23:43:26,Bandung,BDG-004,completed
3265,08123340178,08131595943,sms,0,0.0,2026-03-15 23:45:00,Bandung,BDG-002,completed
3266,08128753866,08133783250,data,0,4596.0,2026-03-16 00:10:29,Yogyakarta,YOG-004,completed
3267,08127009027,08131411328,voice,334,0.0,2026-03-16 03:15:24,Yogyakarta,YOG-002,completed
3268,08127803551,08134400368,voice,88,0.0,2026-03-16 03:24:45,Balikpapan,BPN-004,completed
3269,08122561951,08133773951,voice,503,0.0,2026-03-16 06:20:19,Medan,MDN-006,completed
3270,08121078308,08132160948,data,0,4105.0,2026-03-16 06:26:16,Medan,MDN-006,completed
3271,08123502196,08132145049,data,0,2496.0,2026-03-16 07:22:09,Medan,MDN-005,completed
3272,08127772864,08135528971,data,0,3413.6,2026-03-16 08:12:26,Semarang,SMG-004,completed
3273,08123861273,08136054797,voice,566,0.0,2026-03-16 09:49:58,Surabaya,SBY-006,completed
3274,08125737520,08132353532,data,0,3267.2,2026-03-16 11:36:47,Palembang,PLM-001,completed
3275,08124028773,08136757515,voice,30,0.0,2026-03-16 19:17:25,Surabaya,SBY-006,completed
3276,08123722577,08132546588,sms,0,0.0,2026-03-16 22:43:17,Denpasar,DPS-001,completed
3277,08122102236,08139434563,voice,717,0.0,2026-03-17 02:14:51,Semarang,SMG-003,completed
3278,08129152462,08132091000,voice,325,0.0,2026-03-17 06:39:51,Surabaya,SBY-004,completed
3279,08124193747,08134086463,data,0,3028.1,2026-03-17 08:09:27,Surabaya,SBY-005,completed
3280,08122480627,08132160948,data,0,892.4,2026-03-17 08:52:21,Medan,MDN-006,completed
3281,08129996828,08131595943,data,0,1925.7,2026-03-17 09:20:14,Semarang,SMG-005,completed
3282,08121291312,08131278077,voice,209,0.0,2026-03-17 09:54:35,Medan,MDN-002,completed
3283,08124193747,08131411328,voice,117,0.0,2026-03-17 10:02:10,Palembang,PLM-004,completed
3284,08123502196,08136757515,data,0,3302.9,2026-03-17 10:24:45,Yogyakarta,YOG-002,completed
3285,08127129850,08134086463,voice,170,0.0,2026-03-17 10:48:25,Surabaya,SBY-005,completed
3286,08129282643,08138153511,data,0,236.5,2026-03-17 12:33:16,Makassar,MKS-006,completed
3287,08126351163,08132145049,voice,330,0.0,2026-03-17 13:02:01,Palembang,PLM-001,completed
3288,08129152462,08131278077,data,0,1343.3,2026-03-17 13:57:20,Jakarta,JKT-004,completed
3289,08126851078,08131312961,voice,115,0.0,2026-03-17 14:33:13,Denpasar,DPS-003,completed
3290,08121337099,08134309599,data,0,4787.6,2026-03-17 15:32:54,Makassar,MKS-004,completed
3291,08127129850,08131723779,data,0,1950.9,2026-03-17 17:17:15,Jakarta,JKT-006,completed
3292,08129152462,08133773951,sms,0,0.0,2026-03-17 17:56:54,Jakarta,JKT-003,completed
3293,08129329387,08133171407,data,0,1937.4,2026-03-17 18:09:27,Denpasar,DPS-006,completed
3294,08126851078,08132091000,voice,361,0.0,2026-03-17 18:12:52,Yogyakarta,YOG-005,failed
3295,08127009027,08139238095,voice,549,0.0,2026-03-17 19:45:52,Yogyakarta,YOG-002,dropped
3296,08121626747,08135256740,voice,640,0.0,2026-03-17 20:24:52,Yogyakarta,YOG-001,dropped
3297,08126351163,08132310425,voice,675,0.0,2026-03-17 20:53:14,Surabaya,SBY-002,completed
3298,08128682106,08137966871,sms,0,0.0,2026-03-17 21:45:52,Yogyakarta,YOG-001,failed
3299,08126851078,08131889916,voice,379,0.0,2026-03-17 21:46:52,Yogyakarta,YOG-001,dropped
3300,08123755069,08131278077,voice,524,0.0,2026-03-17 22:09:52,Yogyakarta,YOG-001,dropped
3301,08121626747,08136444787,sms,0,0.0,2026-03-17 22:18:19,Bandung,BDG-002,completed
3302,08125737520,08132091000,voice,253,0.0,2026-03-17 22:31:57,Semarang,SMG-003,completed
3303,08123741962,08134141852,voice,719,0.0,2026-03-17 22:32:52,Yogyakarta,YOG-005,failed
3304,08129373756,08138556704,data,0,2607.3,2026-03-17 22:46:52,Yogyakarta,YOG-001,dropped
3305,08121899899,08136757515,voice,646,0.0,2026-03-17 22:53:52,Yogyakarta,YOG-003,failed
3306,08127009027,08131312961,sms,0,0.0,2026-03-17 22:54:52,Yogyakarta,YOG-004,failed
3307,08128753866,08131595943,data,0,4958.2,2026-03-17 22:58:28,Denpasar,DPS-004,completed
3308,08128682106,08136757515,voice,675,0.0,2026-03-17 22:59:52,Yogyakarta,YOG-002,dropped
3309,08121626747,08134116449,data,0,1722.8,2026-03-17 23:09:48,Semarang,SMG-001,completed
3310,08123727379,08132160948,voice,403,0.0,2026-03-17 23:27:52,Yogyakarta,YOG-006,dropped
3311,08123819221,08132145049,data,0,2342.0,2026-03-17 23:29:52,Yogyakarta,YOG-002,dropped
3312,08122561951,08136757515,data,0,3035.0,2026-03-18 00:02:52,Yogyakarta,YOG-004,failed
3313,08125737520,08132745116,voice,371,0.0,2026-03-18 00:22:52,Yogyakarta,YOG-004,failed
3314,08127803551,08131312961,data,0,3008.7,2026-03-18 00:24:52,Yogyakarta,YOG-003,failed
3315,08124007520,08132546588,voice,557,0.0,2026-03-18 00:27:52,Yogyakarta,YOG-001,dropped
3316,08123755069,08131889916,data,0,3892.0,2026-03-18 00:33:52,Yogyakarta,YOG-002,dropped
3317,08129152462,08133171407,data,0,2922.2,2026-03-18 00:37:52,Yogyakarta,YOG-002,dropped
3318,08129373756,08134141852,voice,466,0.0,2026-03-18 00:54:52,Yogyakarta,YOG-005,dropped
3319,08129152462,08139434563,voice,423,0.0,2026-03-18 01:30:52,Yogyakarta,YOG-004,failed
3320,08125085916,08136054797,voice,117,0.0,2026-03-18 03:01:52,Yogyakarta,YOG-002,dropped
3321,08124028773,08138670118,data,0,4379.3,2026-03-18 04:21:28,Jakarta,JKT-002,completed
3322,08121899899,08131140163,sms,0,0.0,2026-03-18 04:21:53,Yogyakarta,YOG-006,completed
3323,08127803551,08138556704,data,0,3342.0,2026-03-18 05:56:35,Makassar,MKS-003,completed
3324,08124193747,08136757515,voice,708,0.0,2026-03-18 07:03:25,Medan,MDN-004,completed
3325,08123861273,08134445123,voice,557,0.0,2026-03-18 08:04:38,Balikpapan,BPN-004,completed
3326,08124193747,08131538795,voice,42,0.0,2026-03-18 08:14:28,Denpasar,DPS-002,completed
3327,08126705235,08131889916,voice,441,0.0,2026-03-18 08:15:34,Palembang,PLM-003,completed
3328,08121337099,08132160948,sms,0,0.0,2026-03-18 11:11:47,Semarang,SMG-006,completed
3329,08124007520,08132160948,voice,622,0.0,2026-03-18 11:58:07,Makassar,MKS-005,completed
3330,08121040858,08137966871,voice,235,0.0,2026-03-18 13:19:12,Palembang,PLM-004,completed
3331,08121291312,08132546588,voice,635,0.0,2026-03-18 19:14:26,Yogyakarta,YOG-003,completed
3332,08129221446,08134141852,data,0,557.0,2026-03-18 21:12:20,Jakarta,JKT-004,completed
3333,08124193747,08132091000,voice,38,0.0,2026-03-18 21:17:36,Semarang,SMG-005,completed
3334,08128753866,08136475969,voice,584,0.0,2026-03-18 21:29:03,Denpasar,DPS-003,completed
3335,08127232704,08134445123,data,0,4648.4,2026-03-18 23:15:04,Makassar,MKS-003,completed
3336,08129282643,08137966871,data,0,143.7,2026-03-18 23:44:26,Jakarta,JKT-003,completed
3337,08128753866,08136475969,data,0,980.3,2026-03-19 00:26:08,Semarang,SMG-004,completed
3338,08125085916,08131723779,voice,605,0.0,2026-03-19 01:42:50,Surabaya,SBY-006,completed
3339,08129996828,08139434563,voice,605,0.0,2026-03-19 01:56:13,Makassar,MKS-006,completed
3340,08122153038,08133783250,voice,325,0.0,2026-03-19 05:08:05,Palembang,PLM-001,completed
3341,08125737520,08132353532,sms,0,0.0,2026-03-19 05:41:17,Jakarta,JKT-003,completed
3342,08122480627,08132353532,voice,37,0.0,2026-03-19 05:46:40,Bandung,BDG-004,completed
3343,08122480627,08131931137,voice,632,0.0,2026-03-19 06:18:58,Balikpapan,BPN-006,completed
3344,08124028773,08137966871,voice,589,0.0,2026-03-19 07:56:02,Semarang,SMG-005,completed
3345,08126851078,08139238095,voice,667,0.0,2026-03-19 11:15:26,Balikpapan,BPN-002,completed
3346,08127803551,08131595943,voice,206,0.0,2026-03-19 11:35:24,Yogyakarta,YOG-002,completed
3347,08127772864,08131889916,voice,513,0.0,2026-03-19 11:46:58,Surabaya,SBY-004,completed
3348,08121078308,08131538795,voice,270,0.0,2026-03-19 12:03:07,Balikpapan,BPN-004,completed
3349,08126409986,08131595943,voice,349,0.0,2026-03-19 14:02:03,Makassar,MKS-006,completed
3350,08126351163,08133550005,voice,380,0.0,2026-03-19 14:46:59,Jakarta,JKT-006,completed
3351,08128753866,08134141852,voice,90,0.0,2026-03-19 15:33:03,Surabaya,SBY-003,completed
3352,08125737520,08131312961,voice,478,0.0,2026-03-19 17:38:00,Bandung,BDG-001,completed
3353,08123755069,08139238095,data,0,268.0,2026-03-19 17:47:24,Makassar,MKS-004,completed
3354,08129373756,08131931137,data,0,2439.8,2026-03-19 18:22:49,Bandung,BDG-002,completed
3355,08125085916,08136146599,data,0,2544.2,2026-03-19 18:35:33,Bandung,BDG-001,completed
3356,08126351163,08134492186,data,0,1604.3,2026-03-19 18:51:32,Makassar,MKS-006,completed
3357,08128809498,08133617221,sms,0,0.0,2026-03-20 00:03:34,Balikpapan,BPN-006,completed
3358,08124193747,08134116449,data,0,351.7,2026-03-20 02:29:04,Surabaya,SBY-005,completed
3359,08123722577,08136179863,voice,160,0.0,2026-03-20 06:56:19,Balikpapan,BPN-004,completed
3360,08127129850,08139238095,data,0,3034.7,2026-03-20 07:22:09,Makassar,MKS-005,completed
3361,08125085916,08138670118,voice,162,0.0,2026-03-20 09:03:51,Bandung,BDG-005,completed
3362,08127009027,08139434563,voice,552,0.0,2026-03-20 09:27:06,Surabaya,SBY-004,completed
3363,08122713684,08132546588,voice,125,0.0,2026-03-20 13:43:44,Surabaya,SBY-001,completed
3364,08129221446,08138120117,data,0,4086.1,2026-03-20 17:47:39,Medan,MDN-003,completed
3365,08129152462,08133617221,data,0,4850.8,2026-03-20 18:11:08,Jakarta,JKT-001,completed
3366,08123819221,08132904772,voice,123,0.0,2026-03-20 19:09:43,Semarang,SMG-003,completed
3367,08127803551,08131278077,data,0,2073.3,2026-03-20 19:18:34,Balikpapan,BPN-003,completed
3368,08122102236,08136179863,data,0,1399.2,2026-03-20 21:08:01,Jakarta,JKT-004,completed
3369,08124007520,08138556704,voice,470,0.0,2026-03-21 00:04:39,Denpasar,DPS-002,completed
3370,08123819221,08133171407,sms,0,0.0,2026-03-21 00:29:53,Denpasar,DPS-002,completed
3371,08129996828,08136179863,voice,328,0.0,2026-03-21 00:57:17,Denpasar,DPS-004,completed
3372,08121078308,08136475969,voice,102,0.0,2026-03-21 01:10:15,Denpasar,DPS-001,completed
3373,08128753866,08137966871,data,0,1601.2,2026-03-21 01:37:32,Yogyakarta,YOG-004,completed
3374,08121476478,08132160948,data,0,320.2,2026-03-21 02:34:38,Bandung,BDG-002,completed
3375,08127009027,08133783250,voice,63,0.0,2026-03-21 03:03:16,Yogyakarta,YOG-004,completed
3376,08122534297,08139516217,voice,288,0.0,2026-03-21 03:40:41,Yogyakarta,YOG-003,completed
3377,08124028773,08131595943,voice,654,0.0,2026-03-21 05:49:50,Makassar,MKS-002,completed
3378,08121337099,08133550005,sms,0,0.0,2026-03-21 05:52:49,Makassar,MKS-002,completed
3379,08123010002,08132310425,data,0,2955.3,2026-03-21 05:56:14,Semarang,SMG-004,completed
3380,08121078308,08132353532,voice,29,0.0,2026-03-21 06:16:56,Medan,MDN-004,completed
3381,08123741962,08139238095,voice,72,0.0,2026-03-21 06:50:32,Palembang,PLM-002,completed
3382,08129152462,08134309599,data,0,4768.8,2026-03-21 07:54:35,Medan,MDN-001,completed
3383,08126409986,08133617221,voice,578,0.0,2026-03-21 08:20:29,Palembang,PLM-004,completed
3384,08129221446,08139516217,voice,219,0.0,2026-03-21 11:33:46,Makassar,MKS-005,completed
3385,08129221446,08136146599,voice,151,0.0,2026-03-21 11:41:19,Makassar,MKS-006,completed
3386,08122102236,08132745116,voice,267,0.0,2026-03-21 12:55:08,Yogyakarta,YOG-004,completed
3387,08123861273,08133171407,data,0,4872.0,2026-03-21 14:01:28,Yogyakarta,YOG-004,completed
3388,08124193747,08136146599,voice,288,0.0,2026-03-21 14:16:05,Bandung,BDG-003,completed
3389,08125737520,08132091000,voice,75,0.0,2026-03-21 17:41:55,Medan,MDN-003,completed
3390,08123502196,08132745116,voice,261,0.0,2026-03-21 17:49:06,Palembang,PLM-005,completed
3391,08127772864,08136054797,data,0,4195.0,2026-03-21 18:11:02,Surabaya,SBY-003,completed
3392,08123340178,08135677762,voice,678,0.0,2026-03-21 19:35:47,Bandung,BDG-002,completed
3393,08125737520,08132686161,voice,632,0.0,2026-03-21 21:04:53,Palembang,PLM-006,completed
3394,08125916355,08135108727,sms,0,0.0,2026-03-21 23:00:02,Surabaya,SBY-004,completed
3395,08126409986,08132904772,sms,0,0.0,2026-03-21 23:12:42,Balikpapan,BPN-002,completed
3396,08126781597,08132904772,voice,399,0.0,2026-03-22 00:01:50,Balikpapan,BPN-001,completed
3397,08124007520,08133617221,voice,576,0.0,2026-03-22 00:17:47,Makassar,MKS-003,completed
3398,08127129850,08133783250,data,0,2722.4,2026-03-22 00:50:40,Medan,MDN-006,completed
3399,08128310846,08131889916,voice,190,0.0,2026-03-22 01:33:33,Makassar,MKS-003,completed
3400,08126851078,08132745116,sms,0,0.0,2026-03-22 04:22:42,Palembang,PLM-004,completed
3401,08124193747,08137966871,voice,662,0.0,2026-03-22 07:54:44,Balikpapan,BPN-004,dropped
3402,08121040858,08138670118,voice,392,0.0,2026-03-22 08:26:25,Yogyakarta,YOG-003,completed
3403,08124007520,08135108727,voice,525,0.0,2026-03-22 08:28:44,Balikpapan,BPN-003,dropped
3404,08122534297,08131538795,voice,105,0.0,2026-03-22 08:57:44,Balikpapan,BPN-001,dropped
3405,08122480627,08131723779,sms,0,0.0,2026-03-22 09:13:44,Balikpapan,BPN-004,failed
3406,08122102236,08132546588,voice,660,0.0,2026-03-22 09:27:44,Balikpapan,BPN-006,failed
3407,08127129850,08132353532,data,0,113.0,2026-03-22 09:33:20,Balikpapan,BPN-002,completed
3408,08121291312,08137966871,data,0,874.5,2026-03-22 10:04:44,Balikpapan,BPN-001,failed
3409,08121291312,08132745116,voice,579,0.0,2026-03-22 10:13:44,Balikpapan,BPN-002,dropped
3410,08128310846,08138153511,voice,637,0.0,2026-03-22 10:14:44,Balikpapan,BPN-002,dropped
3411,08121078308,08135108727,data,0,1532.2,2026-03-22 10:23:44,Balikpapan,BPN-001,dropped
3412,08122480627,08139238095,data,0,4304.6,2026-03-22 10:30:44,Balikpapan,BPN-004,failed
3413,08122153038,08133783250,voice,522,0.0,2026-03-22 10:36:44,Balikpapan,BPN-003,failed
3414,08128809498,08138670118,voice,640,0.0,2026-03-22 10:52:44,Balikpapan,BPN-003,failed
3415,08123340178,08131889916,voice,600,0.0,2026-03-22 11:11:44,Balikpapan,BPN-003,failed
3416,08122102236,08138556704,voice,355,0.0,2026-03-22 11:13:44,Balikpapan,BPN-004,failed
3417,08123340178,08134492186,sms,0,0.0,2026-03-22 11:27:44,Balikpapan,BPN-002,dropped
3418,08122713684,08139238095,voice,80,0.0,2026-03-22 11:27:44,Balikpapan,BPN-001,dropped
3419,08123755069,08131369129,voice,113,0.0,2026-03-22 11:36:44,Balikpapan,BPN-004,dropped
3420,08123861273,08136054797,data,0,1241.7,2026-03-22 11:41:07,Balikpapan,BPN-003,completed
3421,08122102236,08131931137,data,0,4146.3,2026-03-22 11:50:44,Balikpapan,BPN-001,dropped
3422,08123741962,08139434563,voice,307,0.0,2026-03-22 11:51:31,Semarang,SMG-001,completed
3423,08122534297,08133550005,voice,70,0.0,2026-03-22 11:51:44,Balikpapan,BPN-004,dropped
3424,08122713684,08131278077,voice,48,0.0,2026-03-22 11:58:44,Balikpapan,BPN-001,dropped
3425,08123819221,08131140163,voice,555,0.0,2026-03-22 12:15:44,Balikpapan,BPN-004,dropped
3426,08127803551,08133783250,voice,687,0.0,2026-03-22 12:24:24,Medan,MDN-001,completed
3427,08128310846,08136475969,voice,377,0.0,2026-03-22 12:33:38,Balikpapan,BPN-002,completed
3428,08128682106,08132686161,voice,654,0.0,2026-03-22 12:41:44,Balikpapan,BPN-001,failed
3429,08124193747,08132310425,voice,452,0.0,2026-03-22 12:54:44,Balikpapan,BPN-002,dropped
3430,08122102236,08138245839,data,0,1841.7,2026-03-22 13:18:44,Balikpapan,BPN-002,dropped
3431,08122153038,08138120117,voice,658,0.0,2026-03-22 13:55:44,Balikpapan,BPN-006,dropped
3432,08126851078,08131369129,voice,48,0.0,2026-03-22 13:57:44,Balikpapan,BPN-003,failed
3433,08123010002,08138120117,data,0,690.4,2026-03-22 14:17:44,Balikpapan,BPN-006,dropped
3434,08122102236,08137966871,data,0,2536.8,2026-03-22 14:17:44,Balikpapan,BPN-002,dropped
3435,08121626747,08138153511,voice,499,0.0,2026-03-22 14:24:44,Balikpapan,BPN-004,dropped
3436,08129996828,08136146599,voice,417,0.0,2026-03-22 14:28:41,Balikpapan,BPN-001,completed
3437,08129282643,08131931137,voice,607,0.0,2026-03-22 14:40:26,Denpasar,DPS-006,completed
3438,08126351163,08131889916,sms,0,0.0,2026-03-22 14:48:39,Balikpapan,BPN-005,completed
3439,08125085916,08131312961,voice,201,0.0,2026-03-22 14:55:48,Semarang,SMG-002,completed
3440,08121078308,08133773951,data,0,3738.8,2026-03-22 14:59:43,Semarang,SMG-003,completed
3441,08129329387,08134116449,voice,177,0.0,2026-03-22 16:39:21,Jakarta,JKT-006,completed
3442,08122153038,08138153511,voice,514,0.0,2026-03-22 17:26:15,Balikpapan,BPN-005,completed
3443,08126851078,08132310425,voice,419,0.0,2026-03-22 18:09:33,Balikpapan,BPN-006,completed
3444,08121899899,08135528971,data,0,3814.5,2026-03-22 19:32:25,Surabaya,SBY-004,completed
3445,08127009027,08133171407,voice,391,0.0,2026-03-22 20:49:56,Surabaya,SBY-001,completed
3446,08122561951,08132546588,voice,704,0.0,2026-03-22 21:28:02,Surabaya,SBY-002,completed
3447,08122153038,08131595943,voice,518,0.0,2026-03-22 22:02:03,Yogyakarta,YOG-002,completed
3448,08123359932,08138120117,voice,33,0.0,2026-03-22 23:52:03,Semarang,SMG-004,completed
3449,08122153038,08134116449,data,0,1030.3,2026-03-23 02:37:25,Palembang,PLM-005,completed
3450,08126781597,08132310425,sms,0,0.0,2026-03-23 03:17:23,Surabaya,SBY-004,completed
3451,08129282643,08139434563,voice,245,0.0,2026-03-23 04:09:15,Surabaya,SBY-004,completed
3452,08129329387,08133773951,voice,74,0.0,2026-03-23 06:01:48,Bandung,BDG-005,completed
3453,08122480627,08132745116,voice,709,0.0,2026-03-23 09:06:20,Palembang,PLM-004,completed
3454,08121337099,08131312961,voice,265,0.0,2026-03-23 09:30:16,Surabaya,SBY-001,completed
3455,08123010002,08139238095,sms,0,0.0,2026-03-23 12:19:49,Palembang,PLM-003,completed
3456,08126851078,08131889916,sms,0,0.0,2026-03-23 14:52:54,Surabaya,SBY-004,completed
3457,08123359932,08133783250,sms,0,0.0,2026-03-23 17:35:13,Bandung,BDG-005,completed
3458,08123861273,08131931137,voice,34,0.0,2026-03-23 19:27:36,Balikpapan,BPN-006,completed
3459,08126409986,08134445123,data,0,4211.3,2026-03-23 23:22:45,Semarang,SMG-001,completed
3460,08123741962,08133783250,data,0,1340.4,2026-03-23 23:50:42,Medan,MDN-002,completed
3461,08128310846,08136475969,sms,0,0.0,2026-03-24 03:49:54,Bandung,BDG-005,completed
3462,08122561951,08131723779,sms,0,0.0,2026-03-24 05:15:29,Bandung,BDG-004,completed
3463,08121040858,08134116449,data,0,2376.8,2026-03-24 05:42:43,Surabaya,SBY-003,completed
3464,08122713684,08132904772,voice,338,0.0,2026-03-24 05:47:52,Yogyakarta,YOG-005,completed
3465,08122534297,08132745116,sms,0,0.0,2026-03-24 10:15:17,Denpasar,DPS-006,completed
3466,08122102236,08138670118,voice,199,0.0,2026-03-24 14:08:28,Makassar,MKS-001,completed
3467,08128682106,08138245839,sms,0,0.0,2026-03-24 14:18:43,Jakarta,JKT-001,completed
3468,08122102236,08131538795,voice,659,0.0,2026-03-24 14:34:59,Denpasar,DPS-003,completed
3469,08126781597,08136475969,voice,236,0.0,2026-03-24 14:44:36,Denpasar,DPS-006,completed
3470,08128682106,08132904772,data,0,4057.6,2026-03-24 14:45:09,Makassar,MKS-006,completed
3471,08127803551,08138153511,data,0,4073.9,2026-03-24 15:09:24,Yogyakarta,YOG-002,completed
3472,08128682106,08131931137,data,0,3139.2,2026-03-24 15:55:03,Makassar,MKS-006,completed
3473,08122102236,08136054797,voice,618,0.0,2026-03-24 19:47:37,Palembang,PLM-002,completed
3474,08123502196,08131889916,voice,45,0.0,2026-03-24 20:53:09,Semarang,SMG-004,completed
3475,08125916355,08135108727,sms,0,0.0,2026-03-24 20:53:59,Balikpapan,BPN-002,completed
3476,08122561951,08138556704,voice,679,0.0,2026-03-24 21:46:43,Balikpapan,BPN-004,completed
3477,08127009027,08132310425,sms,0,0.0,2026-03-24 22:45:42,Jakarta,JKT-001,completed
3478,08123727379,08131538795,voice,453,0.0,2026-03-25 02:18:46,Makassar,MKS-001,completed
3479,08127232704,08132160948,sms,0,0.0,2026-03-25 02:35:21,Bandung,BDG-005,completed
3480,08121626747,08139516217,voice,648,0.0,2026-03-25 05:09:59,Yogyakarta,YOG-004,completed
3481,08126851078,08134400368,voice,652,0.0,2026-03-25 10:24:46,Yogyakarta,YOG-006,completed
3482,08128753866,08138120117,voice,163,0.0,2026-03-25 11:23:34,Palembang,PLM-006,completed
3483,08123819221,08131931137,sms,0,0.0,2026-03-25 11:32:21,Semarang,SMG-001,completed
3484,08123340178,08134141852,sms,0,0.0,2026-03-25 12:01:25,Surabaya,SBY-006,completed
3485,08126409986,08131369129,voice,106,0.0,2026-03-25 13:24:13,Makassar,MKS-001,completed
3486,08122561951,08134445123,data,0,3602.4,2026-03-25 14:32:31,Medan,MDN-001,completed
3487,08128682106,08138153511,data,0,4532.2,2026-03-25 14:33:27,Surabaya,SBY-003,completed
3488,08122561951,08131723779,data,0,4213.7,2026-03-25 15:35:11,Surabaya,SBY-004,completed
3489,08123741962,08139516217,voice,98,0.0,2026-03-25 16:12:47,Yogyakarta,YOG-005,completed
3490,08125916355,08134086463,data,0,2289.8,2026-03-25 17:06:30,Denpasar,DPS-006,completed
3491,08126781597,08136475969,voice,640,0.0,2026-03-25 20:11:56,Bandung,BDG-003,completed
3492,08123010002,08139434563,voice,245,0.0,2026-03-25 20:42:31,Jakarta,JKT-005,completed
3493,08121040858,08132310425,voice,334,0.0,2026-03-25 23:25:19,Bandung,BDG-002,completed
3494,08124007520,08135677762,voice,430,0.0,2026-03-26 00:30:46,Semarang,SMG-002,completed
3495,08121078308,08137966871,sms,0,0.0,2026-03-26 01:47:33,Palembang,PLM-002,completed
3496,08129221446,08132310425,sms,0,0.0,2026-03-26 01:47:40,Makassar,MKS-004,completed
3497,08129373756,08133617221,data,0,3125.2,2026-03-26 02:36:21,Medan,MDN-004,completed
3498,08129329387,08131931137,sms,0,0.0,2026-03-26 03:31:32,Palembang,PLM-003,completed
3499,08128310846,08133773951,voice,47,0.0,2026-03-26 03:44:14,Medan,MDN-005,completed
3500,08129373756,08134400368,data,0,1893.2,2026-03-26 06:25:32,Bandung,BDG-003,completed
3501,08129996828,08132353532,data,0,413.5,2026-03-26 11:36:26,Makassar,MKS-006,completed
3502,08127232704,08134116449,voice,68,0.0,2026-03-26 12:05:49,Yogyakarta,YOG-003,completed
3503,08125085916,08139516217,voice,84,0.0,2026-03-26 12:36:19,Palembang,PLM-005,completed
3504,08129373756,08134309599,data,0,4573.1,2026-03-26 15:22:10,Bandung,BDG-001,completed
3505,08125737520,08132091000,sms,0,0.0,2026-03-26 15:54:37,Semarang,SMG-005,completed
3506,08128753866,08139516217,data,0,3781.1,2026-03-26 18:00:02,Balikpapan,BPN-001,completed
3507,08126781597,08131312961,data,0,2897.9,2026-03-26 20:49:19,Yogyakarta,YOG-001,completed
3508,08121337099,08132160948,data,0,3231.9,2026-03-26 22:13:59,Balikpapan,BPN-001,completed
3509,08123340178,08134086463,data,0,3945.0,2026-03-26 22:31:31,Palembang,PLM-004,completed
3510,08122713684,08131931137,sms,0,0.0,2026-03-26 22:39:44,Denpasar,DPS-006,completed
3511,08121291312,08132145049,sms,0,0.0,2026-03-26 22:52:00,Denpasar,DPS-004,completed
3512,08129221446,08136054797,voice,612,0.0,2026-03-27 01:18:22,Surabaya,SBY-006,completed
3513,08127232704,08131723779,voice,514,0.0,2026-03-27 01:22:34,Denpasar,DPS-001,completed
3514,08123502196,08133550005,data,0,945.0,2026-03-27 04:06:36,Denpasar,DPS-004,completed
3515,08122713684,08138245839,data,0,2158.9,2026-03-27 09:02:27,Balikpapan,BPN-001,completed
3516,08126351163,08139238095,data,0,454.6,2026-03-27 09:51:05,Denpasar,DPS-004,completed
3517,08126705235,08132091000,voice,167,0.0,2026-03-27 10:50:25,Surabaya,SBY-002,completed
3518,08121899899,08136179863,data,0,3446.6,2026-03-27 16:15:31,Yogyakarta,YOG-005,completed
3519,08127232704,08134141852,data,0,1288.8,2026-03-27 16:31:00,Medan,MDN-001,completed
3520,08121899899,08137966871,voice,235,0.0,2026-03-27 18:05:44,Medan,MDN-001,completed
3521,08123010002,08132745116,data,0,1878.9,2026-03-27 18:18:29,Medan,MDN-003,completed
3522,08126351163,08132160948,sms,0,0.0,2026-03-27 18:27:46,Surabaya,SBY-002,completed
3523,08123755069,08136475969,sms,0,0.0,2026-03-27 18:52:41,Medan,MDN-006,completed
3524,08125916355,08135528971,voice,515,0.0,2026-03-27 20:10:27,Semarang,SMG-004,completed
3525,08128682106,08137966871,data,0,1238.8,2026-03-27 22:11:34,Yogyakarta,YOG-005,completed
3526,08123741962,08131411328,sms,0,0.0,2026-03-27 22:17:44,Palembang,PLM-005,completed
3527,08127603074,08135677762,voice,279,0.0,2026-03-28 00:12:49,Jakarta,JKT-005,completed
3528,08122102236,08135108727,voice,135,0.0,2026-03-28 01:32:26,Palembang,PLM-005,completed
3529,08121626747,08131312961,voice,382,0.0,2026-03-28 04:56:58,Bandung,BDG-004,completed
3530,08125085916,08139238095,sms,0,0.0,2026-03-28 05:29:58,Palembang,PLM-004,completed
3531,08128682106,08136054797,data,0,269.0,2026-03-28 06:58:22,Jakarta,JKT-002,completed
3532,08128310846,08132160948,voice,187,0.0,2026-03-28 09:43:17,Jakarta,JKT-001,completed
3533,08122153038,08138120117,sms,0,0.0,2026-03-28 10:37:25,Balikpapan,BPN-005,completed
3534,08121078308,08131723779,voice,680,0.0,2026-03-28 11:19:30,Palembang,PLM-001,completed
3535,08128310846,08132546588,sms,0,0.0,2026-03-28 14:23:31,Surabaya,SBY-001,completed
3536,08122153038,08131595943,data,0,3506.4,2026-03-28 14:48:49,Palembang,PLM-002,completed
3537,08127603074,08132353532,voice,540,0.0,2026-03-28 15:43:39,Jakarta,JKT-001,completed
3538,08121078308,08137966871,voice,235,0.0,2026-03-28 16:47:34,Denpasar,DPS-004,completed
3539,08121899899,08131595943,data,0,4139.9,2026-03-28 18:07:04,Surabaya,SBY-005,completed
3540,08125085916,08132091000,voice,581,0.0,2026-03-28 18:54:47,Bandung,BDG-004,completed
3541,08126705235,08133773951,data,0,388.7,2026-03-28 22:06:21,Surabaya,SBY-003,completed
3542,08123502196,08135256740,data,0,2446.7,2026-03-28 23:54:54,Palembang,PLM-002,completed
3543,08127603074,08133783250,sms,0,0.0,2026-03-29 04:41:54,Denpasar,DPS-006,completed
3544,08124028773,08132091000,voice,447,0.0,2026-03-29 04:59:06,Palembang,PLM-002,completed
3545,08126705235,08138670118,data,0,2326.1,2026-03-29 05:31:04,Palembang,PLM-006,completed
3546,08127009027,08132310425,voice,526,0.0,2026-03-29 06:43:09,Semarang,SMG-005,completed
3547,08121078308,08136054797,voice,359,0.0,2026-03-29 06:53:02,Yogyakarta,YOG-002,completed
3548,08129282643,08134309599,data,0,913.7,2026-03-29 07:59:06,Semarang,SMG-003,completed
3549,08128310846,08134141852,voice,522,0.0,2026-03-29 08:22:09,Semarang,SMG-004,completed
3550,08121899899,08136757515,voice,402,0.0,2026-03-29 11:03:40,Surabaya,SBY-005,completed
3551,08127772864,08138556704,voice,563,0.0,2026-03-29 12:44:21,Semarang,SMG-006,completed
3552,08127603074,08132160948,data,0,3122.2,2026-03-29 13:51:17,Surabaya,SBY-001,completed
3553,08122561951,08131278077,data,0,108.3,2026-03-29 14:30:23,Jakarta,JKT-005,completed
3554,08126351163,08132145049,voice,356,0.0,2026-03-29 15:21:11,Balikpapan,BPN-004,completed
3555,08126351163,08134492186,voice,121,0.0,2026-03-29 17:31:43,Denpasar,DPS-001,completed
3556,08127772864,08135256740,voice,634,0.0,2026-03-29 17:33:45,Balikpapan,BPN-001,completed
3557,08125085916,08135108727,voice,697,0.0,2026-03-29 19:42:21,Yogyakarta,YOG-005,completed
3558,08126781597,08131538795,voice,697,0.0,2026-03-29 21:33:57,Surabaya,SBY-004,completed
3559,08123359932,08133550005,data,0,2931.3,2026-03-29 23:42:26,Denpasar,DPS-006,completed
3560,08126409986,08131369129,voice,246,0.0,2026-03-30 00:43:39,Denpasar,DPS-004,completed
3561,08129996828,08131369129,voice,51,0.0,2026-03-30 00:44:41,Balikpapan,BPN-005,completed
3562,08128682106,08139238095,voice,498,0.0,2026-03-30 01:11:06,Surabaya,SBY-004,completed
3563,08124028773,08133171407,sms,0,0.0,2026-03-30 01:45:52,Medan,MDN-003,completed
3564,08123755069,08131723779,voice,565,0.0,2026-03-30 01:47:43,Surabaya,SBY-003,completed
3565,08129329387,08139434563,voice,564,0.0,2026-03-30 02:41:47,Bandung,BDG-001,completed
3566,08127772864,08136054797,sms,0,0.0,2026-03-30 07:21:30,Denpasar,DPS-004,completed
3567,08122102236,08132904772,sms,0,0.0,2026-03-30 08:58:53,Denpasar,DPS-005,completed
3568,08126851078,08135528971,data,0,4700.4,2026-03-30 09:31:51,Surabaya,SBY-004,completed
3569,08123010002,08131889916,voice,342,0.0,2026-03-30 10:52:03,Balikpapan,BPN-001,completed
3570,08128809498,08135528971,voice,207,0.0,2026-03-30 12:43:00,Makassar,MKS-003,completed
3571,08129996828,08134116449,data,0,3993.7,2026-03-30 14:19:17,Semarang,SMG-004,completed
3572,08128809498,08133773951,voice,170,0.0,2026-03-30 16:41:49,Makassar,MKS-003,completed
3573,08121040858,08134086463,sms,0,0.0,2026-03-30 19:34:08,Surabaya,SBY-003,completed
3574,08122561951,08134400368,sms,0,0.0,2026-03-30 20:04:03,Medan,MDN-005,completed
3575,08128310846,08134492186,voice,381,0.0,2026-03-30 20:06:57,Jakarta,JKT-003,completed
3576,08122153038,08136054797,data,0,3353.8,2026-03-30 20:44:43,Balikpapan,BPN-006,completed
3577,08122480627,08134400368,data,0,1821.6,2026-03-30 20:58:47,Balikpapan,BPN-002,completed
3578,08123359932,08134116449,voice,718,0.0,2026-03-30 21:19:32,Balikpapan,BPN-006,completed
3579,08123340178,08132904772,voice,390,0.0,2026-03-30 21:30:03,Semarang,SMG-002,completed
3580,08127772864,08136054797,data,0,4065.0,2026-03-30 21:33:02,Jakarta,JKT-001,completed
3581,08124028773,08136475969,data,0,1589.5,2026-03-31 02:00:37,Denpasar,DPS-003,completed
3582,08125085916,08132686161,data,0,2177.6,2026-03-31 03:30:20,Medan,MDN-004,completed
3583,08126781597,08132904772,voice,75,0.0,2026-03-31 04:32:50,Denpasar,DPS-005,completed
3584,08124028773,08134116449,voice,74,0.0,2026-03-31 04:48:56,Makassar,MKS-001,completed
3585,08124007520,08137966871,voice,68,0.0,2026-03-31 05:14:18,Bandung,BDG-006,completed
3586,08125737520,08135108727,voice,314,0.0,2026-03-31 06:05:06,Makassar,MKS-004,completed
3587,08127803551,08131140163,voice,230,0.0,2026-03-31 06:18:59,Balikpapan,BPN-002,completed
3588,08123722577,08136179863,sms,0,0.0,2026-03-31 08:48:13,Yogyakarta,YOG-002,completed
3589,08122153038,08138120117,voice,601,0.0,2026-03-31 11:35:58,Balikpapan,BPN-004,completed
3590,08123502196,08131312961,data,0,2753.2,2026-03-31 12:06:53,Surabaya,SBY-006,completed
3591,08121291312,08136757515,data,0,3051.0,2026-03-31 12:16:55,Bandung,BDG-006,completed
3592,08125916355,08131369129,data,0,2212.5,2026-03-31 12:21:08,Jakarta,JKT-003,completed
3593,08128310846,08132353532,voice,639,0.0,2026-03-31 13:50:01,Makassar,MKS-006,completed
3594,08123755069,08131723779,voice,504,0.0,2026-03-31 14:10:27,Palembang,PLM-004,completed
3595,08129152462,08136179863,voice,223,0.0,2026-03-31 14:49:04,Yogyakarta,YOG-003,completed
3596,08121476478,08135108727,sms,0,0.0,2026-03-31 16:16:15,Makassar,MKS-003,completed
3597,08128753866,08138556704,voice,652,0.0,2026-03-31 18:53:28,Denpasar,DPS-006,completed
3598,08126705235,08131931137,voice,646,0.0,2026-03-31 18:57:39,Yogyakarta,YOG-004,completed
3599,08122102236,08131369129,voice,550,0.0,2026-03-31 19:07:27,Makassar,MKS-006,completed
3600,08121899899,08131278077,data,0,1534.5,2026-03-31 19:39:09,Yogyakarta,YOG-002,completed
3601,08123861273,08131538795,voice,639,0.0,2026-03-31 20:05:55,Bandung,BDG-004,completed
3602,08126351163,08133617221,voice,124,0.0,2026-03-31 21:18:40,Semarang,SMG-002,completed
3603,08129996828,08134445123,sms,0,0.0,2026-04-01 00:19:57,Denpasar,DPS-005,completed
3604,08129373756,08132160948,data,0,793.6,2026-04-01 01:22:21,Jakarta,JKT-001,completed
3605,08128310846,08131369129,voice,525,0.0,2026-04-01 03:28:12,Denpasar,DPS-004,failed
3606,08125085916,08136054797,sms,0,0.0,2026-04-01 03:29:12,Denpasar,DPS-002,dropped
3607,08129329387,08133783250,voice,707,0.0,2026-04-01 04:22:12,Denpasar,DPS-001,dropped
3608,08123741962,08132686161,voice,518,0.0,2026-04-01 04:53:01,Palembang,PLM-002,completed
3609,08128310846,08135108727,data,0,3926.9,2026-04-01 05:04:12,Denpasar,DPS-002,dropped
3610,08121337099,08132745116,voice,24,0.0,2026-04-01 05:15:51,Yogyakarta,YOG-004,completed
3611,08129221446,08134116449,data,0,4925.7,2026-04-01 05:18:12,Denpasar,DPS-001,dropped
3612,08126351163,08139434563,sms,0,0.0,2026-04-01 05:25:12,Denpasar,DPS-005,dropped
3613,08121899899,08134141852,voice,194,0.0,2026-04-01 05:29:32,Bandung,BDG-004,completed
3614,08127772864,08135528971,data,0,1712.8,2026-04-01 05:44:12,Denpasar,DPS-003,dropped
3615,08128809498,08134141852,voice,307,0.0,2026-04-01 06:10:12,Denpasar,DPS-001,dropped
3616,08123010002,08132091000,data,0,4583.8,2026-04-01 06:26:12,Denpasar,DPS-004,failed
3617,08123727379,08131538795,voice,505,0.0,2026-04-01 06:30:00,Medan,MDN-006,completed
3618,08126409986,08136475969,data,0,2656.0,2026-04-01 06:31:00,Bandung,BDG-001,completed
3619,08122153038,08136757515,voice,254,0.0,2026-04-01 06:35:29,Medan,MDN-005,completed
3620,08127009027,08136444787,data,0,421.0,2026-04-01 06:40:12,Denpasar,DPS-002,dropped
3621,08128753866,08132353532,data,0,2378.3,2026-04-01 06:47:04,Surabaya,SBY-003,completed
3622,08126409986,08136146599,voice,627,0.0,2026-04-01 06:54:12,Denpasar,DPS-003,dropped
3623,08122480627,08133171407,voice,470,0.0,2026-04-01 06:58:11,Denpasar,DPS-001,completed
3624,08127603074,08139434563,voice,473,0.0,2026-04-01 06:59:12,Denpasar,DPS-005,dropped
3625,08126409986,08135677762,voice,105,0.0,2026-04-01 07:05:12,Denpasar,DPS-006,failed
3626,08129152462,08134086463,voice,383,0.0,2026-04-01 07:08:56,Jakarta,JKT-006,completed
3627,08129282643,08132145049,voice,406,0.0,2026-04-01 07:31:12,Denpasar,DPS-006,failed
3628,08128753866,08135677762,voice,154,0.0,2026-04-01 07:44:15,Semarang,SMG-002,completed
3629,08123755069,08135256740,voice,677,0.0,2026-04-01 07:49:12,Denpasar,DPS-004,failed
3630,08127603074,08138245839,voice,275,0.0,2026-04-01 07:53:12,Denpasar,DPS-004,failed
3631,08123861273,08138120117,sms,0,0.0,2026-04-01 08:03:12,Denpasar,DPS-002,dropped
3632,08129329387,08132353532,voice,280,0.0,2026-04-01 08:22:12,Denpasar,DPS-004,dropped
3633,08121899899,08131595943,voice,205,0.0,2026-04-01 08:25:12,Denpasar,DPS-002,dropped
3634,08123722577,08137966871,voice,357,0.0,2026-04-01 08:30:12,Denpasar,DPS-002,dropped
3635,08123340178,08134116449,sms,0,0.0,2026-04-01 09:17:12,Denpasar,DPS-006,dropped
3636,08121626747,08138120117,voice,662,0.0,2026-04-01 09:41:35,Jakarta,JKT-006,completed
3637,08129152462,08134086463,voice,151,0.0,2026-04-01 10:22:12,Denpasar,DPS-004,failed
3638,08125916355,08133550005,data,0,1307.0,2026-04-01 10:34:37,Palembang,PLM-006,completed
3639,08123755069,08135256740,voice,245,0.0,2026-04-01 13:10:17,Medan,MDN-005,completed
3640,08127009027,08132160948,data,0,2476.8,2026-04-01 19:47:40,Yogyakarta,YOG-001,completed
3641,08123502196,08131723779,voice,242,0.0,2026-04-01 20:01:24,Palembang,PLM-004,completed
3642,08123340178,08136179863,voice,540,0.0,2026-04-01 20:42:55,Makassar,MKS-006,completed
3643,08127803551,08136444787,voice,456,0.0,2026-04-02 05:57:05,Makassar,MKS-005,completed
3644,08125085916,08138670118,sms,0,0.0,2026-04-02 06:22:56,Denpasar,DPS-004,completed
3645,08125085916,08139434563,voice,196,0.0,2026-04-02 08:10:41,Makassar,MKS-005,completed
3646,08123819221,08135528971,voice,206,0.0,2026-04-02 08:36:25,Balikpapan,BPN-004,completed
3647,08121040858,08139434563,data,0,4262.7,2026-04-02 09:47:59,Denpasar,DPS-006,completed
3648,08128310846,08133773951,voice,603,0.0,2026-04-02 11:17:05,Bandung,BDG-002,completed
3649,08124007520,08134492186,voice,536,0.0,2026-04-02 13:18:41,Yogyakarta,YOG-001,completed
3650,08122713684,08132686161,voice,136,0.0,2026-04-02 13:21:16,Balikpapan,BPN-003,completed
3651,08129221446,08135528971,sms,0,0.0,2026-04-02 13:53:00,Makassar,MKS-002,completed
3652,08127232704,08136146599,voice,397,0.0,2026-04-02 15:12:47,Surabaya,SBY-006,completed
3653,08128310846,08133550005,voice,472,0.0,2026-04-02 15:28:56,Denpasar,DPS-006,completed
3654,08125085916,08135108727,sms,0,0.0,2026-04-02 16:23:38,Jakarta,JKT-005,completed
3655,08121626747,08139238095,data,0,1623.5,2026-04-02 17:52:10,Semarang,SMG-006,completed
3656,08127009027,08134116449,data,0,1516.3,2026-04-02 20:56:24,Makassar,MKS-004,completed
3657,08124007520,08132310425,voice,427,0.0,2026-04-03 03:21:07,Jakarta,JKT-002,completed
3658,08123819221,08134141852,data,0,3509.7,2026-04-03 04:02:26,Denpasar,DPS-006,completed
3659,08126851078,08132745116,sms,0,0.0,2026-04-03 06:05:05,Semarang,SMG-004,completed
3660,08121040858,08137966871,data,0,3628.1,2026-04-03 08:05:56,Jakarta,JKT-004,completed
3661,08121291312,08134492186,voice,263,0.0,2026-04-03 09:32:06,Yogyakarta,YOG-005,completed
3662,08121291312,08133617221,data,0,2329.1,2026-04-03 10:29:47,Medan,MDN-004,completed
3663,08121291312,08135108727,data,0,3923.4,2026-04-03 15:59:45,Semarang,SMG-006,completed
3664,08128809498,08138670118,data,0,2077.2,2026-04-03 16:44:37,Palembang,PLM-004,completed
3665,08123861273,08132353532,data,0,3728.3,2026-04-03 16:48:48,Surabaya,SBY-004,completed
3666,08126409986,08139238095,voice,394,0.0,2026-04-03 18:11:34,Denpasar,DPS-003,completed
3667,08121291312,08134116449,voice,77,0.0,2026-04-03 18:16:22,Semarang,SMG-004,completed
3668,08124007520,08133617221,voice,472,0.0,2026-04-03 18:23:17,Bandung,BDG-004,completed
3669,08125085916,08139238095,voice,301,0.0,2026-04-03 21:03:31,Palembang,PLM-004,completed
3670,08128753866,08135108727,voice,226,0.0,2026-04-04 01:49:05,Surabaya,SBY-001,completed
3671,08129282643,08135677762,voice,572,0.0,2026-04-04 05:40:44,Denpasar,DPS-003,completed
3672,08122534297,08132310425,voice,149,0.0,2026-04-04 11:33:45,Yogyakarta,YOG-001,completed
3673,08124007520,08136179863,voice,373,0.0,2026-04-04 13:07:40,Denpasar,DPS-002,completed
3674,08129329387,08136146599,data,0,3626.1,2026-04-04 15:09:32,Balikpapan,BPN-003,completed
3675,08126409986,08134141852,voice,636,0.0,2026-04-04 16:02:33,Makassar,MKS-001,completed
3676,08123010002,08134445123,voice,45,0.0,2026-04-04 16:34:33,Jakarta,JKT-006,completed
3677,08129373756,08133171407,voice,400,0.0,2026-04-04 18:00:27,Semarang,SMG-006,completed
3678,08125916355,08136444787,data,0,2663.8,2026-04-04 18:34:46,Bandung,BDG-002,completed
3679,08123819221,08138120117,voice,198,0.0,2026-04-04 19:58:17,Surabaya,SBY-005,completed
3680,08129373756,08131312961,voice,332,0.0,2026-04-04 21:20:50,Bandung,BDG-005,completed
3681,08123359932,08133617221,data,0,1620.6,2026-04-05 01:13:11,Balikpapan,BPN-001,completed
3682,08126851078,08132091000,voice,410,0.0,2026-04-05 02:31:14,Bandung,BDG-004,completed
3683,08123727379,08134086463,sms,0,0.0,2026-04-05 02:38:27,Medan,MDN-002,completed
3684,08127232704,08135108727,voice,255,0.0,2026-04-05 02:46:51,Surabaya,SBY-004,completed
3685,08129282643,08131538795,voice,715,0.0,2026-04-05 05:04:17,Bandung,BDG-006,completed
3686,08125916355,08131312961,voice,255,0.0,2026-04-05 11:28:42,Balikpapan,BPN-003,completed
3687,08122153038,08134086463,voice,208,0.0,2026-04-05 13:55:21,Yogyakarta,YOG-002,completed
3688,08126351163,08134492186,voice,133,0.0,2026-04-05 14:39:02,Denpasar,DPS-002,completed
3689,08127803551,08134309599,data,0,2838.8,2026-04-05 15:38:22,Makassar,MKS-001,completed
3690,08125916355,08139238095,data,0,3242.9,2026-04-05 16:25:27,Denpasar,DPS-006,completed
3691,08123861273,08131312961,voice,159,0.0,2026-04-05 21:22:12,Denpasar,DPS-002,completed
3692,08123502196,08139516217,data,0,3277.1,2026-04-05 21:57:23,Semarang,SMG-005,completed
3693,08124028773,08136179863,voice,498,0.0,2026-04-05 22:08:34,Medan,MDN-006,completed
3694,08129373756,08134116449,data,0,78.9,2026-04-06 00:24:13,Makassar,MKS-004,completed
3695,08122713684,08131889916,voice,179,0.0,2026-04-06 01:51:02,Bandung,BDG-004,failed
3696,08121899899,08138670118,data,0,2628.8,2026-04-06 02:58:02,Bandung,BDG-003,failed
3697,08126409986,08135256740,voice,307,0.0,2026-04-06 04:04:32,Jakarta,JKT-001,dropped
3698,08123755069,08138670118,voice,203,0.0,2026-04-06 04:16:02,Bandung,BDG-004,failed
3699,08121040858,08131312961,data,0,3187.1,2026-04-06 04:25:02,Bandung,BDG-002,dropped
3700,08129221446,08139238095,sms,0,0.0,2026-04-06 04:45:57,Surabaya,SBY-001,completed
3701,08124007520,08134086463,voice,178,0.0,2026-04-06 05:22:02,Bandung,BDG-002,dropped
3702,08121476478,08132145049,voice,677,0.0,2026-04-06 05:29:32,Jakarta,JKT-002,failed
3703,08124028773,08135108727,voice,67,0.0,2026-04-06 05:59:02,Bandung,BDG-001,dropped
3704,08124028773,08135256740,voice,522,0.0,2026-04-06 06:13:02,Bandung,BDG-006,dropped
3705,08127772864,08139434563,voice,55,0.0,2026-04-06 06:23:13,Palembang,PLM-001,completed
3706,08122713684,08132091000,data,0,1821.5,2026-04-06 06:27:32,Jakarta,JKT-002,dropped
3707,08129152462,08134086463,voice,163,0.0,2026-04-06 06:32:46,Surabaya,SBY-006,completed
3708,08123755069,08136054797,data,0,4579.1,2026-04-06 06:36:02,Bandung,BDG-005,failed
3709,08129282643,08132686161,data,0,4314.0,2026-04-06 06:47:02,Bandung,BDG-005,failed
3710,08121337099,08131889916,voice,630,0.0,2026-04-06 06:49:32,Jakarta,JKT-001,dropped
3711,08121626747,08138670118,voice,195,0.0,2026-04-06 06:59:02,Bandung,BDG-004,failed
3712,08126851078,08133783250,voice,700,0.0,2026-04-06 07:07:02,Bandung,BDG-001,dropped
3713,08121291312,08138556704,sms,0,0.0,2026-04-06 07:19:02,Bandung,BDG-002,dropped
3714,08126851078,08134116449,voice,82,0.0,2026-04-06 07:29:02,Bandung,BDG-002,failed
3715,08128310846,08138245839,voice,134,0.0,2026-04-06 07:54:02,Bandung,BDG-001,dropped
3716,08126851078,08138120117,data,0,4865.8,2026-04-06 07:55:02,Bandung,BDG-001,dropped
3717,08126351163,08132353532,data,0,2161.8,2026-04-06 07:59:02,Bandung,BDG-002,dropped
3718,08123340178,08134086463,voice,136,0.0,2026-04-06 08:01:02,Bandung,BDG-006,dropped
3719,08129329387,08132145049,sms,0,0.0,2026-04-06 08:02:32,Jakarta,JKT-002,dropped
3720,08129996828,08135677762,data,0,3937.4,2026-04-06 08:04:02,Bandung,BDG-004,failed
3721,08121337099,08138153511,voice,355,0.0,2026-04-06 08:10:32,Jakarta,JKT-002,dropped
3722,08122561951,08138153511,voice,219,0.0,2026-04-06 08:21:02,Bandung,BDG-004,failed
3723,08129373756,08133617221,voice,202,0.0,2026-04-06 08:23:02,Bandung,BDG-004,failed
3724,08122480627,08131312961,data,0,3911.6,2026-04-06 08:23:32,Jakarta,JKT-004,failed
3725,08125916355,08131411328,voice,43,0.0,2026-04-06 08:29:02,Bandung,BDG-001,dropped
3726,08127009027,08139434563,sms,0,0.0,2026-04-06 08:36:32,Jakarta,JKT-002,dropped
3727,08121476478,08134309599,data,0,3071.5,2026-04-06 08:41:32,Jakarta,JKT-003,failed
3728,08123755069,08132546588,voice,504,0.0,2026-04-06 08:44:02,Bandung,BDG-002,dropped
3729,08125916355,08135528971,data,0,3147.2,2026-04-06 08:44:32,Jakarta,JKT-001,dropped
3730,08123359932,08132904772,voice,653,0.0,2026-04-06 08:49:32,Jakarta,JKT-001,dropped
3731,08125085916,08132686161,voice,66,0.0,2026-04-06 08:51:02,Bandung,BDG-001,dropped
3732,08123741962,08133773951,voice,285,0.0,2026-04-06 08:54:32,Jakarta,JKT-001,dropped
3733,08129152462,08132160948,voice,468,0.0,2026-04-06 08:55:02,Bandung,BDG-001,dropped
3734,08122713684,08134141852,voice,361,0.0,2026-04-06 08:55:02,Bandung,BDG-001,dropped
3735,08126851078,08136054797,voice,251,0.0,2026-04-06 08:56:02,Bandung,BDG-003,failed
3736,08123741962,08132745116,voice,264,0.0,2026-04-06 09:00:02,Bandung,BDG-002,dropped
3737,08126781597,08138670118,voice,669,0.0,2026-04-06 09:05:32,Jakarta,JKT-001,dropped
3738,08126781597,08136444787,data,0,2703.4,2026-04-06 09:08:32,Jakarta,JKT-002,dropped
3739,08121078308,08137966871,voice,159,0.0,2026-04-06 09:16:02,Bandung,BDG-001,dropped
3740,08129282643,08132904772,voice,250,0.0,2026-04-06 09:23:02,Bandung,BDG-004,dropped
3741,08127803551,08136054797,data,0,3413.1,2026-04-06 09:26:05,Medan,MDN-005,completed
3742,08127803551,08135256740,sms,0,0.0,2026-04-06 09:29:32,Jakarta,JKT-003,failed
3743,08123340178,08135677762,sms,0,0.0,2026-04-06 09:32:32,Jakarta,JKT-003,failed
3744,08123727379,08135256740,voice,89,0.0,2026-04-06 09:42:32,Jakarta,JKT-004,failed
3745,08129329387,08135677762,voice,415,0.0,2026-04-06 09:48:32,Jakarta,JKT-004,failed
3746,08121291312,08138670118,voice,347,0.0,2026-04-06 09:50:32,Jakarta,JKT-003,failed
3747,08122561951,08131278077,sms,0,0.0,2026-04-06 10:00:32,Palembang,PLM-005,completed
3748,08123819221,08136179863,voice,306,0.0,2026-04-06 10:05:02,Bandung,BDG-001,dropped
3749,08127772864,08133773951,voice,91,0.0,2026-04-06 10:07:02,Bandung,BDG-003,failed
3750,08127603074,08135677762,sms,0,0.0,2026-04-06 10:10:32,Jakarta,JKT-002,dropped
3751,08122534297,08132310425,voice,475,0.0,2026-04-06 10:23:02,Bandung,BDG-003,dropped
3752,08124007520,08136444787,voice,675,0.0,2026-04-06 10:32:32,Jakarta,JKT-002,dropped
3753,08121476478,08135677762,voice,469,0.0,2026-04-06 10:33:02,Bandung,BDG-006,dropped
3754,08122561951,08134141852,sms,0,0.0,2026-04-06 10:40:02,Bandung,BDG-002,dropped
3755,08121040858,08131140163,voice,493,0.0,2026-04-06 10:51:32,Jakarta,JKT-001,dropped
3756,08122102236,08133617221,voice,406,0.0,2026-04-06 10:53:32,Jakarta,JKT-006,dropped
3757,08124193747,08132145049,data,0,1666.6,2026-04-06 10:53:32,Jakarta,JKT-002,dropped
3758,08129373756,08131538795,voice,434,0.0,2026-04-06 11:05:02,Bandung,BDG-004,failed
3759,08127803551,08132310425,voice,275,0.0,2026-04-06 11:08:32,Jakarta,JKT-005,failed
3760,08128310846,08132310425,data,0,1355.3,2026-04-06 11:17:02,Bandung,BDG-003,failed
3761,08129221446,08133550005,voice,353,0.0,2026-04-06 11:33:32,Jakarta,JKT-002,dropped
3762,08126351163,08135256740,sms,0,0.0,2026-04-06 11:36:32,Jakarta,JKT-002,dropped
3763,08122153038,08136054797,sms,0,0.0,2026-04-06 12:44:02,Bandung,BDG-001,dropped
3764,08129373756,08133773951,data,0,4133.2,2026-04-06 13:10:02,Bandung,BDG-001,dropped
3765,08121626747,08132546588,sms,0,0.0,2026-04-06 14:06:32,Jakarta,JKT-006,dropped
3766,08127603074,08132310425,voice,539,0.0,2026-04-06 14:59:38,Makassar,MKS-002,completed
3767,08124007520,08132310425,data,0,1584.5,2026-04-06 15:56:07,Bandung,BDG-005,completed
3768,08129152462,08131931137,voice,610,0.0,2026-04-06 19:43:58,Balikpapan,BPN-003,completed
3769,08129329387,08132160948,data,0,395.7,2026-04-06 22:57:25,Denpasar,DPS-002,completed
3770,08121626747,08139434563,data,0,335.9,2026-04-07 00:23:22,Denpasar,DPS-005,completed
3771,08127803551,08132310425,voice,442,0.0,2026-04-07 02:38:05,Makassar,MKS-006,completed
3772,08127009027,08139516217,voice,550,0.0,2026-04-07 03:46:40,Surabaya,SBY-006,completed
3773,08121476478,08135108727,voice,438,0.0,2026-04-07 04:06:34,Jakarta,JKT-003,completed
3774,08127772864,08134086463,sms,0,0.0,2026-04-07 06:31:44,Balikpapan,BPN-003,completed
3775,08122480627,08136475969,data,0,954.9,2026-04-07 07:02:55,Jakarta,JKT-004,completed
3776,08125085916,08134141852,data,0,1163.0,2026-04-07 07:19:44,Makassar,MKS-004,completed
3777,08123010002,08132091000,voice,304,0.0,2026-04-07 07:28:32,Bandung,BDG-001,completed
3778,08126781597,08132745116,data,0,51.6,2026-04-07 07:51:55,Jakarta,JKT-004,completed
3779,08129373756,08135108727,voice,179,0.0,2026-04-07 07:58:46,Medan,MDN-004,completed
3780,08123741962,08136475969,voice,430,0.0,2026-04-07 08:08:53,Medan,MDN-001,completed
3781,08129282643,08139238095,sms,0,0.0,2026-04-07 08:17:34,Jakarta,JKT-004,completed
3782,08121476478,08136475969,sms,0,0.0,2026-04-07 08:49:49,Surabaya,SBY-006,completed
3783,08124028773,08131312961,voice,285,0.0,2026-04-07 08:56:32,Yogyakarta,YOG-003,completed
3784,08122534297,08137966871,voice,590,0.0,2026-04-07 09:20:36,Surabaya,SBY-005,completed
3785,08126351163,08138245839,voice,387,0.0,2026-04-07 09:48:54,Surabaya,SBY-006,completed
3786,08126409986,08131889916,data,0,3663.6,2026-04-07 09:49:46,Yogyakarta,YOG-003,completed
3787,08122102236,08134141852,data,0,4655.2,2026-04-07 11:57:35,Medan,MDN-005,completed
3788,08122102236,08131931137,data,0,2422.7,2026-04-07 11:58:48,Yogyakarta,YOG-002,completed
3789,08123722577,08136757515,voice,274,0.0,2026-04-07 12:32:31,Semarang,SMG-006,completed
3790,08123340178,08133171407,data,0,2993.3,2026-04-07 13:06:20,Bandung,BDG-003,completed
3791,08123819221,08138670118,data,0,3999.9,2026-04-07 13:45:12,Palembang,PLM-004,failed
3792,08128809498,08138670118,voice,555,0.0,2026-04-07 14:55:09,Jakarta,JKT-002,completed
3793,08127603074,08136054797,voice,169,0.0,2026-04-07 15:05:55,Medan,MDN-003,completed
3794,08123722577,08134086463,voice,610,0.0,2026-04-07 15:31:18,Makassar,MKS-003,completed
3795,08123727379,08134086463,voice,96,0.0,2026-04-07 15:39:36,Yogyakarta,YOG-002,completed
3796,08124193747,08134141852,data,0,140.7,2026-04-07 17:12:12,Palembang,PLM-005,failed
3797,08127232704,08136475969,sms,0,0.0,2026-04-07 17:22:12,Palembang,PLM-006,dropped
3798,08126851078,08131931137,voice,174,0.0,2026-04-07 17:37:12,Palembang,PLM-001,failed
3799,08126705235,08132160948,data,0,2185.9,2026-04-07 17:49:12,Palembang,PLM-003,dropped
3800,08124193747,08132310425,data,0,1894.1,2026-04-07 17:56:34,Bandung,BDG-006,completed
3801,08125085916,08137966871,voice,581,0.0,2026-04-07 17:59:12,Palembang,PLM-001,dropped
3802,08123010002,08138153511,voice,378,0.0,2026-04-07 18:00:30,Jakarta,JKT-004,completed
3803,08127009027,08134116449,data,0,273.7,2026-04-07 18:01:12,Palembang,PLM-001,dropped
3804,08126851078,08138120117,voice,653,0.0,2026-04-07 18:07:12,Palembang,PLM-002,dropped
3805,08126351163,08138153511,voice,167,0.0,2026-04-07 18:20:58,Makassar,MKS-001,completed
3806,08121078308,08135677762,voice,696,0.0,2026-04-07 18:22:12,Palembang,PLM-002,dropped
3807,08121476478,08139238095,voice,465,0.0,2026-04-07 18:28:12,Palembang,PLM-004,failed
3808,08129373756,08133783250,data,0,2617.1,2026-04-07 18:39:12,Palembang,PLM-003,failed
3809,08126351163,08134492186,voice,545,0.0,2026-04-07 18:43:12,Palembang,PLM-006,dropped
3810,08129996828,08135256740,voice,377,0.0,2026-04-07 18:55:12,Palembang,PLM-001,dropped
3811,08122713684,08131278077,voice,513,0.0,2026-04-07 18:58:20,Semarang,SMG-002,completed
3812,08124193747,08138120117,sms,0,0.0,2026-04-07 18:59:12,Palembang,PLM-002,failed
3813,08123010002,08138120117,voice,181,0.0,2026-04-07 19:10:12,Palembang,PLM-004,dropped
3814,08122534297,08134400368,data,0,4091.8,2026-04-07 19:19:12,Palembang,PLM-002,dropped
3815,08125737520,08132310425,voice,277,0.0,2026-04-07 19:46:12,Palembang,PLM-004,failed
3816,08129996828,08135256740,voice,123,0.0,2026-04-07 20:23:12,Palembang,PLM-001,dropped
3817,08126851078,08133783250,voice,110,0.0,2026-04-07 20:29:12,Palembang,PLM-006,dropped
3818,08124193747,08132160948,data,0,3823.1,2026-04-07 20:48:12,Palembang,PLM-002,dropped
3819,08123861273,08138120117,voice,702,0.0,2026-04-07 21:15:21,Bandung,BDG-006,completed
3820,08121476478,08135677762,data,0,152.7,2026-04-07 21:25:12,Palembang,PLM-002,failed
3821,08127129850,08133550005,voice,87,0.0,2026-04-07 21:43:12,Palembang,PLM-003,failed
3822,08126851078,08138670118,data,0,2589.9,2026-04-07 21:44:12,Palembang,PLM-002,dropped
3823,08123755069,08139238095,data,0,1252.2,2026-04-07 21:49:12,Palembang,PLM-002,dropped
3824,08129221446,08138153511,voice,297,0.0,2026-04-07 21:55:51,Balikpapan,BPN-006,completed
3825,08127603074,08133617221,voice,506,0.0,2026-04-07 22:22:12,Palembang,PLM-004,failed
3826,08121626747,08132745116,voice,380,0.0,2026-04-07 22:28:51,Yogyakarta,YOG-003,completed
3827,08123819221,08139516217,voice,666,0.0,2026-04-07 23:05:17,Semarang,SMG-005,completed
3828,08123340178,08135256740,voice,540,0.0,2026-04-07 23:31:12,Palembang,PLM-002,failed
3829,08129329387,08135108727,voice,221,0.0,2026-04-08 00:00:32,Bandung,BDG-001,completed
3830,08126851078,08139516217,data,0,345.9,2026-04-08 01:08:56,Balikpapan,BPN-006,completed
3831,08121040858,08132904772,voice,247,0.0,2026-04-08 08:03:47,Balikpapan,BPN-004,completed
3832,08123010002,08136054797,voice,57,0.0,2026-04-08 13:19:34,Semarang,SMG-002,completed
3833,08129996828,08131538795,data,0,3734.6,2026-04-08 14:55:53,Balikpapan,BPN-002,completed
3834,08126851078,08131538795,sms,0,0.0,2026-04-08 17:43:20,Medan,MDN-001,completed
3835,08127803551,08134492186,voice,72,0.0,2026-04-08 21:19:31,Palembang,PLM-005,completed
3836,08123010002,08134445123,voice,698,0.0,2026-04-08 21:46:44,Surabaya,SBY-003,completed
3837,08125737520,08133171407,data,0,2999.4,2026-04-08 21:53:21,Balikpapan,BPN-003,completed
3838,08123741962,08135528971,voice,444,0.0,2026-04-08 22:16:18,Semarang,SMG-006,completed
3839,08123861273,08139238095,data,0,1477.5,2026-04-09 00:40:09,Jakarta,JKT-004,completed
3840,08129282643,08132160948,data,0,3785.3,2026-04-09 01:22:05,Surabaya,SBY-003,completed
3841,08124193747,08133617221,sms,0,0.0,2026-04-09 02:53:13,Balikpapan,BPN-002,completed
3842,08121291312,08132145049,voice,267,0.0,2026-04-09 07:40:40,Yogyakarta,YOG-004,completed
3843,08123861273,08131538795,data,0,3140.7,2026-04-09 09:13:12,Bandung,BDG-005,completed
3844,08123861273,08132546588,sms,0,0.0,2026-04-09 12:04:34,Surabaya,SBY-006,completed
3845,08126351163,08136444787,voice,532,0.0,2026-04-09 12:19:22,Denpasar,DPS-001,completed
3846,08126409986,08131595943,voice,686,0.0,2026-04-09 12:42:29,Surabaya,SBY-005,completed
3847,08129152462,08133783250,voice,530,0.0,2026-04-09 14:26:51,Surabaya,SBY-004,completed
3848,08121899899,08131278077,voice,194,0.0,2026-04-09 15:19:46,Bandung,BDG-004,completed
3849,08123359932,08133550005,voice,321,0.0,2026-04-09 16:36:33,Yogyakarta,YOG-004,completed
3850,08123861273,08132160948,voice,165,0.0,2026-04-09 17:22:15,Surabaya,SBY-005,completed
3851,08123727379,08132745116,sms,0,0.0,2026-04-09 17:38:58,Palembang,PLM-004,completed
3852,08122713684,08139516217,data,0,917.4,2026-04-09 18:02:48,Surabaya,SBY-006,completed
3853,08129282643,08136146599,voice,658,0.0,2026-04-09 20:44:25,Surabaya,SBY-006,completed
3854,08126781597,08131278077,data,0,2339.4,2026-04-09 23:20:45,Denpasar,DPS-004,failed
3855,08123502196,08131411328,voice,640,0.0,2026-04-09 23:21:17,Balikpapan,BPN-004,completed
3856,08123819221,08134116449,voice,243,0.0,2026-04-09 23:22:02,Bandung,BDG-006,completed
3857,08122153038,08132745116,voice,522,0.0,2026-04-09 23:50:45,Denpasar,DPS-002,dropped
3858,08127009027,08132353532,voice,92,0.0,2026-04-09 23:58:09,Surabaya,SBY-002,completed
3859,08122534297,08133171407,voice,55,0.0,2026-04-10 00:40:45,Denpasar,DPS-002,dropped
3860,08123861273,08138670118,voice,541,0.0,2026-04-10 01:14:45,Denpasar,DPS-004,dropped
3861,08126351163,08133171407,sms,0,0.0,2026-04-10 01:34:45,Denpasar,DPS-001,dropped
3862,08127772864,08132160948,voice,615,0.0,2026-04-10 02:06:45,Denpasar,DPS-001,failed
3863,08128682106,08138153511,data,0,962.5,2026-04-10 02:07:45,Denpasar,DPS-005,failed
3864,08123340178,08132546588,sms,0,0.0,2026-04-10 02:15:45,Denpasar,DPS-004,failed
3865,08122561951,08134445123,voice,654,0.0,2026-04-10 02:23:45,Denpasar,DPS-004,dropped
3866,08123819221,08132745116,data,0,1094.5,2026-04-10 02:32:45,Denpasar,DPS-005,dropped
3867,08127232704,08138245839,voice,68,0.0,2026-04-10 02:59:45,Denpasar,DPS-004,failed
3868,08126705235,08135677762,voice,419,0.0,2026-04-10 03:10:45,Denpasar,DPS-004,dropped
3869,08123861273,08131312961,data,0,4133.3,2026-04-10 03:11:45,Denpasar,DPS-004,dropped
3870,08126351163,08131595943,voice,713,0.0,2026-04-10 03:14:45,Denpasar,DPS-006,failed
3871,08124028773,08135677762,voice,293,0.0,2026-04-10 03:17:11,Yogyakarta,YOG-002,completed
3872,08127129850,08136757515,voice,701,0.0,2026-04-10 03:21:45,Denpasar,DPS-003,dropped
3873,08129152462,08131312961,sms,0,0.0,2026-04-10 03:21:45,Denpasar,DPS-003,dropped
3874,08126705235,08136179863,sms,0,0.0,2026-04-10 03:22:45,Denpasar,DPS-002,dropped
3875,08121476478,08138556704,voice,650,0.0,2026-04-10 03:54:45,Denpasar,DPS-003,dropped
3876,08129282643,08136054797,sms,0,0.0,2026-04-10 03:55:45,Denpasar,DPS-002,dropped
3877,08129282643,08134141852,voice,537,0.0,2026-04-10 03:56:45,Denpasar,DPS-006,failed
3878,08129373756,08131312961,data,0,57.6,2026-04-10 04:04:45,Denpasar,DPS-002,dropped
3879,08126705235,08131312961,voice,203,0.0,2026-04-10 04:07:45,Denpasar,DPS-004,failed
3880,08121337099,08132145049,voice,665,0.0,2026-04-10 04:15:45,Denpasar,DPS-001,dropped
3881,08123727379,08138153511,voice,293,0.0,2026-04-10 04:29:45,Denpasar,DPS-002,dropped
3882,08129996828,08132160948,data,0,462.7,2026-04-10 04:38:45,Denpasar,DPS-003,failed
3883,08123722577,08131411328,data,0,714.6,2026-04-10 04:40:45,Denpasar,DPS-002,dropped
3884,08128753866,08134445123,data,0,2719.0,2026-04-10 04:46:45,Denpasar,DPS-004,failed
3885,08129373756,08139434563,data,0,2257.6,2026-04-10 04:47:45,Denpasar,DPS-004,failed
3886,08121476478,08131278077,voice,468,0.0,2026-04-10 04:52:45,Denpasar,DPS-001,dropped
3887,08122561951,08133171407,voice,43,0.0,2026-04-10 05:43:45,Denpasar,DPS-004,dropped
3888,08121626747,08136757515,voice,341,0.0,2026-04-10 06:52:09,Surabaya,SBY-001,dropped
3889,08123727379,08132546588,voice,329,0.0,2026-04-10 07:48:09,Surabaya,SBY-006,failed
3890,08121337099,08136054797,data,0,2907.7,2026-04-10 08:50:09,Surabaya,SBY-006,dropped
3891,08121626747,08136475969,sms,0,0.0,2026-04-10 09:07:09,Surabaya,SBY-004,dropped
3892,08123741962,08132745116,sms,0,0.0,2026-04-10 09:07:09,Surabaya,SBY-003,failed
3893,08122153038,08134309599,voice,186,0.0,2026-04-10 09:27:09,Surabaya,SBY-002,dropped
3894,08127129850,08131723779,voice,579,0.0,2026-04-10 10:16:09,Surabaya,SBY-004,failed
3895,08127009027,08139238095,data,0,361.2,2026-04-10 10:26:09,Surabaya,SBY-004,failed
3896,08121040858,08135677762,voice,158,0.0,2026-04-10 10:28:09,Surabaya,SBY-006,failed
3897,08126781597,08132546588,data,0,1201.4,2026-04-10 10:36:09,Surabaya,SBY-003,dropped
3898,08126409986,08131538795,data,0,1238.1,2026-04-10 10:55:09,Surabaya,SBY-004,failed
3899,08123010002,08138245839,voice,498,0.0,2026-04-10 10:56:39,Balikpapan,BPN-006,completed
3900,08127772864,08133773951,voice,680,0.0,2026-04-10 11:02:09,Surabaya,SBY-006,dropped
3901,08127129850,08139516217,sms,0,0.0,2026-04-10 11:02:09,Surabaya,SBY-004,failed
3902,08125916355,08135256740,voice,158,0.0,2026-04-10 11:08:09,Surabaya,SBY-006,dropped
3903,08127232704,08139516217,sms,0,0.0,2026-04-10 11:14:09,Surabaya,SBY-001,dropped
3904,08125916355,08136054797,voice,369,0.0,2026-04-10 11:19:09,Surabaya,SBY-002,dropped
3905,08123722577,08131140163,voice,639,0.0,2026-04-10 11:36:09,Surabaya,SBY-001,dropped
3906,08123502196,08132686161,data,0,519.6,2026-04-10 11:47:09,Surabaya,SBY-002,dropped
3907,08127603074,08132310425,data,0,1901.2,2026-04-10 12:12:19,Jakarta,JKT-003,dropped
3908,08129221446,08136146599,voice,499,0.0,2026-04-10 12:48:19,Jakarta,JKT-005,dropped
3909,08128753866,08136054797,data,0,4357.1,2026-04-10 13:00:19,Jakarta,JKT-002,dropped
3910,08121040858,08131931137,sms,0,0.0,2026-04-10 13:00:19,Jakarta,JKT-002,dropped
3911,08123741962,08136444787,sms,0,0.0,2026-04-10 13:08:19,Jakarta,JKT-002,dropped
3912,08123755069,08131595943,data,0,3862.2,2026-04-10 13:23:19,Jakarta,JKT-002,dropped
3913,08124007520,08138245839,voice,418,0.0,2026-04-10 13:26:09,Surabaya,SBY-001,dropped
3914,08122561951,08131931137,data,0,1690.5,2026-04-10 13:47:19,Jakarta,JKT-002,failed
3915,08127129850,08134445123,sms,0,0.0,2026-04-10 13:54:19,Jakarta,JKT-005,failed
3916,08123741962,08138670118,data,0,2158.0,2026-04-10 14:00:09,Surabaya,SBY-003,dropped
3917,08123861273,08135256740,data,0,1829.7,2026-04-10 14:06:19,Jakarta,JKT-003,failed
3918,08124193747,08133617221,data,0,4011.7,2026-04-10 14:14:58,Surabaya,SBY-006,completed
3919,08123340178,08138120117,voice,513,0.0,2026-04-10 14:16:19,Jakarta,JKT-003,dropped
3920,08126851078,08131595943,voice,475,0.0,2026-04-10 14:17:19,Jakarta,JKT-001,dropped
3921,08128753866,08135528971,voice,429,0.0,2026-04-10 14:23:19,Jakarta,JKT-004,failed
3922,08121040858,08134141852,voice,132,0.0,2026-04-10 14:34:09,Surabaya,SBY-001,dropped
3923,08121899899,08133617221,voice,100,0.0,2026-04-10 14:48:19,Jakarta,JKT-003,dropped
3924,08129329387,08133773951,voice,684,0.0,2026-04-10 14:50:19,Jakarta,JKT-002,failed
3925,08127009027,08133171407,voice,293,0.0,2026-04-10 14:54:19,Jakarta,JKT-003,failed
3926,08123722577,08132091000,voice,432,0.0,2026-04-10 15:01:19,Jakarta,JKT-001,dropped
3927,08128682106,08133617221,voice,143,0.0,2026-04-10 15:25:19,Jakarta,JKT-002,dropped
3928,08123861273,08132745116,sms,0,0.0,2026-04-10 15:35:19,Jakarta,JKT-001,dropped
3929,08123502196,08132686161,voice,279,0.0,2026-04-10 15:35:50,Surabaya,SBY-006,completed
3930,08121337099,08133773951,data,0,3692.5,2026-04-10 15:41:19,Jakarta,JKT-003,dropped
3931,08123359932,08134445123,data,0,2102.5,2026-04-10 15:52:19,Jakarta,JKT-003,dropped
3932,08121078308,08136475969,sms,0,0.0,2026-04-10 16:11:19,Jakarta,JKT-002,dropped
3933,08123819221,08135528971,data,0,921.1,2026-04-10 16:17:19,Jakarta,JKT-002,dropped
3934,08126409986,08135108727,data,0,1820.4,2026-04-10 16:36:19,Jakarta,JKT-001,dropped
3935,08126851078,08132686161,data,0,3414.3,2026-04-10 16:39:19,Jakarta,JKT-002,dropped
3936,08126351163,08136475969,voice,139,0.0,2026-04-10 16:40:19,Jakarta,JKT-003,dropped
3937,08123755069,08136146599,sms,0,0.0,2026-04-10 16:55:19,Jakarta,JKT-004,failed
3938,08127009027,08139238095,data,0,593.9,2026-04-10 18:43:19,Jakarta,JKT-002,dropped
3939,08123819221,08131723779,voice,68,0.0,2026-04-10 19:29:19,Jakarta,JKT-004,failed
3940,08124007520,08131140163,data,0,1806.5,2026-04-11 00:35:24,Medan,MDN-003,completed
3941,08124028773,08136054797,voice,251,0.0,2026-04-11 01:16:45,Medan,MDN-001,completed
3942,08126409986,08134309599,sms,0,0.0,2026-04-11 01:36:15,Denpasar,DPS-004,completed
3943,08126351163,08134116449,voice,421,0.0,2026-04-11 03:47:07,Semarang,SMG-001,completed
3944,08125737520,08135108727,data,0,4305.6,2026-04-11 04:33:15,Bandung,BDG-006,completed
3945,08122102236,08131312961,sms,0,0.0,2026-04-11 05:17:09,Medan,MDN-003,completed
3946,08123010002,08138556704,data,0,2707.9,2026-04-11 09:51:34,Makassar,MKS-004,completed
3947,08121291312,08137966871,sms,0,0.0,2026-04-11 16:31:18,Semarang,SMG-004,completed
3948,08123819221,08132904772,voice,123,0.0,2026-04-11 17:13:37,Medan,MDN-002,completed
3949,08127603074,08133171407,voice,703,0.0,2026-04-11 18:18:42,Surabaya,SBY-004,completed
3950,08127803551,08132310425,voice,104,0.0,2026-04-11 18:56:09,Palembang,PLM-002,completed
3951,08125916355,08138670118,data,0,2321.8,2026-04-11 22:18:40,Palembang,PLM-004,completed
3952,08121476478,08132745116,voice,232,0.0,2026-04-11 23:22:13,Palembang,PLM-004,completed
3953,08123727379,08131312961,voice,264,0.0,2026-04-12 02:44:25,Denpasar,DPS-002,completed
3954,08122561951,08132145049,data,0,890.8,2026-04-12 04:08:36,Surabaya,SBY-004,completed
3955,08125916355,08132310425,voice,42,0.0,2026-04-12 06:22:21,Balikpapan,BPN-003,completed
3956,08122713684,08131723779,voice,214,0.0,2026-04-12 07:01:29,Balikpapan,BPN-003,completed
3957,08126705235,08139238095,voice,373,0.0,2026-04-12 08:43:30,Medan,MDN-004,completed
3958,08125916355,08136179863,voice,44,0.0,2026-04-12 09:07:58,Surabaya,SBY-002,completed
3959,08123010002,08132353532,sms,0,0.0,2026-04-12 12:47:22,Balikpapan,BPN-006,completed
3960,08127232704,08134400368,data,0,4073.6,2026-04-12 15:26:07,Surabaya,SBY-004,completed
3961,08123722577,08134086463,voice,568,0.0,2026-04-12 16:30:49,Semarang,SMG-004,completed
3962,08129221446,08133773951,data,0,1399.4,2026-04-12 16:43:15,Medan,MDN-003,completed
3963,08123340178,08132091000,voice,164,0.0,2026-04-12 17:25:01,Semarang,SMG-005,completed
3964,08129996828,08134309599,data,0,4059.2,2026-04-12 17:59:53,Denpasar,DPS-002,completed
3965,08127232704,08131369129,voice,160,0.0,2026-04-12 19:38:32,Semarang,SMG-001,completed
3966,08123727379,08132546588,data,0,2960.2,2026-04-12 20:54:27,Jakarta,JKT-006,completed
3967,08123755069,08134400368,data,0,2002.3,2026-04-12 21:15:25,Balikpapan,BPN-004,dropped
3968,08125737520,08132745116,data,0,1171.5,2026-04-12 21:32:25,Balikpapan,BPN-001,failed
3969,08122534297,08135256740,voice,567,0.0,2026-04-12 21:38:25,Balikpapan,BPN-005,dropped
3970,08121899899,08131369129,voice,33,0.0,2026-04-12 21:56:25,Balikpapan,BPN-005,failed
3971,08128682106,08136054797,sms,0,0.0,2026-04-12 22:29:42,Yogyakarta,YOG-005,completed
3972,08123741962,08136054797,voice,480,0.0,2026-04-12 22:48:25,Balikpapan,BPN-001,dropped
3973,08123727379,08139238095,voice,240,0.0,2026-04-12 23:08:25,Balikpapan,BPN-004,failed
3974,08123755069,08132745116,voice,195,0.0,2026-04-12 23:11:25,Balikpapan,BPN-002,dropped
3975,08129329387,08135256740,data,0,1224.7,2026-04-12 23:11:48,Semarang,SMG-003,completed
3976,08129373756,08139434563,voice,712,0.0,2026-04-12 23:42:25,Balikpapan,BPN-004,failed
3977,08121899899,08136757515,voice,562,0.0,2026-04-12 23:48:25,Balikpapan,BPN-001,dropped
3978,08121040858,08133171407,voice,443,0.0,2026-04-12 23:59:25,Balikpapan,BPN-006,dropped
3979,08123741962,08134400368,data,0,257.4,2026-04-13 00:03:25,Balikpapan,BPN-001,dropped
3980,08121078308,08131931137,sms,0,0.0,2026-04-13 00:03:25,Balikpapan,BPN-005,dropped
3981,08122534297,08138245839,voice,35,0.0,2026-04-13 00:27:25,Balikpapan,BPN-005,failed
3982,08123340178,08136054797,voice,491,0.0,2026-04-13 00:29:25,Balikpapan,BPN-006,dropped
3983,08129329387,08136757515,voice,225,0.0,2026-04-13 00:30:25,Balikpapan,BPN-003,failed
3984,08124007520,08132904772,voice,686,0.0,2026-04-13 00:37:25,Balikpapan,BPN-003,dropped
3985,08121078308,08134141852,data,0,4422.1,2026-04-13 01:18:25,Balikpapan,BPN-006,failed
3986,08127009027,08131931137,sms,0,0.0,2026-04-13 01:34:25,Balikpapan,BPN-005,dropped
3987,08127772864,08132160948,voice,302,0.0,2026-04-13 01:35:25,Balikpapan,BPN-004,failed
3988,08128310846,08131538795,data,0,2630.4,2026-04-13 01:47:25,Balikpapan,BPN-004,failed
3989,08126705235,08138245839,voice,345,0.0,2026-04-13 02:00:25,Balikpapan,BPN-004,failed
3990,08121626747,08136475969,voice,447,0.0,2026-04-13 02:07:25,Balikpapan,BPN-001,failed
3991,08126781597,08135108727,voice,213,0.0,2026-04-13 02:19:25,Balikpapan,BPN-005,failed
3992,08123010002,08136444787,voice,112,0.0,2026-04-13 04:52:30,Jakarta,JKT-004,completed
3993,08121040858,08132353532,data,0,1651.3,2026-04-13 04:57:25,Medan,MDN-004,completed
3994,08129329387,08134445123,sms,0,0.0,2026-04-13 05:07:25,Yogyakarta,YOG-003,completed
3995,08124193747,08138153511,voice,84,0.0,2026-04-13 06:04:07,Bandung,BDG-002,completed
3996,08122534297,08133550005,sms,0,0.0,2026-04-13 08:00:24,Denpasar,DPS-003,completed
3997,08122153038,08139516217,data,0,4108.8,2026-04-13 08:26:29,Yogyakarta,YOG-001,completed
3998,08123010002,08134309599,voice,331,0.0,2026-04-13 09:31:10,Balikpapan,BPN-005,completed
3999,08125737520,08131140163,data,0,4518.2,2026-04-13 11:14:06,Medan,MDN-001,failed
4000,08127603074,08133773951,voice,118,0.0,2026-04-13 11:28:05,Makassar,MKS-003,completed
4001,08122153038,08136054797,voice,354,0.0,2026-04-13 11:56:06,Medan,MDN-001,dropped
4002,08123755069,08132310425,sms,0,0.0,2026-04-13 12:13:56,Semarang,SMG-003,completed
4003,08125916355,08131369129,voice,212,0.0,2026-04-13 12:15:06,Medan,MDN-001,dropped
4004,08122153038,08132745116,voice,95,0.0,2026-04-13 12:48:06,Medan,MDN-004,failed
4005,08122480627,08138153511,voice,292,0.0,2026-04-13 13:26:06,Medan,MDN-003,failed
4006,08127803551,08134445123,data,0,3420.8,2026-04-13 13:35:06,Medan,MDN-006,failed
4007,08123727379,08134400368,voice,242,0.0,2026-04-13 13:37:06,Medan,MDN-006,dropped
4008,08129221446,08132145049,voice,300,0.0,2026-04-13 13:45:06,Medan,MDN-006,dropped
4009,08126705235,08132145049,data,0,1262.1,2026-04-13 14:02:06,Medan,MDN-001,dropped
4010,08123010002,08138120117,voice,137,0.0,2026-04-13 14:31:06,Medan,MDN-004,failed
4011,08123340178,08131931137,data,0,3905.4,2026-04-13 14:31:06,Medan,MDN-003,failed
4012,08126851078,08134141852,voice,595,0.0,2026-04-13 15:01:06,Medan,MDN-002,dropped
4013,08129329387,08132546588,voice,580,0.0,2026-04-13 15:02:06,Medan,MDN-002,dropped
4014,08129221446,08134086463,voice,543,0.0,2026-04-13 15:03:06,Medan,MDN-004,failed
4015,08127772864,08134492186,voice,527,0.0,2026-04-13 15:08:06,Medan,MDN-003,failed
4016,08129996828,08132145049,data,0,3621.4,2026-04-13 15:09:06,Medan,MDN-002,dropped
4017,08121291312,08134400368,voice,444,0.0,2026-04-13 15:14:38,Makassar,MKS-003,completed
4018,08126781597,08131889916,voice,621,0.0,2026-04-13 15:16:06,Medan,MDN-006,dropped
4019,08127603074,08131931137,sms,0,0.0,2026-04-13 16:48:06,Medan,MDN-001,dropped
4020,08126705235,08138556704,data,0,4251.2,2026-04-13 16:51:06,Medan,MDN-004,dropped
4021,08123340178,08132546588,voice,180,0.0,2026-04-13 17:09:06,Medan,MDN-001,failed
4022,08123359932,08136757515,voice,386,0.0,2026-04-13 17:25:52,Jakarta,JKT-005,completed
4023,08124028773,08131889916,voice,68,0.0,2026-04-13 17:30:06,Medan,MDN-005,dropped
4024,08129996828,08137966871,sms,0,0.0,2026-04-13 17:34:06,Medan,MDN-005,dropped
4025,08129282643,08131278077,voice,77,0.0,2026-04-13 17:49:02,Medan,MDN-003,completed
4026,08122480627,08132160948,voice,73,0.0,2026-04-13 18:09:06,Medan,MDN-002,dropped
4027,08124028773,08132091000,voice,333,0.0,2026-04-13 18:15:06,Medan,MDN-004,failed
4028,08129996828,08139238095,voice,71,0.0,2026-04-13 18:51:10,Denpasar,DPS-006,completed
4029,08122153038,08131411328,voice,436,0.0,2026-04-13 19:32:56,Denpasar,DPS-005,completed
4030,08123359932,08132310425,voice,263,0.0,2026-04-13 20:02:43,Yogyakarta,YOG-002,failed
4031,08123727379,08136444787,data,0,853.0,2026-04-13 20:35:43,Yogyakarta,YOG-004,failed
4032,08128310846,08132353532,data,0,1057.2,2026-04-13 21:08:43,Yogyakarta,YOG-004,dropped
4033,08121899899,08136475969,voice,572,0.0,2026-04-13 21:51:43,Yogyakarta,YOG-003,failed
4034,08124193747,08135256740,data,0,586.1,2026-04-13 22:21:43,Yogyakarta,YOG-003,failed
4035,08122153038,08132686161,voice,130,0.0,2026-04-13 22:22:43,Yogyakarta,YOG-004,dropped
4036,08123010002,08135108727,data,0,4803.6,2026-04-13 23:15:43,Yogyakarta,YOG-002,dropped
4037,08121078308,08135528971,data,0,408.8,2026-04-13 23:18:43,Yogyakarta,YOG-003,failed
4038,08123010002,08131595943,sms,0,0.0,2026-04-13 23:19:43,Yogyakarta,YOG-004,failed
4039,08122713684,08131140163,voice,691,0.0,2026-04-13 23:25:43,Yogyakarta,YOG-005,failed
4040,08129282643,08132310425,data,0,1970.7,2026-04-13 23:29:43,Yogyakarta,YOG-001,dropped
4041,08122153038,08133783250,data,0,388.0,2026-04-14 00:09:43,Yogyakarta,YOG-002,dropped
4042,08121899899,08131931137,voice,579,0.0,2026-04-14 00:19:43,Yogyakarta,YOG-001,dropped
4043,08123741962,08132546588,voice,97,0.0,2026-04-14 00:25:43,Yogyakarta,YOG-004,failed
4044,08128310846,08136146599,voice,560,0.0,2026-04-14 00:30:11,Yogyakarta,YOG-004,completed
4045,08126851078,08139516217,voice,83,0.0,2026-04-14 00:56:43,Yogyakarta,YOG-006,dropped
4046,08121476478,08131931137,data,0,3075.2,2026-04-14 00:57:43,Yogyakarta,YOG-004,failed
4047,08123727379,08132353532,sms,0,0.0,2026-04-14 01:12:43,Yogyakarta,YOG-003,failed
4048,08125916355,08135108727,data,0,2784.0,2026-04-14 01:24:43,Yogyakarta,YOG-003,failed
4049,08121476478,08138153511,sms,0,0.0,2026-04-14 02:01:43,Yogyakarta,YOG-003,failed
4050,08121476478,08134445123,voice,85,0.0,2026-04-14 02:04:40,Palembang,PLM-005,completed
4051,08127803551,08134116449,data,0,1438.9,2026-04-14 02:23:43,Yogyakarta,YOG-001,failed
4052,08125916355,08134141852,data,0,3308.9,2026-04-14 02:39:43,Yogyakarta,YOG-001,dropped
4053,08122713684,08131278077,data,0,1979.0,2026-04-14 03:02:11,Makassar,MKS-003,completed
4054,08124193747,08139516217,voice,309,0.0,2026-04-14 04:00:34,Makassar,MKS-002,completed
4055,08122713684,08131278077,voice,286,0.0,2026-04-14 04:17:56,Semarang,SMG-005,completed
4056,08124193747,08134400368,data,0,1366.6,2026-04-14 04:23:23,Surabaya,SBY-004,completed
4057,08125085916,08139238095,data,0,3521.6,2026-04-14 04:25:43,Yogyakarta,YOG-001,failed
4058,08121040858,08133550005,data,0,2229.9,2026-04-14 04:32:57,Yogyakarta,YOG-005,completed
4059,08127603074,08134309599,voice,410,0.0,2026-04-14 06:21:55,Medan,MDN-006,completed
4060,08126705235,08139516217,voice,193,0.0,2026-04-14 08:56:33,Bandung,BDG-001,completed
4061,08121040858,08134141852,voice,581,0.0,2026-04-14 09:22:14,Jakarta,JKT-002,completed
4062,08123010002,08132904772,sms,0,0.0,2026-04-14 10:52:51,Denpasar,DPS-005,completed
4063,08125085916,08134492186,sms,0,0.0,2026-04-14 11:37:43,Palembang,PLM-006,completed
4064,08124028773,08132546588,sms,0,0.0,2026-04-14 14:00:47,Semarang,SMG-002,completed
4065,08128310846,08135677762,voice,468,0.0,2026-04-14 17:24:31,Yogyakarta,YOG-005,completed
4066,08129152462,08136054797,data,0,3902.7,2026-04-14 18:05:23,Balikpapan,BPN-001,completed
4067,08122153038,08134086463,voice,670,0.0,2026-04-14 19:11:56,Palembang,PLM-006,completed
4068,08122534297,08132310425,voice,585,0.0,2026-04-15 01:08:44,Semarang,SMG-002,completed
4069,08123340178,08133550005,voice,508,0.0,2026-04-15 02:19:15,Surabaya,SBY-004,completed
4070,08128809498,08132904772,voice,706,0.0,2026-04-15 06:47:02,Yogyakarta,YOG-005,completed
4071,08129152462,08132546588,data,0,1740.6,2026-04-15 07:31:16,Jakarta,JKT-003,completed
4072,08127772864,08133550005,data,0,3902.7,2026-04-15 09:11:12,Medan,MDN-006,completed
4073,08123819221,08132745116,data,0,106.7,2026-04-15 09:47:08,Bandung,BDG-001,completed
4074,08125916355,08132145049,voice,308,0.0,2026-04-15 12:07:15,Medan,MDN-006,completed
4075,08122153038,08134141852,voice,27,0.0,2026-04-15 17:51:53,Makassar,MKS-002,completed
4076,08125737520,08136179863,sms,0,0.0,2026-04-15 20:36:23,Makassar,MKS-005,completed
4077,08121291312,08131595943,data,0,1772.8,2026-04-15 22:01:25,Makassar,MKS-005,completed
4078,08128310846,08132745116,voice,551,0.0,2026-04-15 23:00:43,Yogyakarta,YOG-004,completed
4079,08123340178,08139238095,voice,391,0.0,2026-04-15 23:47:35,Bandung,BDG-006,completed
4080,08127009027,08132353532,data,0,4242.0,2026-04-15 23:51:04,Medan,MDN-001,completed
4081,08123359932,08132904772,sms,0,0.0,2026-04-16 00:50:26,Bandung,BDG-001,completed
4082,08121040858,08138245839,voice,65,0.0,2026-04-16 03:52:18,Medan,MDN-003,completed
4083,08129282643,08139238095,sms,0,0.0,2026-04-16 04:18:45,Bandung,BDG-005,completed
4084,08124193747,08132686161,voice,219,0.0,2026-04-16 04:40:19,Denpasar,DPS-005,completed
4085,08123819221,08133773951,data,0,1194.2,2026-04-16 05:24:57,Surabaya,SBY-005,completed
4086,08125085916,08131538795,voice,685,0.0,2026-04-16 07:35:08,Jakarta,JKT-004,completed
4087,08127232704,08131312961,voice,354,0.0,2026-04-16 09:33:49,Semarang,SMG-006,completed
4088,08122153038,08133617221,sms,0,0.0,2026-04-16 10:39:45,Medan,MDN-002,completed
4089,08121291312,08134141852,voice,696,0.0,2026-04-16 11:56:15,Denpasar,DPS-002,completed
4090,08121078308,08133550005,voice,517,0.0,2026-04-16 12:17:16,Makassar,MKS-002,completed
4091,08126851078,08131889916,voice,355,0.0,2026-04-16 12:55:12,Denpasar,DPS-001,completed
4092,08121899899,08131411328,voice,546,0.0,2026-04-16 16:33:02,Balikpapan,BPN-004,completed
4093,08126781597,08136146599,data,0,955.6,2026-04-16 16:44:37,Denpasar,DPS-005,completed
4094,08123359932,08131140163,voice,674,0.0,2026-04-16 17:10:07,Jakarta,JKT-006,completed
4095,08124193747,08133783250,data,0,3892.4,2026-04-16 17:28:14,Medan,MDN-004,completed
4096,08126851078,08138245839,voice,95,0.0,2026-04-16 18:03:59,Surabaya,SBY-003,completed
4097,08123010002,08133617221,voice,451,0.0,2026-04-16 21:58:46,Bandung,BDG-003,completed
4098,08125085916,08138556704,voice,466,0.0,2026-04-17 00:15:42,Medan,MDN-001,completed
4099,08126851078,08131411328,data,0,1769.5,2026-04-17 03:22:00,Palembang,PLM-005,completed
4100,08126781597,08131411328,data,0,711.5,2026-04-17 03:24:46,Surabaya,SBY-003,completed
4101,08124028773,08134400368,voice,329,0.0,2026-04-17 04:52:21,Makassar,MKS-005,completed
4102,08121337099,08139516217,voice,591,0.0,2026-04-17 05:44:57,Palembang,PLM-006,completed
4103,08125916355,08132160948,data,0,4521.0,2026-04-17 06:22:21,Balikpapan,BPN-006,completed
4104,08125085916,08138153511,voice,449,0.0,2026-04-17 06:29:58,Jakarta,JKT-006,completed
4105,08121291312,08133550005,sms,0,0.0,2026-04-17 07:54:06,Palembang,PLM-004,completed
4106,08129282643,08138556704,voice,110,0.0,2026-04-17 10:37:31,Palembang,PLM-004,completed
4107,08127009027,08134086463,voice,26,0.0,2026-04-17 11:52:26,Denpasar,DPS-002,completed
4108,08125916355,08138556704,sms,0,0.0,2026-04-17 14:24:47,Denpasar,DPS-004,completed
4109,08129221446,08131411328,voice,373,0.0,2026-04-17 15:41:41,Denpasar,DPS-005,completed
4110,08125916355,08135528971,data,0,1195.4,2026-04-17 16:46:21,Semarang,SMG-001,completed
4111,08121476478,08139434563,voice,318,0.0,2026-04-17 17:22:05,Denpasar,DPS-004,completed
4112,08129152462,08131312961,sms,0,0.0,2026-04-17 19:32:41,Makassar,MKS-002,completed
4113,08122713684,08136054797,data,0,2247.6,2026-04-17 20:16:09,Semarang,SMG-004,completed
4114,08128809498,08132745116,data,0,1504.4,2026-04-17 21:02:45,Jakarta,JKT-001,completed
4115,08123502196,08134492186,voice,160,0.0,2026-04-17 22:11:58,Yogyakarta,YOG-003,completed
4116,08123741962,08132310425,data,0,1168.4,2026-04-17 22:15:37,Jakarta,JKT-004,completed
4117,08121040858,08134086463,voice,75,0.0,2026-04-17 23:32:25,Surabaya,SBY-004,completed
4118,08124193747,08131538795,voice,52,0.0,2026-04-18 01:04:19,Makassar,MKS-005,completed
4119,08129152462,08134141852,voice,557,0.0,2026-04-18 02:56:31,Medan,MDN-002,completed
4120,08123340178,08132546588,voice,77,0.0,2026-04-18 05:31:44,Yogyakarta,YOG-001,completed
4121,08127803551,08136444787,data,0,2675.1,2026-04-18 06:55:00,Surabaya,SBY-003,completed
4122,08127803551,08131538795,voice,251,0.0,2026-04-18 08:10:37,Denpasar,DPS-005,completed
4123,08121078308,08132353532,data,0,3300.0,2026-04-18 08:21:42,Balikpapan,BPN-005,completed
4124,08128682106,08136475969,data,0,1187.3,2026-04-18 09:27:19,Medan,MDN-002,completed
4125,08121078308,08132353532,voice,435,0.0,2026-04-18 10:47:26,Palembang,PLM-001,completed
4126,08123755069,08132091000,data,0,2735.6,2026-04-18 14:25:16,Palembang,PLM-004,completed
4127,08124193747,08136757515,voice,244,0.0,2026-04-18 18:33:03,Balikpapan,BPN-002,completed
4128,08126705235,08133783250,sms,0,0.0,2026-04-18 18:44:22,Makassar,MKS-001,completed
4129,08126409986,08138245839,sms,0,0.0,2026-04-18 20:29:26,Surabaya,SBY-004,completed
4130,08123502196,08132546588,sms,0,0.0,2026-04-18 21:49:01,Bandung,BDG-002,completed
4131,08126851078,08134492186,voice,411,0.0,2026-04-18 22:32:42,Denpasar,DPS-001,completed
4132,08123340178,08135108727,sms,0,0.0,2026-04-19 01:23:20,Makassar,MKS-006,completed
4133,08127803551,08136757515,data,0,2752.0,2026-04-19 03:15:02,Medan,MDN-002,completed
4134,08124193747,08133783250,data,0,2280.8,2026-04-19 05:58:01,Medan,MDN-001,completed
4135,08121337099,08132160948,sms,0,0.0,2026-04-19 06:43:54,Palembang,PLM-006,completed
4136,08122153038,08135108727,voice,654,0.0,2026-04-19 09:52:15,Surabaya,SBY-001,completed
4137,08126781597,08139238095,sms,0,0.0,2026-04-19 11:30:03,Balikpapan,BPN-005,completed
4138,08121476478,08131369129,voice,220,0.0,2026-04-19 11:41:07,Bandung,BDG-005,completed
4139,08126705235,08132745116,voice,690,0.0,2026-04-19 17:24:30,Medan,MDN-003,completed
4140,08121899899,08132546588,data,0,1266.6,2026-04-19 21:14:17,Makassar,MKS-006,completed
4141,08129152462,08132745116,voice,89,0.0,2026-04-19 21:18:12,Jakarta,JKT-002,completed
4142,08124193747,08137966871,voice,338,0.0,2026-04-19 21:27:38,Surabaya,SBY-002,completed
4143,08123727379,08133773951,voice,124,0.0,2026-04-19 22:05:47,Bandung,BDG-006,completed
4144,08129282643,08132686161,voice,63,0.0,2026-04-20 00:27:22,Semarang,SMG-004,completed
4145,08121291312,08136444787,sms,0,0.0,2026-04-20 00:27:56,Balikpapan,BPN-004,completed
4146,08123722577,08139434563,sms,0,0.0,2026-04-20 01:30:24,Semarang,SMG-003,completed
4147,08122480627,08133550005,voice,455,0.0,2026-04-20 08:06:13,Surabaya,SBY-002,completed
4148,08121476478,08134116449,sms,0,0.0,2026-04-20 08:45:19,Palembang,PLM-004,completed
4149,08124007520,08134400368,voice,132,0.0,2026-04-20 13:54:00,Bandung,BDG-001,completed
4150,08127603074,08131889916,data,0,1201.5,2026-04-20 16:39:43,Balikpapan,BPN-004,completed
4151,08121626747,08139516217,voice,261,0.0,2026-04-20 18:11:00,Balikpapan,BPN-006,completed
4152,08124007520,08134141852,voice,608,0.0,2026-04-20 18:28:56,Makassar,MKS-005,completed
4153,08123010002,08135108727,voice,631,0.0,2026-04-20 20:04:45,Yogyakarta,YOG-004,completed
4154,08127129850,08136757515,sms,0,0.0,2026-04-20 20:27:39,Medan,MDN-005,completed
4155,08127232704,08135256740,sms,0,0.0,2026-04-21 00:03:38,Palembang,PLM-002,completed
4156,08122153038,08135256740,data,0,3500.2,2026-04-21 01:38:12,Palembang,PLM-002,completed
4157,08126781597,08134086463,voice,531,0.0,2026-04-21 02:17:18,Makassar,MKS-004,completed
4158,08129152462,08132310425,voice,430,0.0,2026-04-21 03:19:33,Medan,MDN-002,completed
4159,08121626747,08131931137,voice,211,0.0,2026-04-21 03:40:50,Palembang,PLM-004,completed
4160,08123861273,08131889916,voice,586,0.0,2026-04-21 03:51:15,Balikpapan,BPN-001,completed
4161,08121040858,08139516217,data,0,1544.2,2026-04-21 04:30:50,Balikpapan,BPN-004,completed
4162,08128682106,08134086463,voice,365,0.0,2026-04-21 04:58:35,Medan,MDN-005,completed
4163,08129152462,08135256740,voice,630,0.0,2026-04-21 05:12:58,Makassar,MKS-004,completed
4164,08127232704,08131278077,sms,0,0.0,2026-04-21 08:50:32,Bandung,BDG-003,completed
4165,08121040858,08136475969,voice,538,0.0,2026-04-21 12:06:27,Surabaya,SBY-001,completed
4166,08125085916,08132546588,data,0,4152.2,2026-04-21 14:03:12,Semarang,SMG-001,completed
4167,08129221446,08138245839,voice,388,0.0,2026-04-21 14:35:18,Jakarta,JKT-003,completed
4168,08126351163,08132160948,voice,70,0.0,2026-04-21 16:22:48,Jakarta,JKT-003,completed
4169,08126409986,08134492186,data,0,2713.4,2026-04-21 17:18:33,Surabaya,SBY-005,completed
4170,08126705235,08132904772,voice,647,0.0,2026-04-21 18:50:31,Denpasar,DPS-005,completed
4171,08123741962,08134492186,sms,0,0.0,2026-04-21 20:23:03,Yogyakarta,YOG-006,completed
4172,08123010002,08131538795,voice,453,0.0,2026-04-21 20:59:03,Yogyakarta,YOG-003,completed
4173,08121078308,08137966871,data,0,299.5,2026-04-21 22:20:43,Surabaya,SBY-004,completed
4174,08122534297,08132145049,voice,79,0.0,2026-04-22 00:08:06,Makassar,MKS-001,dropped
4175,08127772864,08134445123,sms,0,0.0,2026-04-22 00:13:06,Makassar,MKS-005,failed
4176,08123359932,08132091000,sms,0,0.0,2026-04-22 00:42:06,Makassar,MKS-005,failed
4177,08123741962,08136475969,sms,0,0.0,2026-04-22 01:45:06,Makassar,MKS-003,failed
4178,08123727379,08132160948,voice,602,0.0,2026-04-22 01:59:06,Makassar,MKS-006,failed
4179,08123010002,08134492186,sms,0,0.0,2026-04-22 02:07:06,Makassar,MKS-001,dropped
4180,08121337099,08132145049,voice,302,0.0,2026-04-22 02:21:06,Makassar,MKS-003,failed
4181,08124007520,08132904772,data,0,1608.7,2026-04-22 02:26:06,Makassar,MKS-001,dropped
4182,08124028773,08138120117,data,0,1054.8,2026-04-22 02:36:06,Makassar,MKS-003,dropped
4183,08126705235,08132904772,data,0,2809.0,2026-04-22 02:52:06,Makassar,MKS-003,failed
4184,08122102236,08132353532,voice,615,0.0,2026-04-22 03:17:06,Makassar,MKS-004,failed
4185,08122561951,08138153511,voice,347,0.0,2026-04-22 03:19:06,Makassar,MKS-004,failed
4186,08123722577,08131369129,voice,28,0.0,2026-04-22 03:23:06,Makassar,MKS-001,failed
4187,08123741962,08133171407,voice,355,0.0,2026-04-22 03:36:27,Medan,MDN-005,completed
4188,08127803551,08139516217,data,0,3735.7,2026-04-22 04:09:06,Makassar,MKS-002,dropped
4189,08128310846,08135108727,voice,463,0.0,2026-04-22 04:21:06,Makassar,MKS-003,failed
4190,08125085916,08131595943,sms,0,0.0,2026-04-22 04:45:06,Makassar,MKS-004,dropped
4191,08129221446,08134086463,data,0,4048.6,2026-04-22 04:50:06,Makassar,MKS-001,dropped
4192,08126351163,08132546588,voice,559,0.0,2026-04-22 05:00:06,Makassar,MKS-002,dropped
4193,08127129850,08132353532,sms,0,0.0,2026-04-22 05:12:06,Makassar,MKS-001,dropped
4194,08128809498,08134400368,voice,407,0.0,2026-04-22 05:16:06,Makassar,MKS-001,failed
4195,08126705235,08131369129,voice,354,0.0,2026-04-22 05:22:36,Balikpapan,BPN-005,completed
4196,08127009027,08138556704,data,0,2140.3,2026-04-22 05:24:06,Makassar,MKS-001,dropped
4197,08129152462,08134400368,sms,0,0.0,2026-04-22 05:29:06,Makassar,MKS-001,dropped
4198,08121291312,08132546588,data,0,2540.7,2026-04-22 05:32:06,Makassar,MKS-002,failed
4199,08123819221,08135108727,voice,338,0.0,2026-04-22 05:33:06,Makassar,MKS-002,failed
4200,08126705235,08134086463,data,0,662.0,2026-04-22 05:54:06,Makassar,MKS-002,dropped
4201,08128682106,08131411328,voice,227,0.0,2026-04-22 06:08:06,Makassar,MKS-001,dropped
4202,08121476478,08138556704,data,0,3387.1,2026-04-22 06:21:06,Makassar,MKS-001,dropped
4203,08123340178,08138153511,voice,517,0.0,2026-04-22 06:21:06,Makassar,MKS-001,dropped
4204,08123755069,08138556704,voice,475,0.0,2026-04-22 07:12:06,Makassar,MKS-001,dropped
4205,08129373756,08132310425,voice,569,0.0,2026-04-22 08:16:43,Jakarta,JKT-005,completed
4206,08121291312,08137966871,voice,346,0.0,2026-04-22 10:42:11,Surabaya,SBY-004,completed
4207,08122713684,08132353532,voice,643,0.0,2026-04-22 12:17:13,Palembang,PLM-003,completed
4208,08128809498,08132310425,sms,0,0.0,2026-04-22 12:54:05,Surabaya,SBY-004,completed
4209,08129282643,08131595943,voice,309,0.0,2026-04-22 14:58:13,Denpasar,DPS-005,completed
4210,08123819221,08139434563,voice,695,0.0,2026-04-22 16:02:30,Jakarta,JKT-006,completed
4211,08126705235,08131723779,voice,584,0.0,2026-04-22 16:19:44,Yogyakarta,YOG-005,completed
4212,08123819221,08136054797,data,0,1811.2,2026-04-22 18:46:14,Jakarta,JKT-004,completed
4213,08125737520,08132904772,voice,41,0.0,2026-04-22 22:17:28,Balikpapan,BPN-002,completed
4214,08121476478,08132310425,voice,293,0.0,2026-04-22 23:41:43,Palembang,PLM-002,completed
4215,08126705235,08135677762,data,0,2395.6,2026-04-23 00:21:33,Jakarta,JKT-003,completed
4216,08129329387,08131411328,sms,0,0.0,2026-04-23 02:37:23,Palembang,PLM-006,completed
4217,08129152462,08136146599,voice,241,0.0,2026-04-23 02:57:27,Semarang,SMG-005,completed
4218,08125085916,08138670118,data,0,1085.3,2026-04-23 03:11:48,Medan,MDN-002,completed
4219,08123755069,08136444787,voice,428,0.0,2026-04-23 03:12:59,Palembang,PLM-006,completed
4220,08122480627,08132310425,voice,673,0.0,2026-04-23 04:20:58,Medan,MDN-003,completed
4221,08123755069,08131595943,data,0,4249.8,2026-04-23 04:31:30,Medan,MDN-004,completed
4222,08123861273,08134141852,data,0,4786.6,2026-04-23 06:48:50,Balikpapan,BPN-001,completed
4223,08128310846,08131889916,voice,72,0.0,2026-04-23 07:28:02,Denpasar,DPS-004,completed
4224,08122153038,08135256740,data,0,1535.7,2026-04-23 09:28:07,Balikpapan,BPN-003,completed
4225,08123340178,08136054797,sms,0,0.0,2026-04-23 11:30:32,Medan,MDN-006,completed
4226,08124193747,08133171407,data,0,3247.0,2026-04-23 11:30:46,Medan,MDN-006,completed
4227,08123359932,08135108727,voice,150,0.0,2026-04-23 12:04:04,Bandung,BDG-004,completed
4228,08125737520,08131312961,sms,0,0.0,2026-04-23 14:59:03,Surabaya,SBY-001,completed
4229,08121476478,08134445123,voice,180,0.0,2026-04-23 15:57:00,Jakarta,JKT-001,completed
4230,08121899899,08131312961,voice,356,0.0,2026-04-23 16:46:23,Bandung,BDG-002,completed
4231,08122713684,08132145049,data,0,3928.3,2026-04-23 17:28:04,Makassar,MKS-002,completed
4232,08123502196,08136179863,voice,491,0.0,2026-04-23 18:53:50,Yogyakarta,YOG-003,completed
4233,08123819221,08136179863,voice,711,0.0,2026-04-23 19:00:59,Medan,MDN-006,completed
4234,08122561951,08132160948,data,0,4987.0,2026-04-23 19:34:46,Yogyakarta,YOG-005,completed
4235,08126781597,08138245839,voice,274,0.0,2026-04-23 21:48:48,Medan,MDN-001,completed
4236,08123741962,08136475969,data,0,3955.3,2026-04-23 22:13:06,Bandung,BDG-006,completed
4237,08128682106,08131411328,voice,384,0.0,2026-04-23 23:32:48,Bandung,BDG-001,completed
4238,08127129850,08139516217,sms,0,0.0,2026-04-24 01:06:48,Yogyakarta,YOG-004,completed
4239,08122561951,08135677762,voice,66,0.0,2026-04-24 02:44:31,Palembang,PLM-004,completed
4240,08123010002,08132904772,voice,21,0.0,2026-04-24 05:12:51,Medan,MDN-003,failed
4241,08127129850,08131369129,sms,0,0.0,2026-04-24 05:22:05,Denpasar,DPS-001,completed
4242,08123741962,08132546588,voice,284,0.0,2026-04-24 06:09:51,Medan,MDN-001,dropped
4243,08123861273,08134309599,voice,598,0.0,2026-04-24 06:43:48,Jakarta,JKT-005,completed
4244,08125085916,08139434563,voice,176,0.0,2026-04-24 07:17:51,Medan,MDN-004,dropped
4245,08123010002,08132091000,sms,0,0.0,2026-04-24 07:22:51,Medan,MDN-001,dropped
4246,08129152462,08138670118,data,0,2287.6,2026-04-24 07:23:59,Balikpapan,BPN-004,completed
4247,08121476478,08136475969,voice,189,0.0,2026-04-24 07:32:51,Medan,MDN-002,dropped
4248,08121291312,08131369129,voice,712,0.0,2026-04-24 07:33:51,Medan,MDN-001,dropped
4249,08128682106,08139434563,voice,246,0.0,2026-04-24 07:40:07,Bandung,BDG-003,completed
4250,08122102236,08131538795,voice,44,0.0,2026-04-24 08:18:51,Medan,MDN-006,dropped
4251,08121476478,08138245839,sms,0,0.0,2026-04-24 08:28:59,Surabaya,SBY-006,completed
4252,08126409986,08136179863,sms,0,0.0,2026-04-24 08:35:51,Medan,MDN-005,dropped
4253,08121337099,08131595943,voice,439,0.0,2026-04-24 08:41:51,Medan,MDN-002,dropped
4254,08127603074,08138556704,data,0,3698.5,2026-04-24 08:50:51,Medan,MDN-003,dropped
4255,08127772864,08131889916,voice,178,0.0,2026-04-24 08:59:51,Medan,MDN-001,dropped
4256,08126705235,08134116449,voice,660,0.0,2026-04-24 09:06:51,Medan,MDN-004,failed
4257,08126705235,08136444787,voice,484,0.0,2026-04-24 09:07:51,Medan,MDN-003,failed
4258,08122713684,08139434563,voice,340,0.0,2026-04-24 09:29:51,Medan,MDN-004,failed
4259,08127129850,08133617221,data,0,4325.2,2026-04-24 09:58:51,Medan,MDN-003,failed
4260,08123340178,08136179863,data,0,2749.4,2026-04-24 10:00:51,Medan,MDN-001,dropped
4261,08123727379,08132686161,data,0,2815.7,2026-04-24 10:00:51,Medan,MDN-001,dropped
4262,08126851078,08138556704,voice,444,0.0,2026-04-24 10:05:51,Medan,MDN-004,failed
4263,08123340178,08131411328,data,0,3518.1,2026-04-24 10:17:13,Jakarta,JKT-001,completed
4264,08123861273,08139434563,voice,483,0.0,2026-04-24 10:20:51,Medan,MDN-004,dropped
4265,08129282643,08132546588,voice,361,0.0,2026-04-24 10:20:51,Medan,MDN-003,failed
4266,08127232704,08131369129,data,0,2784.5,2026-04-24 10:44:51,Medan,MDN-004,failed
4267,08124193747,08135528971,sms,0,0.0,2026-04-24 10:58:51,Medan,MDN-003,dropped
4268,08123502196,08131369129,voice,553,0.0,2026-04-24 11:07:51,Medan,MDN-001,dropped
4269,08123010002,08136444787,voice,169,0.0,2026-04-24 11:20:51,Medan,MDN-001,dropped
4270,08129329387,08135256740,sms,0,0.0,2026-04-24 11:46:51,Medan,MDN-006,failed
4271,08123727379,08135108727,voice,693,0.0,2026-04-24 12:08:22,Makassar,MKS-003,completed
4272,08129282643,08131278077,sms,0,0.0,2026-04-24 12:08:51,Medan,MDN-002,dropped
4273,08123010002,08138153511,voice,579,0.0,2026-04-24 12:22:51,Medan,MDN-004,failed
4274,08127603074,08138556704,voice,43,0.0,2026-04-24 13:16:51,Medan,MDN-001,dropped
4275,08121040858,08134141852,data,0,947.6,2026-04-24 13:17:27,Yogyakarta,YOG-006,completed
4276,08123741962,08138120117,sms,0,0.0,2026-04-24 13:19:51,Medan,MDN-001,dropped
4277,08123010002,08135256740,voice,671,0.0,2026-04-24 13:22:51,Medan,MDN-001,dropped
4278,08127129850,08132145049,sms,0,0.0,2026-04-24 13:34:23,Semarang,SMG-001,completed
4279,08128809498,08131140163,sms,0,0.0,2026-04-24 15:21:29,Bandung,BDG-001,completed
4280,08127129850,08132745116,voice,147,0.0,2026-04-24 15:23:12,Yogyakarta,YOG-005,completed
4281,08126781597,08139238095,sms,0,0.0,2026-04-24 16:01:54,Denpasar,DPS-001,completed
4282,08122534297,08132745116,sms,0,0.0,2026-04-24 17:29:56,Yogyakarta,YOG-003,completed
4283,08125085916,08134492186,voice,393,0.0,2026-04-24 19:02:08,Makassar,MKS-005,completed
4284,08121476478,08132904772,voice,672,0.0,2026-04-24 20:17:28,Surabaya,SBY-006,completed
4285,08125085916,08131538795,sms,0,0.0,2026-04-24 20:35:35,Balikpapan,BPN-006,completed
4286,08129221446,08133550005,voice,20,0.0,2026-04-24 22:06:28,Yogyakarta,YOG-005,completed
4287,08122713684,08136757515,voice,670,0.0,2026-04-25 01:31:41,Semarang,SMG-006,completed
4288,08122534297,08138120117,voice,223,0.0,2026-04-25 01:32:04,Denpasar,DPS-004,completed
4289,08121040858,08135528971,data,0,69.5,2026-04-25 02:00:56,Balikpapan,BPN-004,completed
4290,08126851078,08138245839,voice,558,0.0,2026-04-25 02:48:57,Jakarta,JKT-002,completed
4291,08127129850,08139238095,voice,554,0.0,2026-04-25 08:15:53,Bandung,BDG-005,completed
4292,08128310846,08133550005,sms,0,0.0,2026-04-25 08:30:39,Surabaya,SBY-006,completed
4293,08123010002,08131595943,data,0,915.0,2026-04-25 11:13:26,Denpasar,DPS-001,completed
4294,08129152462,08133550005,voice,485,0.0,2026-04-25 12:08:38,Surabaya,SBY-004,completed
4295,08126351163,08138556704,data,0,125.6,2026-04-25 12:37:31,Denpasar,DPS-003,completed
4296,08126351163,08135256740,voice,331,0.0,2026-04-25 13:58:14,Yogyakarta,YOG-005,completed
4297,08121476478,08132745116,voice,164,0.0,2026-04-25 15:09:27,Makassar,MKS-003,completed
4298,08122561951,08134086463,data,0,3683.8,2026-04-25 15:26:52,Jakarta,JKT-006,completed
4299,08121040858,08132745116,data,0,2656.9,2026-04-25 16:14:38,Denpasar,DPS-005,completed
4300,08122153038,08132546588,sms,0,0.0,2026-04-25 18:36:06,Balikpapan,BPN-002,completed
4301,08127772864,08133783250,voice,144,0.0,2026-04-25 18:42:29,Medan,MDN-005,completed
4302,08127803551,08135256740,voice,455,0.0,2026-04-25 19:58:24,Medan,MDN-006,completed
4303,08127232704,08132904772,data,0,1221.3,2026-04-25 21:23:10,Makassar,MKS-001,completed
4304,08126851078,08134445123,voice,553,0.0,2026-04-25 22:12:37,Balikpapan,BPN-001,completed
4305,08122153038,08138120117,sms,0,0.0,2026-04-25 22:14:23,Jakarta,JKT-005,completed
4306,08123010002,08138670118,data,0,4958.8,2026-04-26 01:08:50,Balikpapan,BPN-002,completed
4307,08128310846,08139238095,voice,714,0.0,2026-04-26 01:43:04,Semarang,SMG-006,completed
4308,08129329387,08139238095,sms,0,0.0,2026-04-26 02:54:52,Palembang,PLM-002,completed
4309,08126705235,08138153511,data,0,3035.9,2026-04-26 05:56:38,Denpasar,DPS-004,completed
4310,08121040858,08135108727,data,0,1305.9,2026-04-26 07:03:33,Yogyakarta,YOG-001,completed
4311,08121040858,08133171407,data,0,102.1,2026-04-26 08:56:49,Semarang,SMG-003,completed
4312,08125916355,08138245839,voice,54,0.0,2026-04-26 11:13:01,Palembang,PLM-002,completed
4313,08123861273,08136054797,voice,49,0.0,2026-04-26 11:40:41,Palembang,PLM-005,completed
4314,08129373756,08132091000,voice,47,0.0,2026-04-26 12:03:14,Bandung,BDG-005,completed
4315,08123755069,08134445123,voice,353,0.0,2026-04-26 14:41:22,Balikpapan,BPN-003,completed
4316,08126351163,08134116449,data,0,3948.2,2026-04-26 14:57:38,Jakarta,JKT-002,completed
4317,08128809498,08134116449,data,0,297.9,2026-04-26 15:27:30,Semarang,SMG-001,completed
4318,08122480627,08135528971,data,0,3219.1,2026-04-26 17:04:12,Medan,MDN-004,completed
4319,08121040858,08139238095,data,0,4174.3,2026-04-26 18:40:57,Denpasar,DPS-002,completed
4320,08128809498,08134116449,voice,61,0.0,2026-04-26 21:13:17,Medan,MDN-001,completed
4321,08121337099,08136757515,voice,536,0.0,2026-04-26 21:59:03,Denpasar,DPS-002,completed
4322,08127009027,08136054797,data,0,2219.8,2026-04-27 01:33:06,Makassar,MKS-003,completed
4323,08123359932,08131889916,voice,162,0.0,2026-04-27 02:14:27,Surabaya,SBY-004,completed
4324,08123502196,08136757515,voice,519,0.0,2026-04-27 04:38:03,Bandung,BDG-004,completed
4325,08127129850,08135256740,voice,333,0.0,2026-04-27 11:51:14,Denpasar,DPS-005,completed
4326,08122713684,08133550005,data,0,2192.2,2026-04-27 17:13:30,Jakarta,JKT-006,completed
4327,08126781597,08134141852,data,0,4367.6,2026-04-27 17:57:03,Palembang,PLM-002,completed
4328,08123722577,08134086463,data,0,3670.4,2026-04-27 18:39:32,Jakarta,JKT-002,completed
4329,08122153038,08138245839,voice,426,0.0,2026-04-27 18:59:52,Bandung,BDG-001,completed
4330,08128753866,08135256740,voice,95,0.0,2026-04-27 19:29:22,Semarang,SMG-003,completed
4331,08122480627,08134400368,voice,222,0.0,2026-04-27 19:31:12,Medan,MDN-005,completed
4332,08126781597,08135256740,voice,337,0.0,2026-04-27 20:13:05,Yogyakarta,YOG-004,completed
4333,08129152462,08132091000,data,0,4744.4,2026-04-27 20:46:36,Jakarta,JKT-001,completed
4334,08129373756,08131278077,voice,249,0.0,2026-04-28 00:35:33,Makassar,MKS-004,completed
4335,08123727379,08131538795,data,0,2118.9,2026-04-28 03:14:54,Palembang,PLM-001,completed
4336,08123010002,08131411328,sms,0,0.0,2026-04-28 04:12:44,Jakarta,JKT-002,completed
4337,08129373756,08132310425,sms,0,0.0,2026-04-28 05:21:33,Denpasar,DPS-006,completed
4338,08127603074,08133773951,sms,0,0.0,2026-04-28 05:33:06,Jakarta,JKT-004,completed
4339,08129373756,08134086463,voice,615,0.0,2026-04-28 07:13:30,Yogyakarta,YOG-006,completed
4340,08123722577,08133783250,voice,68,0.0,2026-04-28 08:10:43,Denpasar,DPS-005,completed
4341,08121291312,08132546588,sms,0,0.0,2026-04-28 12:11:51,Surabaya,SBY-004,completed
4342,08122153038,08131140163,voice,279,0.0,2026-04-28 12:23:12,Yogyakarta,YOG-002,completed
4343,08121476478,08134141852,voice,197,0.0,2026-04-28 14:52:57,Makassar,MKS-002,completed
4344,08126781597,08136054797,data,0,487.6,2026-04-28 14:58:51,Medan,MDN-004,completed
4345,08123359932,08132353532,voice,321,0.0,2026-04-28 15:45:33,Semarang,SMG-003,completed
4346,08123359932,08131312961,voice,355,0.0,2026-04-28 16:48:20,Surabaya,SBY-001,completed
4347,08121476478,08132686161,voice,700,0.0,2026-04-28 17:32:43,Jakarta,JKT-004,completed
4348,08129221446,08134086463,voice,114,0.0,2026-04-28 19:03:42,Balikpapan,BPN-001,completed
4349,08127129850,08131140163,voice,319,0.0,2026-04-28 19:05:27,Medan,MDN-006,completed
4350,08124007520,08132145049,voice,192,0.0,2026-04-28 19:36:40,Medan,MDN-003,completed
4351,08123010002,08133171407,data,0,1590.6,2026-04-28 20:58:37,Yogyakarta,YOG-001,completed
4352,08122480627,08131931137,voice,467,0.0,2026-04-28 22:46:41,Medan,MDN-002,completed
4353,08128753866,08131278077,voice,35,0.0,2026-04-29 03:29:06,Palembang,PLM-006,completed
4354,08122713684,08131278077,voice,96,0.0,2026-04-29 05:32:46,Palembang,PLM-004,completed
4355,08123722577,08132904772,voice,191,0.0,2026-04-29 08:03:03,Jakarta,JKT-003,completed
4356,08129996828,08134141852,voice,61,0.0,2026-04-29 08:47:38,Makassar,MKS-006,completed
4357,08123340178,08135677762,voice,349,0.0,2026-04-29 11:02:39,Balikpapan,BPN-005,failed
4358,08123502196,08132310425,voice,30,0.0,2026-04-29 11:16:39,Balikpapan,BPN-002,failed
4359,08123741962,08132353532,sms,0,0.0,2026-04-29 11:21:16,Palembang,PLM-002,completed
4360,08121899899,08134116449,sms,0,0.0,2026-04-29 11:24:39,Balikpapan,BPN-002,dropped
4361,08121476478,08133783250,data,0,2286.1,2026-04-29 11:31:39,Balikpapan,BPN-001,dropped
4362,08125737520,08131723779,data,0,3963.2,2026-04-29 11:33:39,Balikpapan,BPN-003,dropped
4363,08127129850,08131723779,sms,0,0.0,2026-04-29 11:39:39,Balikpapan,BPN-003,failed
4364,08121626747,08133783250,data,0,721.5,2026-04-29 11:50:08,Denpasar,DPS-003,completed
4365,08129996828,08132353532,voice,443,0.0,2026-04-29 12:09:39,Balikpapan,BPN-003,dropped
4366,08127803551,08132145049,sms,0,0.0,2026-04-29 12:19:48,Yogyakarta,YOG-006,completed
4367,08129996828,08138556704,voice,73,0.0,2026-04-29 12:26:39,Balikpapan,BPN-002,dropped
4368,08128310846,08131595943,voice,191,0.0,2026-04-29 12:30:39,Balikpapan,BPN-005,dropped
4369,08121291312,08133171407,voice,141,0.0,2026-04-29 12:57:39,Balikpapan,BPN-004,dropped
4370,08128809498,08138245839,voice,75,0.0,2026-04-29 12:58:39,Balikpapan,BPN-003,failed
4371,08121078308,08131538795,voice,139,0.0,2026-04-29 12:59:39,Balikpapan,BPN-002,dropped
4372,08121291312,08131278077,voice,292,0.0,2026-04-29 13:03:21,Medan,MDN-001,completed
4373,08121476478,08134400368,voice,379,0.0,2026-04-29 13:10:39,Balikpapan,BPN-004,dropped
4374,08121078308,08133773951,data,0,3470.8,2026-04-29 13:14:39,Balikpapan,BPN-001,dropped
4375,08122480627,08131723779,voice,33,0.0,2026-04-29 13:46:39,Balikpapan,BPN-003,failed
4376,08127232704,08131723779,voice,590,0.0,2026-04-29 13:54:39,Balikpapan,BPN-003,dropped
4377,08126409986,08131411328,voice,649,0.0,2026-04-29 13:59:39,Balikpapan,BPN-001,dropped
4378,08123010002,08135256740,voice,575,0.0,2026-04-29 14:14:39,Balikpapan,BPN-001,dropped
4379,08121040858,08131723779,voice,634,0.0,2026-04-29 14:19:58,Semarang,SMG-002,completed
4380,08123359932,08131723779,data,0,2391.8,2026-04-29 14:29:39,Balikpapan,BPN-001,dropped
4381,08121291312,08136146599,voice,396,0.0,2026-04-29 14:29:39,Balikpapan,BPN-004,dropped
4382,08128753866,08134141852,data,0,2479.7,2026-04-29 14:45:39,Balikpapan,BPN-001,dropped
4383,08126409986,08132353532,voice,29,0.0,2026-04-29 14:47:33,Surabaya,SBY-002,completed
4384,08127803551,08131140163,data,0,3245.1,2026-04-29 14:51:39,Balikpapan,BPN-002,dropped
4385,08125737520,08136757515,data,0,2436.5,2026-04-29 15:07:54,Jakarta,JKT-003,completed
4386,08127603074,08131140163,data,0,846.1,2026-04-29 15:18:39,Balikpapan,BPN-001,dropped
4387,08123340178,08131312961,voice,705,0.0,2026-04-29 15:25:39,Balikpapan,BPN-006,dropped
4388,08122480627,08135677762,data,0,3632.3,2026-04-29 15:41:39,Balikpapan,BPN-004,failed
4389,08129996828,08131278077,sms,0,0.0,2026-04-29 15:54:39,Balikpapan,BPN-004,failed
4390,08122480627,08134445123,voice,664,0.0,2026-04-29 15:55:39,Balikpapan,BPN-005,failed
4391,08122534297,08133773951,voice,275,0.0,2026-04-29 17:31:39,Balikpapan,BPN-001,dropped
4392,08121476478,08132546588,data,0,3377.7,2026-04-29 17:38:58,Bandung,BDG-001,dropped
4393,08122534297,08139434563,data,0,1132.0,2026-04-29 17:51:39,Balikpapan,BPN-003,dropped
4394,08129373756,08131931137,voice,431,0.0,2026-04-29 18:50:58,Bandung,BDG-002,dropped
4395,08127803551,08134116449,sms,0,0.0,2026-04-29 19:05:58,Bandung,BDG-004,failed
4396,08127803551,08136444787,data,0,2155.8,2026-04-29 19:37:58,Bandung,BDG-005,dropped
4397,08125916355,08137966871,voice,504,0.0,2026-04-29 19:53:40,Denpasar,DPS-003,completed
4398,08127772864,08134445123,voice,569,0.0,2026-04-29 20:03:58,Bandung,BDG-003,failed
4399,08125916355,08134141852,voice,648,0.0,2026-04-29 20:22:27,Medan,MDN-002,completed
4400,08122561951,08131411328,data,0,2449.9,2026-04-29 20:55:58,Bandung,BDG-003,dropped
4401,08129221446,08132546588,data,0,997.4,2026-04-29 20:59:58,Bandung,BDG-001,failed
4402,08122102236,08131595943,voice,175,0.0,2026-04-29 21:20:58,Bandung,BDG-001,dropped
4403,08124193747,08132160948,voice,362,0.0,2026-04-29 21:28:58,Bandung,BDG-003,failed
4404,08129996828,08132904772,data,0,2725.8,2026-04-29 21:29:58,Bandung,BDG-004,failed
4405,08121291312,08136475969,voice,142,0.0,2026-04-29 21:39:58,Bandung,BDG-006,dropped
4406,08126705235,08133171407,voice,207,0.0,2026-04-29 21:55:58,Bandung,BDG-001,dropped
4407,08129282643,08134141852,sms,0,0.0,2026-04-29 22:14:58,Bandung,BDG-001,failed
4408,08123502196,08131140163,voice,312,0.0,2026-04-29 22:22:58,Bandung,BDG-004,failed
4409,08122480627,08139238095,data,0,4923.6,2026-04-29 22:26:58,Bandung,BDG-001,dropped
4410,08123340178,08131538795,sms,0,0.0,2026-04-29 22:30:58,Bandung,BDG-001,dropped
4411,08125737520,08131723779,sms,0,0.0,2026-04-29 22:44:58,Bandung,BDG-003,failed
4412,08129329387,08134086463,data,0,3692.5,2026-04-29 22:53:58,Bandung,BDG-003,failed
4413,08128809498,08131723779,data,0,1407.8,2026-04-29 22:57:58,Bandung,BDG-005,dropped
4414,08125916355,08131723779,voice,664,0.0,2026-04-29 23:26:58,Bandung,BDG-002,dropped
4415,08127009027,08135528971,data,0,4742.3,2026-04-29 23:33:03,Surabaya,SBY-003,completed
4416,08126851078,08136054797,voice,444,0.0,2026-04-29 23:54:58,Bandung,BDG-003,failed
4417,08127603074,08131369129,voice,505,0.0,2026-04-30 00:01:58,Bandung,BDG-001,dropped
4418,08125085916,08136475969,data,0,4895.7,2026-04-30 02:42:58,Bandung,BDG-002,dropped
4419,08127803551,08134492186,voice,362,0.0,2026-04-30 03:15:05,Bandung,BDG-005,completed
4420,08123741962,08131595943,voice,265,0.0,2026-04-30 03:25:48,Bandung,BDG-004,completed
4421,08127232704,08132091000,voice,51,0.0,2026-04-30 03:54:22,Medan,MDN-006,completed
4422,08122713684,08131278077,voice,704,0.0,2026-04-30 05:34:44,Semarang,SMG-005,completed
4423,08122561951,08131931137,voice,401,0.0,2026-04-30 07:40:27,Surabaya,SBY-005,completed
4424,08121040858,08134141852,voice,618,0.0,2026-04-30 08:39:28,Medan,MDN-005,completed
4425,08123340178,08135677762,data,0,2032.3,2026-04-30 10:18:51,Surabaya,SBY-002,completed
4426,08125737520,08133773951,sms,0,0.0,2026-04-30 11:32:22,Surabaya,SBY-001,completed
4427,08123359932,08134086463,data,0,686.4,2026-04-30 15:14:16,Palembang,PLM-003,completed
4428,08126705235,08132686161,voice,338,0.0,2026-04-30 16:03:57,Balikpapan,BPN-002,completed
4429,08127772864,08135528971,sms,0,0.0,2026-04-30 18:42:38,Bandung,BDG-005,completed
4430,08129282643,08136146599,data,0,1240.3,2026-04-30 18:43:47,Medan,MDN-002,completed
4431,08128809498,08132546588,voice,276,0.0,2026-04-30 22:16:53,Jakarta,JKT-003,completed
4432,08123340178,08131538795,voice,666,0.0,2026-04-30 22:36:33,Balikpapan,BPN-002,completed
4433,08127603074,08139238095,voice,442,0.0,2026-04-30 23:48:27,Palembang,PLM-006,completed
4434,08128753866,08136054797,sms,0,0.0,2026-04-30 23:56:44,Makassar,MKS-002,completed
4435,08128753866,08132091000,voice,366,0.0,2026-05-01 02:10:59,Yogyakarta,YOG-001,completed
4436,08129373756,08139434563,data,0,3546.7,2026-05-01 02:40:14,Semarang,SMG-003,completed
4437,08129373756,08132353532,voice,59,0.0,2026-05-01 02:43:04,Bandung,BDG-006,completed
4438,08123727379,08137966871,voice,166,0.0,2026-05-01 04:20:04,Palembang,PLM-004,completed
4439,08127232704,08132904772,voice,572,0.0,2026-05-01 04:43:34,Balikpapan,BPN-003,failed
4440,08122480627,08131723779,voice,540,0.0,2026-05-01 05:12:44,Makassar,MKS-002,completed
4441,08124028773,08132160948,voice,90,0.0,2026-05-01 05:37:34,Balikpapan,BPN-006,dropped
4442,08127129850,08134309599,voice,437,0.0,2026-05-01 06:35:34,Balikpapan,BPN-003,failed
4443,08123502196,08132904772,sms,0,0.0,2026-05-01 07:09:34,Balikpapan,BPN-003,failed
4444,08127129850,08137966871,voice,131,0.0,2026-05-01 07:16:34,Balikpapan,BPN-003,failed
4445,08129996828,08135677762,sms,0,0.0,2026-05-01 07:27:34,Balikpapan,BPN-003,failed
4446,08127772864,08134116449,voice,162,0.0,2026-05-01 07:44:34,Balikpapan,BPN-003,failed
4447,08121040858,08133617221,data,0,3293.0,2026-05-01 07:51:58,Denpasar,DPS-001,completed
4448,08129373756,08134141852,voice,236,0.0,2026-05-01 08:16:34,Balikpapan,BPN-001,dropped
4449,08127232704,08134492186,voice,681,0.0,2026-05-01 08:28:34,Balikpapan,BPN-004,failed
4450,08129152462,08132145049,voice,134,0.0,2026-05-01 08:58:34,Balikpapan,BPN-001,dropped
4451,08123727379,08138120117,voice,546,0.0,2026-05-01 09:00:20,Bandung,BDG-003,completed
4452,08123861273,08138153511,sms,0,0.0,2026-05-01 09:03:34,Balikpapan,BPN-004,failed
4453,08122713684,08133773951,data,0,1339.1,2026-05-01 09:48:34,Balikpapan,BPN-001,dropped
4454,08129221446,08131411328,sms,0,0.0,2026-05-01 09:50:34,Balikpapan,BPN-005,dropped
4455,08122102236,08132745116,voice,617,0.0,2026-05-01 09:53:02,Denpasar,DPS-004,completed
4456,08125916355,08131723779,data,0,1969.3,2026-05-01 09:54:34,Balikpapan,BPN-001,dropped
4457,08121899899,08137966871,voice,23,0.0,2026-05-01 10:25:34,Balikpapan,BPN-002,dropped
4458,08122534297,08134445123,data,0,78.7,2026-05-01 10:55:34,Balikpapan,BPN-002,dropped
4459,08124193747,08138556704,voice,661,0.0,2026-05-01 11:05:34,Balikpapan,BPN-003,failed
4460,08127803551,08133171407,voice,322,0.0,2026-05-01 11:13:46,Medan,MDN-003,completed
4461,08122534297,08134445123,voice,96,0.0,2026-05-01 11:25:34,Balikpapan,BPN-001,failed
4462,08125085916,08138556704,data,0,2638.6,2026-05-01 11:34:29,Semarang,SMG-001,completed
4463,08127009027,08131538795,data,0,1526.2,2026-05-01 11:35:53,Semarang,SMG-004,completed
4464,08124193747,08134492186,voice,305,0.0,2026-05-01 11:53:03,Balikpapan,BPN-005,completed
4465,08121291312,08132160948,sms,0,0.0,2026-05-01 12:28:34,Balikpapan,BPN-003,failed
4466,08122534297,08136444787,voice,179,0.0,2026-05-01 12:36:34,Balikpapan,BPN-003,dropped
4467,08122480627,08134400368,voice,25,0.0,2026-05-01 12:41:56,Balikpapan,BPN-005,completed
4468,08126705235,08136757515,voice,419,0.0,2026-05-01 12:47:34,Balikpapan,BPN-002,dropped
4469,08126851078,08139516217,voice,196,0.0,2026-05-01 13:05:34,Balikpapan,BPN-003,dropped
4470,08123722577,08132353532,voice,50,0.0,2026-05-01 13:35:34,Balikpapan,BPN-003,failed
4471,08123861273,08139516217,sms,0,0.0,2026-05-01 15:08:54,Semarang,SMG-003,completed
4472,08121337099,08132686161,voice,461,0.0,2026-05-01 18:41:26,Medan,MDN-002,completed
4473,08128753866,08134086463,voice,171,0.0,2026-05-01 20:00:35,Palembang,PLM-001,completed
4474,08121078308,08131723779,sms,0,0.0,2026-05-01 21:00:05,Palembang,PLM-004,completed
4475,08127232704,08132904772,voice,507,0.0,2026-05-01 21:15:05,Yogyakarta,YOG-005,completed
4476,08124193747,08138245839,voice,101,0.0,2026-05-01 23:57:59,Palembang,PLM-003,completed
4477,08121626747,08138556704,data,0,2114.8,2026-05-02 00:51:20,Palembang,PLM-001,completed
4478,08122480627,08131595943,voice,650,0.0,2026-05-02 02:48:46,Bandung,BDG-004,completed
4479,08123755069,08131595943,data,0,2502.2,2026-05-02 04:37:06,Bandung,BDG-005,completed
4480,08127232704,08131595943,data,0,129.0,2026-05-02 08:09:55,Denpasar,DPS-004,completed
4481,08121476478,08133550005,voice,620,0.0,2026-05-02 08:52:35,Balikpapan,BPN-006,completed
4482,08121291312,08134445123,data,0,4012.9,2026-05-02 09:40:19,Jakarta,JKT-005,completed
4483,08123359932,08131931137,data,0,2544.2,2026-05-02 12:43:57,Jakarta,JKT-004,completed
4484,08125916355,08131889916,voice,132,0.0,2026-05-02 13:23:58,Jakarta,JKT-003,completed
4485,08121291312,08134086463,sms,0,0.0,2026-05-02 14:04:06,Makassar,MKS-003,completed
4486,08121040858,08136475969,data,0,4113.1,2026-05-02 15:48:27,Surabaya,SBY-001,completed
4487,08129152462,08131140163,data,0,666.2,2026-05-02 16:32:03,Jakarta,JKT-006,completed
4488,08123755069,08131411328,data,0,432.9,2026-05-02 16:51:48,Yogyakarta,YOG-002,completed
4489,08122534297,08131889916,voice,534,0.0,2026-05-02 19:25:34,Balikpapan,BPN-001,completed
4490,08128809498,08131312961,voice,48,0.0,2026-05-03 00:03:09,Makassar,MKS-003,completed
4491,08122561951,08138245839,data,0,1757.7,2026-05-03 00:47:49,Palembang,PLM-002,completed
4492,08126851078,08132091000,sms,0,0.0,2026-05-03 01:18:19,Makassar,MKS-002,completed
4493,08126781597,08136146599,data,0,2003.5,2026-05-03 02:10:41,Surabaya,SBY-005,completed
4494,08126351163,08132353532,voice,239,0.0,2026-05-03 02:50:27,Jakarta,JKT-001,completed
4495,08126351163,08136757515,data,0,406.7,2026-05-03 03:21:13,Jakarta,JKT-005,completed
4496,08129373756,08132091000,sms,0,0.0,2026-05-03 04:33:41,Semarang,SMG-003,dropped
4497,08127603074,08138153511,voice,685,0.0,2026-05-03 06:17:50,Makassar,MKS-004,completed
4498,08121291312,08131312961,sms,0,0.0,2026-05-03 06:30:41,Semarang,SMG-002,dropped
4499,08124028773,08131278077,data,0,2413.4,2026-05-03 06:34:07,Denpasar,DPS-001,completed
4500,08127009027,08138245839,sms,0,0.0,2026-05-03 06:38:41,Semarang,SMG-005,dropped
4501,08123722577,08139434563,data,0,4330.6,2026-05-03 06:56:41,Semarang,SMG-005,dropped
4502,08129221446,08138245839,data,0,1805.0,2026-05-03 07:05:41,Semarang,SMG-006,dropped
4503,08121626747,08136757515,data,0,3827.0,2026-05-03 07:11:41,Semarang,SMG-002,dropped
4504,08129152462,08132353532,voice,577,0.0,2026-05-03 07:16:24,Yogyakarta,YOG-004,completed
4505,08122561951,08132546588,voice,688,0.0,2026-05-03 08:00:41,Semarang,SMG-001,dropped
4506,08124028773,08133550005,data,0,261.0,2026-05-03 08:45:41,Semarang,SMG-004,failed
4507,08127603074,08132686161,voice,234,0.0,2026-05-03 08:50:41,Semarang,SMG-003,failed
4508,08127129850,08131369129,voice,361,0.0,2026-05-03 08:52:41,Semarang,SMG-003,dropped
4509,08129152462,08132686161,voice,287,0.0,2026-05-03 09:00:41,Semarang,SMG-002,dropped
4510,08124028773,08132686161,data,0,2689.2,2026-05-03 09:08:41,Semarang,SMG-003,dropped
4511,08124007520,08136475969,data,0,3618.2,2026-05-03 09:11:41,Semarang,SMG-001,dropped
4512,08128809498,08136146599,sms,0,0.0,2026-05-03 09:12:41,Semarang,SMG-003,dropped
4513,08127772864,08138670118,voice,667,0.0,2026-05-03 09:16:41,Semarang,SMG-002,dropped
4514,08125916355,08138120117,data,0,1415.9,2026-05-03 09:26:41,Semarang,SMG-005,dropped
4515,08125916355,08133617221,data,0,2555.5,2026-05-03 09:30:41,Semarang,SMG-001,dropped
4516,08123722577,08138670118,data,0,2119.8,2026-05-03 09:35:41,Semarang,SMG-001,dropped
4517,08127803551,08131278077,voice,457,0.0,2026-05-03 09:35:41,Semarang,SMG-004,failed
4518,08123861273,08138245839,data,0,458.8,2026-05-03 09:38:41,Semarang,SMG-001,dropped
4519,08126705235,08134309599,sms,0,0.0,2026-05-03 09:44:41,Semarang,SMG-005,dropped
4520,08126705235,08136475969,voice,98,0.0,2026-05-03 10:02:41,Semarang,SMG-003,dropped
4521,08123010002,08131278077,voice,624,0.0,2026-05-03 10:12:41,Semarang,SMG-002,dropped
4522,08126409986,08132145049,voice,80,0.0,2026-05-03 10:17:41,Semarang,SMG-003,failed
4523,08128809498,08132904772,voice,292,0.0,2026-05-03 10:36:41,Semarang,SMG-004,dropped
4524,08123727379,08133171407,voice,658,0.0,2026-05-03 10:37:41,Semarang,SMG-003,failed
4525,08127803551,08135677762,sms,0,0.0,2026-05-03 10:38:41,Semarang,SMG-002,dropped
4526,08126409986,08132310425,data,0,4278.2,2026-05-03 10:40:41,Semarang,SMG-001,dropped
4527,08128809498,08131369129,sms,0,0.0,2026-05-03 10:46:41,Semarang,SMG-002,dropped
4528,08123755069,08131595943,voice,350,0.0,2026-05-03 10:50:41,Semarang,SMG-006,dropped
4529,08122534297,08131411328,voice,639,0.0,2026-05-03 10:54:41,Semarang,SMG-004,dropped
4530,08126705235,08132904772,data,0,1885.4,2026-05-03 10:58:41,Semarang,SMG-005,failed
4531,08124028773,08132353532,voice,407,0.0,2026-05-03 11:21:41,Semarang,SMG-001,dropped
4532,08121899899,08132310425,voice,89,0.0,2026-05-03 11:45:41,Semarang,SMG-003,failed
4533,08129996828,08135677762,sms,0,0.0,2026-05-03 12:04:41,Semarang,SMG-004,dropped
4534,08123755069,08131723779,sms,0,0.0,2026-05-03 12:18:41,Semarang,SMG-003,failed
4535,08129221446,08131140163,data,0,1444.6,2026-05-03 13:16:16,Surabaya,SBY-002,completed
4536,08123727379,08136757515,voice,306,0.0,2026-05-03 14:01:12,Medan,MDN-001,completed
4537,08128753866,08133617221,voice,250,0.0,2026-05-03 14:13:30,Semarang,SMG-002,dropped
4538,08123722577,08134086463,voice,281,0.0,2026-05-03 17:35:30,Semarang,SMG-004,failed
4539,08123722577,08135528971,voice,444,0.0,2026-05-03 17:43:30,Semarang,SMG-004,failed
4540,08129221446,08131595943,sms,0,0.0,2026-05-03 17:56:30,Semarang,SMG-001,dropped
4541,08129373756,08139516217,voice,455,0.0,2026-05-03 18:07:30,Semarang,SMG-004,failed
4542,08121899899,08139238095,voice,675,0.0,2026-05-03 18:13:30,Semarang,SMG-002,dropped
4543,08127009027,08134141852,sms,0,0.0,2026-05-03 18:27:13,Surabaya,SBY-004,completed
4544,08125737520,08138153511,voice,133,0.0,2026-05-03 18:29:30,Semarang,SMG-002,failed
4545,08123359932,08132160948,data,0,522.7,2026-05-03 18:54:30,Semarang,SMG-001,dropped
4546,08125085916,08135256740,voice,321,0.0,2026-05-03 18:59:30,Semarang,SMG-003,failed
4547,08122153038,08139434563,voice,237,0.0,2026-05-03 19:02:30,Semarang,SMG-001,dropped
4548,08129152462,08134086463,voice,518,0.0,2026-05-03 19:20:30,Semarang,SMG-001,dropped
4549,08123010002,08134141852,data,0,2413.0,2026-05-03 19:24:58,Denpasar,DPS-001,completed
4550,08129373756,08135108727,data,0,3504.6,2026-05-03 19:31:30,Semarang,SMG-004,dropped
4551,08125916355,08131278077,sms,0,0.0,2026-05-03 19:37:42,Jakarta,JKT-002,completed
4552,08129221446,08132145049,sms,0,0.0,2026-05-03 19:40:30,Semarang,SMG-004,failed
4553,08121899899,08133773951,voice,325,0.0,2026-05-03 19:42:30,Semarang,SMG-005,failed
4554,08124028773,08136757515,sms,0,0.0,2026-05-03 19:48:30,Semarang,SMG-002,dropped
4555,08126705235,08131278077,voice,75,0.0,2026-05-03 20:18:30,Semarang,SMG-002,failed
4556,08125085916,08134492186,data,0,2703.1,2026-05-03 20:27:56,Balikpapan,BPN-005,completed
4557,08129221446,08138153511,data,0,4666.8,2026-05-03 20:38:30,Semarang,SMG-002,dropped
4558,08123722577,08132310425,voice,445,0.0,2026-05-03 21:00:30,Semarang,SMG-002,dropped
4559,08122534297,08131538795,voice,186,0.0,2026-05-03 21:12:30,Semarang,SMG-002,dropped
4560,08123010002,08131278077,voice,162,0.0,2026-05-03 21:16:30,Semarang,SMG-001,dropped
4561,08126851078,08132904772,voice,680,0.0,2026-05-03 21:40:30,Semarang,SMG-001,dropped
4562,08121040858,08138120117,voice,539,0.0,2026-05-03 21:43:30,Semarang,SMG-003,dropped
4563,08126705235,08134309599,data,0,2676.7,2026-05-03 21:48:47,Makassar,MKS-002,completed
4564,08124007520,08134492186,voice,111,0.0,2026-05-03 21:49:30,Semarang,SMG-006,dropped
4565,08124007520,08134116449,voice,616,0.0,2026-05-03 21:50:30,Semarang,SMG-002,dropped
4566,08129329387,08139238095,data,0,501.2,2026-05-03 21:59:45,Makassar,MKS-002,completed
4567,08128753866,08136444787,voice,167,0.0,2026-05-03 22:00:30,Semarang,SMG-003,failed
4568,08122480627,08133171407,voice,38,0.0,2026-05-03 22:13:01,Balikpapan,BPN-006,completed
4569,08126851078,08132686161,sms,0,0.0,2026-05-03 22:18:30,Semarang,SMG-001,dropped
4570,08125737520,08134116449,voice,671,0.0,2026-05-03 22:18:30,Semarang,SMG-002,dropped
4571,08124028773,08132353532,data,0,3566.1,2026-05-03 22:24:30,Semarang,SMG-001,dropped
4572,08121078308,08136444787,voice,648,0.0,2026-05-03 22:37:30,Semarang,SMG-006,failed
4573,08128310846,08134400368,data,0,2282.6,2026-05-03 23:50:27,Bandung,BDG-006,completed
4574,08122561951,08134116449,sms,0,0.0,2026-05-04 00:50:24,Jakarta,JKT-005,completed
4575,08122153038,08132160948,voice,341,0.0,2026-05-04 04:15:26,Makassar,MKS-003,completed
4576,08129373756,08138670118,sms,0,0.0,2026-05-04 07:03:11,Makassar,MKS-003,completed
4577,08121337099,08131312961,sms,0,0.0,2026-05-04 07:17:37,Denpasar,DPS-002,completed
4578,08122480627,08132745116,voice,485,0.0,2026-05-04 07:22:58,Denpasar,DPS-006,completed
4579,08121291312,08138245839,sms,0,0.0,2026-05-04 08:59:07,Semarang,SMG-002,completed
4580,08129329387,08131312961,data,0,1452.3,2026-05-04 09:14:43,Medan,MDN-001,completed
4581,08122102236,08132546588,data,0,3853.8,2026-05-04 09:47:29,Denpasar,DPS-005,completed
4582,08123861273,08133550005,voice,243,0.0,2026-05-04 10:51:39,Balikpapan,BPN-004,completed
4583,08129373756,08136475969,sms,0,0.0,2026-05-04 11:04:51,Makassar,MKS-002,completed
4584,08123741962,08135108727,data,0,1131.7,2026-05-04 13:38:06,Yogyakarta,YOG-001,completed
4585,08127803551,08134141852,voice,609,0.0,2026-05-04 13:49:38,Palembang,PLM-004,completed
4586,08128310846,08133783250,voice,203,0.0,2026-05-04 14:52:18,Denpasar,DPS-006,completed
4587,08125085916,08139434563,data,0,2035.6,2026-05-04 14:57:02,Bandung,BDG-001,completed
4588,08129221446,08138153511,voice,710,0.0,2026-05-04 16:55:47,Medan,MDN-002,completed
4589,08128809498,08133550005,data,0,2783.8,2026-05-04 18:01:45,Surabaya,SBY-006,failed
4590,08123502196,08135256740,data,0,4941.4,2026-05-04 18:14:45,Surabaya,SBY-003,dropped
4591,08121337099,08131538795,voice,108,0.0,2026-05-04 18:30:45,Surabaya,SBY-005,dropped
4592,08123722577,08138245839,voice,184,0.0,2026-05-04 18:48:59,Balikpapan,BPN-004,completed
4593,08128682106,08136757515,voice,393,0.0,2026-05-04 19:10:45,Surabaya,SBY-001,dropped
4594,08124007520,08138153511,data,0,2397.4,2026-05-04 19:16:45,Surabaya,SBY-003,dropped
4595,08121626747,08132160948,data,0,76.6,2026-05-04 19:38:45,Surabaya,SBY-006,dropped
4596,08123340178,08139516217,voice,447,0.0,2026-05-04 19:40:45,Surabaya,SBY-002,dropped
4597,08123359932,08131889916,data,0,4711.9,2026-05-04 19:44:45,Surabaya,SBY-006,dropped
4598,08122153038,08132091000,voice,528,0.0,2026-05-04 19:46:45,Surabaya,SBY-005,failed
4599,08123359932,08138245839,data,0,175.5,2026-05-04 19:49:45,Surabaya,SBY-001,dropped
4600,08122102236,08139238095,voice,639,0.0,2026-05-04 20:02:45,Surabaya,SBY-002,dropped
4601,08129329387,08131411328,voice,465,0.0,2026-05-04 20:10:45,Surabaya,SBY-001,dropped
4602,08123755069,08131723779,data,0,3741.7,2026-05-04 20:15:45,Surabaya,SBY-003,failed
4603,08128682106,08138153511,sms,0,0.0,2026-05-04 20:20:45,Surabaya,SBY-003,failed
4604,08123010002,08134309599,data,0,3718.2,2026-05-04 20:22:45,Surabaya,SBY-002,dropped
4605,08125916355,08139516217,voice,25,0.0,2026-05-04 20:30:45,Surabaya,SBY-006,dropped
4606,08124193747,08131538795,voice,434,0.0,2026-05-04 20:36:51,Makassar,MKS-003,completed
4607,08128310846,08138556704,data,0,3535.8,2026-05-04 20:49:45,Surabaya,SBY-001,dropped
4608,08129221446,08134309599,voice,78,0.0,2026-05-04 20:52:24,Palembang,PLM-003,completed
4609,08123755069,08133171407,voice,703,0.0,2026-05-04 21:19:45,Surabaya,SBY-002,dropped
4610,08129373756,08136444787,data,0,2730.6,2026-05-04 21:24:45,Surabaya,SBY-006,dropped
4611,08124028773,08134445123,voice,452,0.0,2026-05-04 21:30:45,Surabaya,SBY-006,dropped
4612,08123861273,08132310425,voice,447,0.0,2026-05-04 21:54:45,Surabaya,SBY-002,dropped
4613,08127129850,08134445123,voice,485,0.0,2026-05-04 21:58:45,Surabaya,SBY-002,dropped
4614,08124007520,08135108727,voice,129,0.0,2026-05-04 22:12:45,Surabaya,SBY-003,dropped
4615,08126409986,08131411328,data,0,2968.1,2026-05-04 23:07:45,Surabaya,SBY-001,dropped
4616,08128682106,08134492186,voice,78,0.0,2026-05-04 23:22:31,Medan,MDN-005,completed
4617,08129329387,08138245839,sms,0,0.0,2026-05-04 23:36:58,Surabaya,SBY-004,completed
4618,08122153038,08133617221,voice,612,0.0,2026-05-04 23:43:45,Surabaya,SBY-003,dropped
4619,08121626747,08133171407,voice,494,0.0,2026-05-05 00:05:30,Semarang,SMG-004,completed
4620,08127009027,08132745116,data,0,2246.2,2026-05-05 00:09:59,Jakarta,JKT-005,completed
4621,08126781597,08139238095,voice,517,0.0,2026-05-05 01:06:19,Semarang,SMG-003,completed
4622,08123755069,08134400368,data,0,3739.0,2026-05-05 01:42:10,Semarang,SMG-002,completed
4623,08123340178,08134400368,voice,672,0.0,2026-05-05 03:50:54,Makassar,MKS-005,completed
4624,08126409986,08135528971,voice,576,0.0,2026-05-05 05:21:28,Surabaya,SBY-002,failed
4625,08129282643,08136444787,voice,235,0.0,2026-05-05 05:25:26,Surabaya,SBY-001,completed
4626,08123861273,08132686161,data,0,3733.0,2026-05-05 05:28:42,Yogyakarta,YOG-003,completed
4627,08123755069,08133550005,data,0,62.9,2026-05-05 05:58:28,Surabaya,SBY-006,failed
4628,08121291312,08132686161,sms,0,0.0,2026-05-05 06:02:32,Palembang,PLM-006,completed
4629,08127232704,08134141852,data,0,2185.6,2026-05-05 06:30:28,Surabaya,SBY-004,failed
4630,08127009027,08139516217,voice,317,0.0,2026-05-05 06:36:28,Surabaya,SBY-002,dropped
4631,08125737520,08131538795,voice,681,0.0,2026-05-05 06:42:28,Surabaya,SBY-004,failed
4632,08121337099,08139238095,data,0,3267.6,2026-05-05 06:47:28,Surabaya,SBY-003,dropped
4633,08122561951,08138556704,voice,295,0.0,2026-05-05 07:36:28,Surabaya,SBY-004,failed
4634,08123359932,08135677762,voice,464,0.0,2026-05-05 07:50:28,Surabaya,SBY-002,dropped
4635,08123340178,08131723779,data,0,1098.9,2026-05-05 08:27:28,Surabaya,SBY-004,dropped
4636,08123755069,08138120117,sms,0,0.0,2026-05-05 08:45:28,Surabaya,SBY-003,failed
4637,08126705235,08132145049,voice,524,0.0,2026-05-05 08:53:51,Palembang,PLM-006,completed
4638,08129373756,08135108727,sms,0,0.0,2026-05-05 08:55:28,Surabaya,SBY-005,dropped
4639,08124193747,08136179863,voice,592,0.0,2026-05-05 09:02:28,Surabaya,SBY-004,failed
4640,08123755069,08131538795,voice,279,0.0,2026-05-05 09:08:28,Surabaya,SBY-006,failed
4641,08126705235,08131411328,data,0,3154.1,2026-05-05 09:21:28,Surabaya,SBY-002,dropped
4642,08121337099,08131312961,voice,74,0.0,2026-05-05 10:04:28,Surabaya,SBY-002,dropped
4643,08128809498,08136179863,voice,452,0.0,2026-05-05 10:12:28,Surabaya,SBY-001,dropped
4644,08129221446,08139238095,voice,544,0.0,2026-05-05 10:19:28,Surabaya,SBY-003,failed
4645,08122561951,08132160948,voice,693,0.0,2026-05-05 10:19:50,Denpasar,DPS-005,completed
4646,08122153038,08134309599,voice,273,0.0,2026-05-05 10:38:28,Surabaya,SBY-006,dropped
4647,08127772864,08131369129,data,0,1295.3,2026-05-05 10:40:28,Surabaya,SBY-003,failed
4648,08126705235,08132904772,data,0,172.2,2026-05-05 10:43:28,Surabaya,SBY-005,failed
4649,08121291312,08138245839,voice,458,0.0,2026-05-05 10:43:38,Balikpapan,BPN-003,completed
4650,08122713684,08133171407,voice,114,0.0,2026-05-05 10:51:28,Surabaya,SBY-002,dropped
4651,08126851078,08135108727,voice,407,0.0,2026-05-05 11:09:28,Surabaya,SBY-002,dropped
4652,08128310846,08131140163,sms,0,0.0,2026-05-05 11:25:28,Surabaya,SBY-003,failed
4653,08128809498,08134086463,data,0,4277.1,2026-05-05 11:28:52,Yogyakarta,YOG-004,completed
4654,08121337099,08133783250,voice,328,0.0,2026-05-05 11:40:28,Surabaya,SBY-003,failed
4655,08126851078,08139516217,voice,543,0.0,2026-05-05 11:43:28,Surabaya,SBY-004,dropped
4656,08126351163,08136054797,data,0,1997.4,2026-05-05 11:45:28,Surabaya,SBY-001,failed
4657,08125085916,08138556704,voice,569,0.0,2026-05-05 11:56:13,Balikpapan,BPN-006,completed
4658,08127232704,08132745116,data,0,736.9,2026-05-05 11:59:12,Denpasar,DPS-004,failed
4659,08126781597,08134086463,voice,137,0.0,2026-05-05 13:01:25,Balikpapan,BPN-005,completed
4660,08123861273,08131889916,voice,603,0.0,2026-05-05 13:13:12,Denpasar,DPS-002,failed
4661,08123741962,08131538795,voice,437,0.0,2026-05-05 13:25:12,Denpasar,DPS-006,failed
4662,08127232704,08138120117,data,0,2600.0,2026-05-05 13:37:12,Denpasar,DPS-001,dropped
4663,08123359932,08136757515,data,0,3497.7,2026-05-05 13:47:12,Denpasar,DPS-004,dropped
4664,08123819221,08139434563,voice,484,0.0,2026-05-05 14:09:12,Denpasar,DPS-002,dropped
4665,08124193747,08133617221,sms,0,0.0,2026-05-05 14:10:28,Surabaya,SBY-003,failed
4666,08126851078,08131595943,voice,602,0.0,2026-05-05 14:12:12,Denpasar,DPS-001,dropped
4667,08125737520,08132904772,voice,537,0.0,2026-05-05 14:31:12,Denpasar,DPS-003,failed
4668,08125085916,08134086463,voice,581,0.0,2026-05-05 14:48:12,Denpasar,DPS-004,dropped
4669,08122561951,08131312961,voice,681,0.0,2026-05-05 15:08:12,Denpasar,DPS-005,dropped
4670,08129996828,08134116449,voice,274,0.0,2026-05-05 15:10:12,Denpasar,DPS-006,dropped
4671,08124007520,08131931137,data,0,1489.3,2026-05-05 15:13:12,Yogyakarta,YOG-003,completed
4672,08121899899,08131889916,sms,0,0.0,2026-05-05 15:34:12,Denpasar,DPS-002,dropped
4673,08121899899,08131538795,data,0,3060.2,2026-05-05 15:37:12,Denpasar,DPS-005,dropped
4674,08125085916,08132745116,voice,196,0.0,2026-05-05 15:45:23,Palembang,PLM-003,completed
4675,08126851078,08131595943,voice,652,0.0,2026-05-05 15:51:12,Denpasar,DPS-001,dropped
4676,08129152462,08132145049,voice,283,0.0,2026-05-05 15:53:12,Denpasar,DPS-001,dropped
4677,08125916355,08134141852,voice,559,0.0,2026-05-05 16:19:12,Denpasar,DPS-003,dropped
4678,08124007520,08132145049,voice,104,0.0,2026-05-05 16:28:12,Denpasar,DPS-002,failed
4679,08123722577,08139434563,voice,595,0.0,2026-05-05 16:34:12,Denpasar,DPS-006,dropped
4680,08121476478,08138670118,data,0,4288.9,2026-05-05 17:04:12,Denpasar,DPS-006,dropped
4681,08123502196,08134492186,voice,337,0.0,2026-05-05 17:49:12,Denpasar,DPS-004,failed
4682,08126409986,08134492186,voice,317,0.0,2026-05-05 18:07:43,Makassar,MKS-003,completed
4683,08127232704,08138120117,voice,536,0.0,2026-05-05 19:01:12,Denpasar,DPS-003,failed
4684,08122153038,08132546588,voice,420,0.0,2026-05-05 19:15:37,Balikpapan,BPN-004,completed
4685,08122713684,08132745116,voice,224,0.0,2026-05-05 21:14:28,Jakarta,JKT-006,completed
4686,08127603074,08134116449,voice,214,0.0,2026-05-05 22:57:04,Medan,MDN-001,completed
4687,08124007520,08133550005,voice,28,0.0,2026-05-05 23:54:37,Surabaya,SBY-004,completed
4688,08128310846,08131595943,sms,0,0.0,2026-05-06 00:03:35,Denpasar,DPS-006,completed
4689,08121626747,08136444787,voice,390,0.0,2026-05-06 02:10:34,Balikpapan,BPN-005,completed
4690,08127603074,08131889916,data,0,3028.7,2026-05-06 05:11:21,Medan,MDN-001,completed
4691,08123861273,08136475969,voice,711,0.0,2026-05-06 05:31:46,Denpasar,DPS-005,completed
4692,08122534297,08132904772,voice,92,0.0,2026-05-06 07:29:22,Jakarta,JKT-003,completed
4693,08122153038,08137966871,voice,216,0.0,2026-05-06 07:33:42,Denpasar,DPS-004,completed
4694,08122102236,08131312961,data,0,1636.4,2026-05-06 14:15:03,Makassar,MKS-004,completed
4695,08129329387,08139516217,voice,294,0.0,2026-05-06 20:28:52,Yogyakarta,YOG-006,completed
4696,08122561951,08139238095,voice,332,0.0,2026-05-06 22:18:56,Semarang,SMG-005,completed
4697,08123819221,08138153511,sms,0,0.0,2026-05-07 00:47:30,Jakarta,JKT-003,failed
4698,08125085916,08136444787,voice,54,0.0,2026-05-07 00:52:58,Balikpapan,BPN-006,completed
4699,08123727379,08133783250,voice,516,0.0,2026-05-07 01:31:30,Jakarta,JKT-001,dropped
4700,08129996828,08131278077,sms,0,0.0,2026-05-07 01:36:30,Jakarta,JKT-004,failed
4701,08121337099,08131538795,voice,241,0.0,2026-05-07 01:43:45,Makassar,MKS-003,completed
4702,08123755069,08131140163,voice,63,0.0,2026-05-07 01:52:39,Makassar,MKS-003,completed
4703,08121626747,08138670118,voice,567,0.0,2026-05-07 01:57:30,Jakarta,JKT-003,failed
4704,08128753866,08131889916,voice,274,0.0,2026-05-07 02:12:07,Yogyakarta,YOG-001,completed
4705,08125737520,08135677762,voice,333,0.0,2026-05-07 03:02:30,Jakarta,JKT-001,dropped
4706,08121337099,08132310425,sms,0,0.0,2026-05-07 03:14:30,Jakarta,JKT-003,failed
4707,08125737520,08132310425,voice,638,0.0,2026-05-07 03:24:30,Jakarta,JKT-003,failed
4708,08128310846,08131595943,data,0,3965.2,2026-05-07 03:27:30,Jakarta,JKT-002,dropped
4709,08124028773,08131278077,voice,209,0.0,2026-05-07 03:51:30,Jakarta,JKT-002,dropped
4710,08128809498,08131723779,voice,566,0.0,2026-05-07 04:22:30,Jakarta,JKT-001,dropped
4711,08127803551,08134141852,voice,450,0.0,2026-05-07 04:22:30,Jakarta,JKT-001,dropped
4712,08126705235,08131369129,sms,0,0.0,2026-05-07 04:25:30,Jakarta,JKT-002,dropped
4713,08121899899,08138670118,voice,448,0.0,2026-05-07 04:30:30,Jakarta,JKT-005,dropped
4714,08128753866,08131723779,voice,311,0.0,2026-05-07 04:47:30,Jakarta,JKT-001,failed
4715,08121291312,08133773951,sms,0,0.0,2026-05-07 05:06:24,Medan,MDN-004,completed
4716,08126409986,08133783250,voice,394,0.0,2026-05-07 05:09:30,Jakarta,JKT-002,dropped
4717,08127009027,08138670118,voice,353,0.0,2026-05-07 05:17:30,Jakarta,JKT-006,dropped
4718,08123722577,08134400368,sms,0,0.0,2026-05-07 05:18:30,Jakarta,JKT-004,failed
4719,08121040858,08139434563,voice,709,0.0,2026-05-07 05:32:30,Jakarta,JKT-004,failed
4720,08123502196,08134309599,sms,0,0.0,2026-05-07 05:53:30,Jakarta,JKT-002,dropped
4721,08128809498,08132686161,voice,177,0.0,2026-05-07 05:53:30,Jakarta,JKT-004,failed
4722,08121476478,08134086463,data,0,2115.8,2026-05-07 05:54:30,Jakarta,JKT-004,failed
4723,08124028773,08131312961,voice,69,0.0,2026-05-07 05:54:30,Jakarta,JKT-003,failed
4724,08129329387,08136757515,data,0,2908.2,2026-05-07 06:08:30,Jakarta,JKT-001,dropped
4725,08125085916,08139434563,sms,0,0.0,2026-05-07 06:13:30,Jakarta,JKT-002,dropped
4726,08127232704,08131931137,voice,54,0.0,2026-05-07 06:24:30,Jakarta,JKT-003,failed
4727,08125737520,08131140163,voice,398,0.0,2026-05-07 07:00:30,Jakarta,JKT-002,dropped
4728,08128310846,08132145049,voice,192,0.0,2026-05-07 07:04:09,Balikpapan,BPN-006,completed
4729,08121040858,08136179863,sms,0,0.0,2026-05-07 07:47:30,Jakarta,JKT-003,dropped
4730,08127803551,08133783250,sms,0,0.0,2026-05-07 09:11:59,Yogyakarta,YOG-003,completed
4731,08123722577,08134400368,voice,308,0.0,2026-05-07 11:14:03,Bandung,BDG-005,completed
4732,08123502196,08133550005,voice,701,0.0,2026-05-07 12:30:25,Jakarta,JKT-005,completed
4733,08125737520,08133550005,data,0,1539.7,2026-05-07 13:14:21,Yogyakarta,YOG-006,completed
4734,08121078308,08133171407,data,0,3827.4,2026-05-07 15:48:36,Surabaya,SBY-003,completed
4735,08121291312,08131538795,sms,0,0.0,2026-05-07 20:21:27,Bandung,BDG-005,completed
4736,08125085916,08139238095,voice,336,0.0,2026-05-07 20:36:07,Balikpapan,BPN-002,completed
4737,08125737520,08132091000,voice,650,0.0,2026-05-07 23:16:00,Palembang,PLM-001,completed
4738,08128682106,08136179863,voice,445,0.0,2026-05-07 23:35:50,Bandung,BDG-006,completed
4739,08122713684,08131595943,voice,468,0.0,2026-05-08 00:01:06,Jakarta,JKT-005,completed
4740,08126851078,08133773951,voice,400,0.0,2026-05-08 01:10:00,Makassar,MKS-006,completed
4741,08129282643,08132546588,voice,407,0.0,2026-05-08 03:22:30,Bandung,BDG-002,completed
4742,08128682106,08133783250,data,0,3239.0,2026-05-08 04:42:44,Medan,MDN-004,completed
4743,08122480627,08136757515,voice,158,0.0,2026-05-08 06:29:55,Makassar,MKS-002,completed
4744,08127772864,08136757515,sms,0,0.0,2026-05-08 08:17:54,Bandung,BDG-002,dropped
4745,08125085916,08133171407,data,0,1152.4,2026-05-08 09:34:54,Bandung,BDG-001,failed
4746,08129996828,08134492186,voice,573,0.0,2026-05-08 10:25:54,Bandung,BDG-004,failed
4747,08128809498,08138153511,voice,418,0.0,2026-05-08 10:33:54,Bandung,BDG-001,dropped
4748,08129152462,08136475969,voice,230,0.0,2026-05-08 10:39:54,Bandung,BDG-006,dropped
4749,08126705235,08136146599,voice,517,0.0,2026-05-08 10:40:54,Bandung,BDG-002,dropped
4750,08123340178,08135108727,data,0,1605.4,2026-05-08 10:43:54,Bandung,BDG-003,dropped
4751,08121476478,08134141852,data,0,2805.7,2026-05-08 10:44:54,Bandung,BDG-003,failed
4752,08124028773,08131723779,voice,182,0.0,2026-05-08 10:54:54,Bandung,BDG-003,failed
4753,08129152462,08134309599,sms,0,0.0,2026-05-08 11:17:17,Jakarta,JKT-004,completed
4754,08121040858,08139238095,voice,599,0.0,2026-05-08 11:23:54,Bandung,BDG-005,failed
4755,08129373756,08132091000,voice,411,0.0,2026-05-08 11:27:54,Bandung,BDG-004,dropped
4756,08129221446,08138670118,voice,366,0.0,2026-05-08 11:44:54,Bandung,BDG-003,failed
4757,08128682106,08131140163,voice,68,0.0,2026-05-08 11:52:37,Palembang,PLM-002,completed
4758,08122480627,08136757515,sms,0,0.0,2026-05-08 11:59:54,Bandung,BDG-006,dropped
4759,08122480627,08133773951,voice,571,0.0,2026-05-08 12:12:54,Bandung,BDG-005,failed
4760,08125737520,08135108727,data,0,138.2,2026-05-08 12:17:54,Bandung,BDG-003,failed
4761,08122713684,08133773951,voice,237,0.0,2026-05-08 12:18:54,Bandung,BDG-006,dropped
4762,08129221446,08139434563,voice,242,0.0,2026-05-08 12:30:54,Bandung,BDG-004,dropped
4763,08126351163,08136146599,sms,0,0.0,2026-05-08 12:46:54,Bandung,BDG-003,dropped
4764,08126851078,08134116449,data,0,3880.4,2026-05-08 12:50:54,Bandung,BDG-002,dropped
4765,08123819221,08134492186,data,0,186.8,2026-05-08 12:55:54,Bandung,BDG-004,dropped
4766,08123359932,08131723779,sms,0,0.0,2026-05-08 13:05:48,Medan,MDN-002,completed
4767,08123819221,08133773951,voice,182,0.0,2026-05-08 13:26:54,Bandung,BDG-002,dropped
4768,08121899899,08134086463,data,0,3292.5,2026-05-08 13:27:54,Bandung,BDG-001,dropped
4769,08122561951,08138245839,voice,192,0.0,2026-05-08 13:36:40,Semarang,SMG-002,completed
4770,08126351163,08135256740,voice,266,0.0,2026-05-08 13:43:54,Bandung,BDG-002,dropped
4771,08126351163,08133171407,voice,75,0.0,2026-05-08 13:44:54,Bandung,BDG-005,dropped
4772,08123727379,08134400368,voice,371,0.0,2026-05-08 14:19:54,Bandung,BDG-004,failed
4773,08123741962,08131411328,voice,438,0.0,2026-05-08 14:58:54,Bandung,BDG-001,failed
4774,08126705235,08132904772,sms,0,0.0,2026-05-08 16:48:43,Palembang,PLM-001,completed
4775,08121078308,08135677762,voice,201,0.0,2026-05-08 16:55:44,Yogyakarta,YOG-003,completed
4776,08128682106,08139434563,voice,368,0.0,2026-05-08 16:57:54,Bandung,BDG-002,dropped
4777,08122480627,08134086463,data,0,247.8,2026-05-08 20:25:55,Balikpapan,BPN-005,completed
4778,08126705235,08131411328,sms,0,0.0,2026-05-09 00:57:28,Bandung,BDG-004,completed
4779,08126409986,08131595943,voice,250,0.0,2026-05-09 01:16:11,Balikpapan,BPN-005,completed
4780,08123727379,08136179863,voice,432,0.0,2026-05-09 03:17:51,Medan,MDN-003,completed
4781,08128753866,08132745116,sms,0,0.0,2026-05-09 03:27:44,Jakarta,JKT-006,completed
4782,08126705235,08134309599,data,0,763.7,2026-05-09 05:18:00,Jakarta,JKT-001,completed
4783,08127009027,08138245839,data,0,4828.0,2026-05-09 06:16:48,Yogyakarta,YOG-002,completed
4784,08128682106,08136054797,sms,0,0.0,2026-05-09 06:29:29,Palembang,PLM-001,completed
4785,08122713684,08133550005,voice,589,0.0,2026-05-09 06:49:36,Semarang,SMG-005,completed
4786,08123861273,08131723779,data,0,1290.9,2026-05-09 08:04:34,Jakarta,JKT-003,completed
4787,08126705235,08136475969,data,0,2658.4,2026-05-09 09:21:06,Denpasar,DPS-002,completed
4788,08128310846,08131889916,voice,475,0.0,2026-05-09 13:04:21,Surabaya,SBY-004,completed
4789,08124028773,08133617221,voice,619,0.0,2026-05-09 13:29:08,Denpasar,DPS-005,completed
4790,08122713684,08136475969,data,0,1889.2,2026-05-09 13:38:56,Bandung,BDG-002,completed
4791,08128682106,08136054797,sms,0,0.0,2026-05-09 14:48:06,Makassar,MKS-004,completed
4792,08123727379,08132904772,sms,0,0.0,2026-05-09 17:13:55,Medan,MDN-001,completed
4793,08127603074,08139238095,voice,631,0.0,2026-05-09 17:14:23,Palembang,PLM-006,completed
4794,08123359932,08132145049,data,0,1811.5,2026-05-09 17:46:18,Bandung,BDG-005,completed
4795,08125085916,08134116449,sms,0,0.0,2026-05-09 18:32:58,Jakarta,JKT-003,completed
4796,08125085916,08134445123,voice,648,0.0,2026-05-09 20:46:40,Jakarta,JKT-004,completed
4797,08123741962,08134309599,sms,0,0.0,2026-05-09 22:17:34,Denpasar,DPS-004,completed
4798,08125085916,08139434563,voice,252,0.0,2026-05-09 23:39:29,Surabaya,SBY-003,completed
4799,08123727379,08132353532,voice,172,0.0,2026-05-09 23:44:49,Balikpapan,BPN-001,completed
4800,08121078308,08132091000,sms,0,0.0,2026-05-10 00:39:18,Yogyakarta,YOG-003,completed
4801,08123741962,08131595943,voice,720,0.0,2026-05-10 02:18:09,Surabaya,SBY-003,completed
4802,08125085916,08131140163,voice,508,0.0,2026-05-10 08:00:49,Yogyakarta,YOG-006,completed
4803,08129373756,08132091000,data,0,261.5,2026-05-10 12:48:26,Bandung,BDG-002,completed
4804,08123819221,08139434563,voice,295,0.0,2026-05-10 14:01:29,Denpasar,DPS-001,completed
4805,08129996828,08131538795,voice,128,0.0,2026-05-10 14:31:07,Medan,MDN-006,completed
4806,08121626747,08139238095,voice,139,0.0,2026-05-10 14:34:02,Makassar,MKS-006,completed
4807,08128682106,08132353532,voice,164,0.0,2026-05-10 16:02:50,Medan,MDN-006,completed
4808,08126851078,08131538795,voice,220,0.0,2026-05-10 17:07:16,Bandung,BDG-005,completed
4809,08125916355,08131931137,voice,689,0.0,2026-05-10 17:48:58,Denpasar,DPS-002,completed
4810,08121899899,08133783250,sms,0,0.0,2026-05-10 20:15:44,Medan,MDN-003,completed
4811,08122713684,08134141852,voice,500,0.0,2026-05-10 20:35:32,Semarang,SMG-001,completed
4812,08127772864,08139516217,sms,0,0.0,2026-05-10 20:48:01,Balikpapan,BPN-004,completed
4813,08124193747,08131723779,data,0,800.8,2026-05-10 23:53:11,Bandung,BDG-006,completed
4814,08129329387,08138153511,sms,0,0.0,2026-05-11 01:10:02,Denpasar,DPS-002,completed
4815,08127009027,08134309599,data,0,345.5,2026-05-11 02:00:45,Denpasar,DPS-002,completed
4816,08122153038,08135677762,data,0,4298.5,2026-05-11 02:59:53,Semarang,SMG-002,dropped
4817,08123819221,08133773951,voice,303,0.0,2026-05-11 03:40:30,Yogyakarta,YOG-002,completed
4818,08121291312,08135108727,data,0,1353.2,2026-05-11 04:56:53,Semarang,SMG-005,dropped
4819,08122561951,08131312961,voice,96,0.0,2026-05-11 05:27:53,Semarang,SMG-004,failed
4820,08127772864,08136146599,voice,563,0.0,2026-05-11 06:15:53,Semarang,SMG-004,failed
4821,08123819221,08132353532,voice,470,0.0,2026-05-11 06:33:53,Semarang,SMG-002,dropped
4822,08127009027,08133773951,voice,384,0.0,2026-05-11 06:35:32,Surabaya,SBY-003,completed
4823,08126351163,08136475969,voice,125,0.0,2026-05-11 06:36:11,Balikpapan,BPN-006,completed
4824,08123722577,08133783250,voice,559,0.0,2026-05-11 06:54:53,Semarang,SMG-003,dropped
4825,08129996828,08133773951,voice,565,0.0,2026-05-11 07:11:53,Semarang,SMG-004,failed
4826,08127232704,08133171407,voice,698,0.0,2026-05-11 07:12:53,Semarang,SMG-002,dropped
4827,08123755069,08131140163,voice,302,0.0,2026-05-11 08:13:53,Semarang,SMG-004,dropped
4828,08127232704,08131312961,data,0,2851.9,2026-05-11 08:32:53,Semarang,SMG-001,failed
4829,08126409986,08138556704,voice,460,0.0,2026-05-11 08:41:53,Semarang,SMG-002,dropped
4830,08128682106,08136444787,voice,150,0.0,2026-05-11 08:43:53,Semarang,SMG-005,failed
4831,08122102236,08131538795,voice,445,0.0,2026-05-11 09:21:53,Semarang,SMG-002,dropped
4832,08123755069,08135256740,data,0,2753.7,2026-05-11 09:38:53,Semarang,SMG-005,failed
4833,08124028773,08139434563,data,0,2194.2,2026-05-11 09:55:53,Semarang,SMG-001,dropped
4834,08122534297,08133550005,voice,627,0.0,2026-05-11 09:59:53,Semarang,SMG-002,dropped
4835,08127009027,08131369129,sms,0,0.0,2026-05-11 10:00:53,Semarang,SMG-002,dropped
4836,08123359932,08131723779,sms,0,0.0,2026-05-11 10:18:53,Semarang,SMG-002,failed
4837,08123741962,08139434563,voice,95,0.0,2026-05-11 10:51:24,Bandung,BDG-006,completed
4838,08127803551,08131723779,voice,322,0.0,2026-05-11 11:14:53,Semarang,SMG-005,failed
4839,08123755069,08138670118,voice,689,0.0,2026-05-11 11:18:53,Semarang,SMG-001,dropped
4840,08127772864,08132686161,sms,0,0.0,2026-05-11 13:25:04,Balikpapan,BPN-001,completed
4841,08127232704,08139238095,sms,0,0.0,2026-05-11 14:16:46,Jakarta,JKT-006,completed
4842,08129373756,08134445123,sms,0,0.0,2026-05-11 15:08:41,Jakarta,JKT-004,completed
4843,08122480627,08138556704,voice,323,0.0,2026-05-11 15:34:02,Bandung,BDG-001,completed
4844,08121899899,08137966871,sms,0,0.0,2026-05-11 15:59:44,Surabaya,SBY-001,completed
4845,08123741962,08132686161,voice,595,0.0,2026-05-11 16:08:28,Jakarta,JKT-005,completed
4846,08123819221,08132310425,voice,398,0.0,2026-05-11 17:45:47,Makassar,MKS-004,failed
4847,08122561951,08132160948,sms,0,0.0,2026-05-11 18:11:53,Semarang,SMG-006,completed
4848,08128682106,08138245839,voice,184,0.0,2026-05-11 18:31:47,Makassar,MKS-001,dropped
4849,08121078308,08135108727,data,0,202.1,2026-05-11 18:36:47,Makassar,MKS-002,failed
4850,08123502196,08134141852,voice,718,0.0,2026-05-11 18:40:47,Makassar,MKS-002,failed
4851,08128753866,08135528971,data,0,1591.4,2026-05-11 18:47:47,Makassar,MKS-001,dropped
4852,08123755069,08136757515,voice,213,0.0,2026-05-11 18:51:04,Denpasar,DPS-004,completed
4853,08121337099,08132904772,voice,649,0.0,2026-05-11 19:02:47,Makassar,MKS-005,failed
4854,08122102236,08136179863,sms,0,0.0,2026-05-11 19:53:47,Makassar,MKS-006,dropped
4855,08126351163,08131538795,voice,65,0.0,2026-05-11 19:55:58,Balikpapan,BPN-003,completed
4856,08129152462,08138245839,data,0,3153.5,2026-05-11 20:38:47,Makassar,MKS-002,dropped
4857,08124193747,08135528971,voice,275,0.0,2026-05-11 20:44:47,Makassar,MKS-002,dropped
4858,08124007520,08132353532,voice,33,0.0,2026-05-11 20:59:47,Makassar,MKS-003,dropped
4859,08121337099,08132353532,voice,289,0.0,2026-05-11 21:21:47,Makassar,MKS-002,dropped
4860,08123819221,08132546588,data,0,2154.4,2026-05-11 21:23:47,Makassar,MKS-003,failed
4861,08126851078,08138670118,voice,167,0.0,2026-05-11 21:30:47,Makassar,MKS-004,dropped
4862,08122713684,08135677762,voice,302,0.0,2026-05-11 21:32:47,Makassar,MKS-005,failed
4863,08124007520,08131723779,data,0,4240.0,2026-05-11 21:48:47,Makassar,MKS-001,dropped
4864,08123727379,08138245839,voice,377,0.0,2026-05-11 21:55:47,Makassar,MKS-003,failed
4865,08123819221,08138153511,data,0,4119.0,2026-05-11 22:59:43,Jakarta,JKT-005,completed
4866,08125085916,08136444787,voice,522,0.0,2026-05-11 23:22:47,Makassar,MKS-004,dropped
4867,08129329387,08132353532,data,0,1842.7,2026-05-11 23:28:47,Makassar,MKS-002,dropped
4868,08125085916,08136757515,data,0,1028.1,2026-05-11 23:50:25,Denpasar,DPS-006,completed
4869,08129152462,08134492186,sms,0,0.0,2026-05-12 01:17:47,Makassar,MKS-003,dropped
4870,08121040858,08132686161,data,0,2386.2,2026-05-12 01:18:17,Surabaya,SBY-005,completed
4871,08127803551,08134400368,data,0,4116.2,2026-05-12 06:19:26,Surabaya,SBY-002,completed
4872,08126851078,08134309599,voice,643,0.0,2026-05-12 06:20:31,Jakarta,JKT-003,completed
4873,08122480627,08133617221,voice,228,0.0,2026-05-12 06:30:42,Bandung,BDG-006,completed
4874,08129152462,08132353532,sms,0,0.0,2026-05-12 06:40:23,Semarang,SMG-005,completed
4875,08123359932,08136054797,data,0,702.6,2026-05-12 07:09:52,Palembang,PLM-005,completed
4876,08126851078,08134492186,data,0,632.9,2026-05-12 07:47:38,Jakarta,JKT-002,completed
4877,08127603074,08136444787,data,0,513.5,2026-05-12 09:12:04,Bandung,BDG-006,completed
4878,08127129850,08139434563,data,0,4153.1,2026-05-12 10:48:06,Denpasar,DPS-004,completed
4879,08122713684,08131312961,voice,535,0.0,2026-05-12 10:53:30,Makassar,MKS-004,completed
4880,08129152462,08131723779,voice,561,0.0,2026-05-12 13:07:29,Palembang,PLM-001,completed
4881,08128310846,08139238095,voice,456,0.0,2026-05-12 13:15:15,Bandung,BDG-004,completed
4882,08121078308,08136179863,data,0,3609.7,2026-05-12 13:58:48,Palembang,PLM-004,completed
4883,08125737520,08132160948,data,0,3878.4,2026-05-12 15:30:05,Denpasar,DPS-002,completed
4884,08123010002,08134116449,voice,313,0.0,2026-05-12 19:01:55,Jakarta,JKT-001,completed
4885,08123755069,08132353532,voice,265,0.0,2026-05-12 19:49:38,Palembang,PLM-006,completed
4886,08123819221,08139434563,voice,218,0.0,2026-05-12 20:45:30,Medan,MDN-004,completed
4887,08123861273,08134445123,data,0,724.4,2026-05-12 21:21:01,Surabaya,SBY-004,completed
4888,08127232704,08134086463,data,0,1777.3,2026-05-12 22:02:00,Yogyakarta,YOG-004,completed
4889,08122480627,08132745116,voice,436,0.0,2026-05-12 23:39:44,Denpasar,DPS-003,completed
4890,08124007520,08133617221,voice,593,0.0,2026-05-13 01:40:23,Bandung,BDG-002,completed
4891,08127772864,08133171407,sms,0,0.0,2026-05-13 02:47:32,Semarang,SMG-006,completed
4892,08127603074,08132160948,data,0,3531.3,2026-05-13 05:40:08,Bandung,BDG-001,completed
4893,08129329387,08131538795,voice,602,0.0,2026-05-13 05:52:52,Surabaya,SBY-005,completed
4894,08125085916,08131140163,data,0,1555.0,2026-05-13 07:18:19,Bandung,BDG-005,completed
4895,08129282643,08134116449,voice,153,0.0,2026-05-13 07:51:24,Bandung,BDG-001,completed
4896,08127009027,08132145049,sms,0,0.0,2026-05-13 07:57:41,Bandung,BDG-004,completed
4897,08126781597,08139516217,voice,684,0.0,2026-05-13 08:21:14,Semarang,SMG-004,completed
4898,08123722577,08132310425,voice,521,0.0,2026-05-13 08:57:08,Medan,MDN-006,completed
4899,08127803551,08132310425,data,0,4288.4,2026-05-13 11:23:34,Denpasar,DPS-002,completed
4900,08124007520,08133773951,voice,39,0.0,2026-05-13 12:52:51,Semarang,SMG-005,completed
4901,08129282643,08131278077,voice,225,0.0,2026-05-13 15:59:38,Medan,MDN-004,completed
4902,08126409986,08133550005,voice,27,0.0,2026-05-13 16:05:08,Yogyakarta,YOG-004,completed
4903,08125085916,08136444787,voice,560,0.0,2026-05-13 17:57:39,Denpasar,DPS-006,completed
4904,08122534297,08132745116,voice,478,0.0,2026-05-13 18:16:45,Balikpapan,BPN-001,completed
4905,08125737520,08139516217,voice,611,0.0,2026-05-13 18:20:03,Bandung,BDG-003,completed
4906,08129996828,08131595943,voice,201,0.0,2026-05-13 19:26:18,Denpasar,DPS-005,completed
4907,08123861273,08131595943,voice,301,0.0,2026-05-13 19:53:21,Semarang,SMG-002,completed
4908,08121899899,08134400368,data,0,818.8,2026-05-13 20:54:54,Semarang,SMG-005,completed
4909,08127772864,08138556704,data,0,103.7,2026-05-13 21:06:36,Jakarta,JKT-004,completed
4910,08126851078,08136475969,voice,150,0.0,2026-05-13 23:39:17,Denpasar,DPS-003,completed
4911,08123741962,08131723779,voice,25,0.0,2026-05-14 03:23:22,Jakarta,JKT-001,completed
4912,08124193747,08138120117,voice,444,0.0,2026-05-14 04:28:53,Balikpapan,BPN-004,completed
4913,08127603074,08134445123,data,0,308.2,2026-05-14 06:41:16,Medan,MDN-003,completed
4914,08122102236,08132745116,data,0,3384.0,2026-05-14 06:48:11,Palembang,PLM-005,completed
4915,08127772864,08131411328,data,0,2052.7,2026-05-14 06:49:58,Makassar,MKS-006,completed
4916,08122480627,08139516217,data,0,2631.2,2026-05-14 06:53:23,Surabaya,SBY-004,completed
4917,08127129850,08136146599,voice,585,0.0,2026-05-14 08:25:01,Semarang,SMG-006,completed
4918,08122561951,08131538795,data,0,1875.4,2026-05-14 09:10:59,Medan,MDN-005,completed
4919,08124028773,08133171407,voice,461,0.0,2026-05-14 11:13:59,Semarang,SMG-003,completed
4920,08123741962,08132546588,voice,569,0.0,2026-05-14 11:52:41,Balikpapan,BPN-001,completed
4921,08123010002,08131538795,voice,485,0.0,2026-05-14 13:57:10,Semarang,SMG-004,completed
4922,08127803551,08131140163,voice,101,0.0,2026-05-14 14:57:04,Medan,MDN-005,completed
4923,08121291312,08136757515,voice,167,0.0,2026-05-14 15:43:12,Denpasar,DPS-003,completed
4924,08124007520,08134492186,voice,113,0.0,2026-05-14 15:56:48,Makassar,MKS-002,completed
4925,08125916355,08134400368,voice,583,0.0,2026-05-14 16:42:32,Palembang,PLM-004,completed
4926,08127603074,08134445123,sms,0,0.0,2026-05-14 18:45:58,Makassar,MKS-004,completed
4927,08122102236,08131538795,data,0,254.7,2026-05-14 19:55:25,Denpasar,DPS-005,completed
4928,08129373756,08132145049,sms,0,0.0,2026-05-14 20:37:19,Yogyakarta,YOG-003,completed
4929,08126851078,08135677762,voice,185,0.0,2026-05-15 01:15:46,Makassar,MKS-001,dropped
4930,08121476478,08134116449,sms,0,0.0,2026-05-15 01:57:48,Surabaya,SBY-002,completed
4931,08129373756,08138556704,sms,0,0.0,2026-05-15 02:06:46,Makassar,MKS-002,dropped
4932,08123727379,08134400368,voice,249,0.0,2026-05-15 02:09:46,Makassar,MKS-001,dropped
4933,08122561951,08138120117,sms,0,0.0,2026-05-15 02:40:46,Makassar,MKS-005,failed
4934,08124007520,08132145049,data,0,4602.9,2026-05-15 02:44:46,Makassar,MKS-004,dropped
4935,08123340178,08132160948,voice,491,0.0,2026-05-15 02:46:46,Makassar,MKS-004,failed
4936,08129282643,08135528971,data,0,2194.9,2026-05-15 03:07:46,Makassar,MKS-001,dropped
4937,08124028773,08132745116,voice,94,0.0,2026-05-15 03:09:46,Makassar,MKS-005,failed
4938,08127772864,08132745116,voice,274,0.0,2026-05-15 03:11:46,Makassar,MKS-003,dropped
4939,08123861273,08133171407,sms,0,0.0,2026-05-15 03:52:33,Yogyakarta,YOG-004,completed
4940,08129373756,08132686161,voice,289,0.0,2026-05-15 03:53:46,Makassar,MKS-001,dropped
4941,08125085916,08138245839,voice,287,0.0,2026-05-15 03:53:46,Makassar,MKS-004,dropped
4942,08124193747,08132091000,data,0,1416.7,2026-05-15 03:59:46,Makassar,MKS-005,failed
4943,08125737520,08132091000,sms,0,0.0,2026-05-15 04:22:46,Makassar,MKS-003,failed
4944,08122153038,08131595943,voice,44,0.0,2026-05-15 04:30:46,Makassar,MKS-001,dropped
4945,08127232704,08133773951,voice,518,0.0,2026-05-15 04:44:46,Makassar,MKS-002,dropped
4946,08121337099,08134309599,data,0,640.9,2026-05-15 04:54:46,Makassar,MKS-001,dropped
4947,08123722577,08139434563,voice,601,0.0,2026-05-15 04:57:46,Makassar,MKS-004,failed
4948,08127603074,08139516217,sms,0,0.0,2026-05-15 05:09:17,Bandung,BDG-004,completed
4949,08123861273,08131312961,data,0,1372.3,2026-05-15 05:30:46,Makassar,MKS-001,dropped
4950,08126851078,08135528971,data,0,1477.0,2026-05-15 05:45:46,Makassar,MKS-001,failed
4951,08124193747,08131278077,voice,653,0.0,2026-05-15 05:51:46,Makassar,MKS-003,failed
4952,08128753866,08132546588,voice,703,0.0,2026-05-15 05:53:46,Makassar,MKS-002,dropped
4953,08124193747,08138556704,voice,433,0.0,2026-05-15 06:09:46,Makassar,MKS-005,failed
4954,08126705235,08135528971,voice,437,0.0,2026-05-15 06:13:46,Makassar,MKS-002,dropped
4955,08127009027,08133773951,data,0,74.4,2026-05-15 06:17:46,Makassar,MKS-004,failed
4956,08127772864,08131140163,voice,693,0.0,2026-05-15 07:19:46,Makassar,MKS-004,failed
4957,08126705235,08132546588,data,0,718.2,2026-05-15 10:25:30,Denpasar,DPS-001,completed
4958,08126351163,08131369129,data,0,3964.3,2026-05-15 14:03:47,Surabaya,SBY-002,completed
4959,08126409986,08137966871,voice,374,0.0,2026-05-15 16:19:27,Yogyakarta,YOG-004,completed
4960,08128310846,08134309599,voice,366,0.0,2026-05-15 17:10:08,Medan,MDN-005,completed
4961,08128682106,08132353532,data,0,1573.6,2026-05-15 18:08:08,Yogyakarta,YOG-005,completed
4962,08122102236,08136179863,voice,324,0.0,2026-05-15 21:59:27,Jakarta,JKT-001,completed
4963,08126705235,08139516217,data,0,3188.0,2026-05-16 00:28:17,Yogyakarta,YOG-005,completed
4964,08123741962,08134445123,voice,406,0.0,2026-05-16 01:54:57,Yogyakarta,YOG-001,completed
4965,08129996828,08135677762,sms,0,0.0,2026-05-16 02:23:47,Surabaya,SBY-004,completed
4966,08123727379,08135108727,data,0,906.0,2026-05-16 02:57:13,Balikpapan,BPN-002,completed
4967,08121337099,08135677762,voice,404,0.0,2026-05-16 06:24:13,Jakarta,JKT-005,completed
4968,08127129850,08131889916,voice,421,0.0,2026-05-16 07:04:46,Bandung,BDG-004,completed
4969,08126781597,08131538795,voice,465,0.0,2026-05-16 08:25:18,Jakarta,JKT-001,completed
4970,08126851078,08132745116,voice,293,0.0,2026-05-16 10:48:41,Yogyakarta,YOG-004,completed
4971,08123861273,08131278077,data,0,2619.0,2026-05-16 14:57:08,Yogyakarta,YOG-006,completed
4972,08129996828,08136475969,sms,0,0.0,2026-05-16 15:29:30,Medan,MDN-001,completed
4973,08129221446,08138245839,voice,503,0.0,2026-05-16 16:29:00,Makassar,MKS-003,completed
4974,08126851078,08135108727,data,0,96.8,2026-05-16 17:19:20,Denpasar,DPS-005,completed
4975,08129329387,08132310425,voice,137,0.0,2026-05-16 18:32:26,Palembang,PLM-005,completed
4976,08123819221,08136475969,voice,595,0.0,2026-05-16 19:21:12,Yogyakarta,YOG-002,completed
4977,08125737520,08135108727,data,0,3543.0,2026-05-16 19:57:37,Surabaya,SBY-004,completed
4978,08122534297,08134086463,voice,241,0.0,2026-05-16 22:55:18,Palembang,PLM-002,completed
4979,08129221446,08134309599,voice,292,0.0,2026-05-16 23:13:13,Jakarta,JKT-002,completed
4980,08129373756,08132686161,voice,304,0.0,2026-05-17 02:30:26,Semarang,SMG-004,completed
4981,08122534297,08136444787,data,0,2848.0,2026-05-17 02:36:39,Yogyakarta,YOG-006,completed
4982,08129221446,08131889916,data,0,4063.9,2026-05-17 03:02:18,Balikpapan,BPN-006,completed
4983,08129152462,08131889916,voice,355,0.0,2026-05-17 03:28:40,Surabaya,SBY-001,completed
4984,08122561951,08132145049,data,0,2416.9,2026-05-17 06:33:44,Bandung,BDG-005,completed
4985,08126409986,08133617221,voice,308,0.0,2026-05-17 08:49:29,Medan,MDN-002,completed
4986,08123755069,08138120117,voice,558,0.0,2026-05-17 09:45:59,Bandung,BDG-006,completed
4987,08129152462,08131931137,data,0,930.8,2026-05-17 10:19:53,Semarang,SMG-005,completed
4988,08128809498,08131140163,sms,0,0.0,2026-05-17 11:02:31,Balikpapan,BPN-003,completed
4989,08123819221,08136475969,voice,549,0.0,2026-05-17 11:53:51,Balikpapan,BPN-002,completed
4990,08122102236,08136444787,voice,315,0.0,2026-05-17 12:18:28,Yogyakarta,YOG-006,completed
4991,08129996828,08134116449,data,0,139.5,2026-05-17 13:17:57,Palembang,PLM-003,completed
4992,08126409986,08135528971,data,0,3067.7,2026-05-17 13:46:53,Surabaya,SBY-005,completed
4993,08122480627,08136179863,data,0,2993.1,2026-05-17 14:34:18,Palembang,PLM-002,completed
4994,08125085916,08132160948,voice,657,0.0,2026-05-17 18:59:38,Medan,MDN-005,completed
4995,08121291312,08132353532,voice,343,0.0,2026-05-17 20:39:50,Jakarta,JKT-002,completed
4996,08123861273,08131312961,sms,0,0.0,2026-05-17 22:09:49,Denpasar,DPS-005,completed
4997,08129329387,08132310425,sms,0,0.0,2026-05-17 22:47:01,Bandung,BDG-005,completed
4998,08127009027,08132160948,voice,574,0.0,2026-05-17 23:06:24,Makassar,MKS-001,completed
4999,08128809498,08139434563,voice,590,0.0,2026-05-17 23:20:17,Palembang,PLM-005,completed
5000,08126351163,08131140163,voice,353,0.0,2026-05-17 23:23:31,Surabaya,SBY-003,completed
